date,temperature_2m_max,temperature_2m_min,temperature_2m_mean,rain_sum,relative_humidity_2m_mean,pressure_msl_mean,wind_speed_10m_mean,wind_speed_10m_max
2013-12-31 18:30:00+00:00,16.272001,9.422,12.813664,0.0,77.983665,1021.30835,10.384059,13.513193
2014-01-01 18:30:00+00:00,17.472,5.6219997,10.830333,0.0,68.8758,1020.56256,11.5536585,14.007655
2014-01-02 18:30:00+00:00,18.422,5.022,11.376167,0.0,57.184414,1018.4666,8.079443,12.074766
2014-01-03 18:30:00+00:00,18.972,10.922,14.547001,0.0,61.881897,1016.22504,5.756682,7.8954163
2014-01-04 18:30:00+00:00,19.672,6.522,12.863667,0.0,72.518036,1014.7,6.2533627,9.504273
2014-01-05 18:30:00+00:00,18.172,5.3719997,11.482417,0.0,68.24637,1017.0334,8.349801,12.218805
2014-01-06 18:30:00+00:00,18.522001,7.972,12.322,0.0,65.252205,1017.96265,9.343116,10.97262
2014-01-07 18:30:00+00:00,18.472,4.772,11.70325,0.0,68.814926,1017.7583,6.5649853,9.028754
2014-01-08 18:30:00+00:00,18.522001,7.172,12.565751,0.0,67.663445,1016.7917,6.1352305,9.449572
2014-01-09 18:30:00+00:00,18.472,6.822,12.55325,0.0,68.72227,1016.42505,6.4505157,11.983188
2014-01-10 18:30:00+00:00,17.972,7.3719997,12.251168,0.0,68.473854,1019.00836,11.3068075,15.629971
2014-01-11 18:30:00+00:00,18.922,6.772,12.501168,0.0,72.11307,1021.06665,7.1353683,8.225035
2014-01-12 18:30:00+00:00,19.322,6.1219997,12.797002,0.0,68.35586,1019.946,5.711661,9.227524
2014-01-13 18:30:00+00:00,19.572,6.472,12.867835,0.0,75.20229,1017.37915,4.6946607,8.209263
2014-01-14 18:30:00+00:00,18.872002,7.1219997,13.036583,0.0,78.21152,1018.9626,5.0534887,9.107359
2014-01-15 18:30:00+00:00,18.172,5.422,12.832417,0.0,74.54939,1019.7336,4.6100287,8.049845
2014-01-16 18:30:00+00:00,17.572,10.922,14.30325,10.4,79.16998,1017.6958,8.407882,16.87398
2014-01-17 18:30:00+00:00,17.522001,10.822,13.624084,9.5,78.81101,1018.47076,7.4190598,12.43434
2014-01-18 18:30:00+00:00,16.772001,8.122,12.376167,0.1,86.600105,1023.95416,6.7586427,9.178235
2014-01-19 18:30:00+00:00,18.822,7.922,12.988666,0.0,82.499,1021.44995,7.2448215,9.028754
2014-01-20 18:30:00+00:00,15.522,11.972,13.497002,25.200003,91.14478,1020.4209,12.262478,15.281989
2014-01-21 18:30:00+00:00,16.422,11.822,13.771998,3.1000001,92.852196,1019.3916,9.830174,15.141414
2014-01-22 18:30:00+00:00,18.472,10.172,14.255333,0.0,84.445114,1020.9167,5.3270936,7.0911775
2014-01-23 18:30:00+00:00,18.522001,10.022,14.332419,0.0,76.71212,1019.3416,8.92892,13.392774
2014-01-24 18:30:00+00:00,18.072,7.772,12.713666,0.0,80.319695,1019.6958,9.246226,13.392774
2014-01-25 18:30:00+00:00,20.022001,9.822,14.032416,0.0,78.39559,1019.1291,10.542267,13.797913
2014-01-26 18:30:00+00:00,21.422,9.272,14.738669,0.0,75.001114,1019.3291,11.52992,16.992609
2014-01-27 18:30:00+00:00,22.072,10.172,15.430335,0.0,72.795906,1017.29156,11.335401,14.917212
2014-01-28 18:30:00+00:00,22.072,9.822,15.474084,0.0,75.91357,1017.6458,5.5142617,10.041354
2014-01-29 18:30:00+00:00,21.472,11.222,15.572,0.0,78.76356,1019.11273,5.5554986,9.6932955
2014-01-30 18:30:00+00:00,20.072,8.072,13.717834,0.0,84.73173,1019.4043,5.335611,9.178235
2014-01-31 18:30:00+00:00,19.622002,7.722,13.890751,0.0,83.151924,1019.57916,5.640543,8.766573
2014-02-01 18:30:00+00:00,21.022001,7.772,14.092834,0.0,82.23993,1017.64154,4.9308124,8.825508
2014-02-02 18:30:00+00:00,24.572,8.522,16.876167,0.0,76.818085,1013.86255,7.314676,10.739832
2014-02-03 18:30:00+00:00,23.822,11.972,17.103249,0.0,79.251015,1011.47076,8.682508,12.496718
2014-02-04 18:30:00+00:00,22.322,11.322,16.594915,0.0,79.38738,1011.49164,7.2957187,9.504272
2014-02-05 18:30:00+00:00,23.522001,10.972,17.242832,0.5,78.4782,1011.37085,8.920119,14.904173
2014-02-06 18:30:00+00:00,24.622002,14.222,18.176165,0.0,76.14439,1009.2165,14.410164,19.13426
2014-02-07 18:30:00+00:00,19.472,10.822,14.922,0.0,78.61837,1011.2292,10.141509,13.104198
2014-02-08 18:30:00+00:00,18.422,7.922,12.586585,0.0,66.93876,1011.9709,11.517558,17.84816
2014-02-09 18:30:00+00:00,18.622002,4.772,12.163666,0.0,62.820004,1012.27515,7.109812,10.105681
2014-02-10 18:30:00+00:00,19.922,6.072,12.799084,0.0,65.17734,1013.33746,6.722403,10.195057
2014-02-11 18:30:00+00:00,19.722,6.722,12.9261675,0.0,64.26118,1013.74164,10.073081,14.336861
2014-02-12 18:30:00+00:00,19.372002,5.672,12.682416,1.6,69.840675,1013.53326,7.428371,10.182337
2014-02-13 18:30:00+00:00,17.272001,10.022,13.492833,11.9,84.14373,1012.3,10.198594,19.008545
2014-02-14 18:30:00+00:00,18.372002,10.022,13.647002,0.0,80.72699,1012.14166,7.8223433,9.826088
2014-02-15 18:30:00+00:00,19.072,7.672,12.251167,0.0,76.88969,1015.39575,7.986793,17.283749
2014-02-16 18:30:00+00:00,19.922,8.122,13.505336,0.0,65.35978,1018.21246,13.829068,19.95972
2014-02-17 18:30:00+00:00,21.572,9.172,14.944919,0.0,60.7625,1017.83307,11.373235,17.974781
2014-02-18 18:30:00+00:00,21.372002,9.222,15.286582,0.0,65.95478,1016.76245,6.803425,10.137692
2014-02-19 18:30:00+00:00,22.572,9.072,15.669918,0.0,69.4263,1014.7124,7.5085406,10.296251
2014-02-20 18:30:00+00:00,22.872002,8.822,15.876167,0.1,72.8581,1014.3291,10.049568,15.192682
2014-02-21 18:30:00+00:00,20.822,12.222,16.299082,0.8,86.86093,1016.8374,6.5470786,11.304229
2014-02-22 18:30:00+00:00,21.422,10.922,15.611584,0.0,81.00492,1019.325,7.5655293,11.435313
2014-02-23 18:30:00+00:00,22.222,9.172,15.599084,0.0,69.65905,1019.03735,6.977575,9.0
2014-02-24 18:30:00+00:00,23.022001,8.972,16.442835,0.0,67.98404,1017.4541,5.2315598,9.255571
2014-02-25 18:30:00+00:00,24.122002,11.122,17.597,0.1,71.36789,1014.8208,7.179152,14.561099
2014-02-26 18:30:00+00:00,22.222,13.472,17.02825,3.4,83.960045,1013.4167,7.446314,12.181625
2014-02-27 18:30:00+00:00,20.322,13.222,15.853252,8.800001,89.24149,1012.9334,8.833606,13.450708
2014-02-28 18:30:00+00:00,18.172,12.722,14.980331,0.3,92.052795,1014.86664,4.2523637,7.7043357
2014-03-01 18:30:00+00:00,20.872002,10.622,14.899083,0.0,79.4295,1017.13745,7.3416953,11.720751
2014-03-02 18:30:00+00:00,23.272001,8.822,15.98867,0.0,69.88172,1016.7209,6.0666814,9.0
2014-03-03 18:30:00+00:00,24.372002,11.072,17.574083,0.0,66.81124,1016.5125,6.887546,10.00256
2014-03-04 18:30:00+00:00,24.522001,11.572,17.369917,2.0,71.13463,1016.32916,5.817219,12.287555
2014-03-05 18:30:00+00:00,23.772001,11.422,17.213667,0.0,73.47918,1016.44586,7.952345,10.009036
2014-03-06 18:30:00+00:00,24.772001,9.672,17.117834,0.0,61.712387,1017.0999,9.129743,13.276144
2014-03-07 18:30:00+00:00,25.772001,11.022,18.332415,0.0,62.680683,1017.5793,9.041618,13.513193
2014-03-08 18:30:00+00:00,27.122002,11.572,19.6345,0.1,65.15356,1015.24176,5.6171384,8.891343
2014-03-09 18:30:00+00:00,26.122002,14.872,20.019918,0.8,66.26155,1014.1748,11.105273,19.137648
2014-03-10 18:30:00+00:00,25.872002,14.922,19.122,26.199999,76.1448,1013.65826,16.241882,25.318008
2014-03-11 18:30:00+00:00,24.522001,14.022,18.90117,9.900001,74.492134,1016.4458,7.132422,11.592895
2014-03-12 18:30:00+00:00,24.622002,12.972,18.188667,0.0,66.737785,1016.69995,10.650095,13.891522
2014-03-13 18:30:00+00:00,25.322,10.872,18.207417,0.0,61.755543,1015.4583,7.9357314,11.183201
2014-03-14 18:30:00+00:00,27.322,10.872,19.899084,0.0,61.485027,1016.27496,5.6925807,10.446206
2014-03-15 18:30:00+00:00,29.922,13.022,21.461584,0.0,64.52604,1016.18335,8.0980425,11.4862
2014-03-16 18:30:00+00:00,31.622002,14.822,23.524086,0.6,61.891903,1012.50836,7.8478427,12.287555
2014-03-17 18:30:00+00:00,29.422,17.372002,23.090752,0.70000005,61.486454,1012.95404,9.887607,18.335276
2014-03-18 18:30:00+00:00,27.522001,14.572,20.680334,0.0,62.46875,1013.89594,11.195315,17.057314
2014-03-19 18:30:00+00:00,28.072,11.872,20.459501,0.0,56.69667,1011.61664,8.365516,12.7279215
2014-03-20 18:30:00+00:00,30.872002,15.971999,23.165749,0.0,52.222946,1007.8625,10.049567,14.408997
2014-03-21 18:30:00+00:00,29.822,15.922,23.122,0.6,56.56016,1007.0542,8.035855,11.720751
2014-03-22 18:30:00+00:00,26.822,15.372,21.34075,0.1,63.14989,1010.4333,10.224111,21.734581
2014-03-23 18:30:00+00:00,28.872002,16.972,22.511581,7.9,66.6589,1011.98334,8.475277,14.440443
2014-03-24 18:30:00+00:00,30.072,17.272001,23.772001,0.0,59.617573,1011.03754,7.434995,11.019764
2014-03-25 18:30:00+00:00,28.972,18.772001,23.642832,0.0,59.51544,1011.10834,8.718267,15.192682
2014-03-26 18:30:00+00:00,29.572,18.972,23.905333,0.0,61.2897,1012.08325,8.908073,12.313893
2014-03-27 18:30:00+00:00,29.822,17.222,23.349083,0.0,57.93745,1011.9666,9.664876,15.175612
2014-03-28 18:30:00+00:00,30.422,17.672,24.186583,0.0,56.008457,1011.6917,9.669708,13.237039
2014-03-29 18:30:00+00:00,30.172,17.722,23.432417,0.0,50.448227,1010.9292,13.47745,20.073025
2014-03-30 18:30:00+00:00,30.422,16.222,23.167833,0.0,42.242508,1009.03754,12.502561,18.504139
2014-03-31 18:30:00+00:00,31.622002,14.872,23.605333,0.0,42.661427,1007.2041,9.533708,16.434305
2014-04-01 18:30:00+00:00,33.522,17.772001,25.511583,0.1,43.92302,1005.8001,7.3461213,11.525623
2014-04-02 18:30:00+00:00,31.122002,16.872002,24.238665,0.0,48.469204,1010.72076,9.643266,16.80857
2014-04-03 18:30:00+00:00,32.472,16.672,24.803251,0.0,47.97366,1010.8,10.669217,18.723461
2014-04-04 18:30:00+00:00,33.672,18.522001,26.2595,0.0,47.787125,1009.75415,10.09738,15.03835
2014-04-05 18:30:00+00:00,36.622,18.772001,27.98034,0.0,45.75424,1007.8374,6.916374,10.137692
2014-04-06 18:30:00+00:00,33.622,21.172,27.207418,0.0,41.85631,1009.57495,10.305835,16.45007
2014-04-07 18:30:00+00:00,31.322,18.272001,24.613668,0.0,47.803905,1011.02484,12.271618,16.831684
2014-04-08 18:30:00+00:00,32.322002,16.772001,24.817835,0.0,36.123585,1010.89575,11.299703,17.0763
2014-04-09 18:30:00+00:00,33.272,17.172,25.515753,0.0,31.355988,1011.3,10.684447,17.477621
2014-04-10 18:30:00+00:00,35.022,16.872002,26.63867,0.0,31.419275,1009.57916,9.8702135,19.453327
2014-04-11 18:30:00+00:00,35.622,18.172,27.722,0.0,32.529522,1007.90424,7.4509187,14.440443
2014-04-12 18:30:00+00:00,34.072002,21.822,27.5595,0.1,29.286486,1009.3416,16.007835,23.803596
2014-04-13 18:30:00+00:00,34.422,19.872002,27.530329,0.1,37.5241,1011.2124,8.156196,14.24163
2014-04-14 18:30:00+00:00,35.122,20.922,28.20742,0.0,37.367268,1010.1333,6.232185,9.885262
2014-04-15 18:30:00+00:00,35.072002,22.272001,28.672003,0.4,35.163246,1008.8833,8.769349,16.299694
2014-04-16 18:30:00+00:00,32.522,19.822,26.638666,1.9000001,47.807983,1007.3125,9.611092,19.969458
2014-04-17 18:30:00+00:00,27.622002,20.522001,23.786585,7.7,60.1503,1010.6833,9.8105955,16.575644
2014-04-18 18:30:00+00:00,31.022001,19.772001,25.286581,0.1,61.281292,1011.3,5.8678703,11.966954
2014-04-19 18:30:00+00:00,33.172,18.322,26.04075,0.0,47.617382,1011.13745,6.763784,10.105681
2014-04-20 18:30:00+00:00,33.672,17.872002,26.238665,0.0,40.170902,1010.7957,9.101835,12.768586
2014-04-21 18:30:00+00:00,34.622,19.322,26.76783,0.0,40.096863,1012.6042,9.366863,16.87398
2014-04-22 18:30:00+00:00,34.372,20.972,27.717833,0.0,42.468483,1010.29584,8.184279,11.503113
2014-04-23 18:30:00+00:00,35.872,19.972,28.567833,0.0,40.783463,1007.24176,9.483404,15.03835
2014-04-24 18:30:00+00:00,37.722,20.522001,29.542837,0.7,36.876095,1006.9917,8.55962,14.113652
2014-04-25 18:30:00+00:00,37.922,21.722,30.147001,0.0,32.920643,1006.7917,7.919721,16.199999
2014-04-26 18:30:00+00:00,37.472,21.822,30.021997,0.0,29.31112,1007.9041,9.457373,13.551501
2014-04-27 18:30:00+00:00,38.672,21.272001,30.467827,0.0,27.83557,1007.0208,10.904343,19.914215
2014-04-28 18:30:00+00:00,40.572002,21.672,31.946999,0.0,28.210794,1005.0916,7.857914,12.783802
2014-04-29 18:30:00+00:00,41.422,22.872002,33.117832,0.0,26.66319,1004.61255,7.047195,13.217443
2014-04-30 18:30:00+00:00,42.172,23.322,33.18242,0.0,21.558472,1003.07086,8.511949,12.904882
2014-05-01 18:30:00+00:00,41.122,27.422,33.732418,0.5,18.588158,1002.4793,9.650099,13.441071
2014-05-02 18:30:00+00:00,37.572002,24.822,31.249079,0.5,32.079197,1004.17926,9.512387,15.629971
2014-05-03 18:30:00+00:00,37.822002,23.372002,31.290749,0.0,32.825287,1003.32513,7.1847653,10.990322
2014-05-04 18:30:00+00:00,36.972,24.522001,30.763666,0.3,39.486477,1005.6291,8.738337,14.512064
2014-05-05 18:30:00+00:00,34.422,24.922,29.276167,0.2,54.529835,1007.84174,9.34947,14.345898
2014-05-06 18:30:00+00:00,37.122,24.322,30.911583,0.0,47.601704,1005.8293,6.6510944,12.303366
2014-05-07 18:30:00+00:00,39.872,23.722,32.46783,0.0,33.31715,1003.52905,9.517376,19.734436
2014-05-08 18:30:00+00:00,39.072002,24.072,32.111584,0.0,24.849543,1001.65424,9.01744,13.70839
2014-05-09 18:30:00+00:00,37.972,22.572,31.197004,0.2,28.78406,1000.75,6.4866467,8.891343
2014-05-10 18:30:00+00:00,34.422,25.272001,29.742834,0.0,37.59395,1004.7541,9.724617,17.581125
2014-05-11 18:30:00+00:00,35.022,23.672,28.649084,1.8,48.841248,1005.625,8.013776,14.685176
2014-05-12 18:30:00+00:00,33.522,22.522001,28.309502,0.1,55.072033,1007.75415,7.8777657,11.988594
2014-05-13 18:30:00+00:00,34.272,22.572,29.151163,0.0,45.654484,1006.9958,10.258487,16.563911
2014-05-14 18:30:00+00:00,35.022,23.022001,29.203253,0.0,43.032307,1005.3709,10.767544,14.693999
2014-05-15 18:30:00+00:00,36.072002,23.972,30.357416,0.0,39.675484,1004.31244,10.0478,13.70839
2014-05-16 18:30:00+00:00,36.772,24.622002,31.124084,0.0,38.341587,1007.2708,11.353615,16.039202
2014-05-17 18:30:00+00:00,37.872,24.472,31.263666,0.0,36.21535,1007.7458,11.104435,17.87718
2014-05-18 18:30:00+00:00,38.072002,24.172,31.301168,0.0,32.263294,1007.7083,10.91269,17.22742
2014-05-19 18:30:00+00:00,38.622,24.422,31.703249,0.1,29.61142,1005.87915,9.907661,17.811815
2014-05-20 18:30:00+00:00,37.772,23.672,31.1845,0.0,30.986647,1003.9209,12.720081,20.808498
2014-05-21 18:30:00+00:00,40.322002,24.222,32.751163,0.0,29.411093,1000.9541,11.38601,19.770523
2014-05-22 18:30:00+00:00,42.672,25.772001,34.19075,0.0,27.792082,1000.1375,13.326145,21.252197
2014-05-23 18:30:00+00:00,40.122,25.372002,32.538662,1.0,39.049026,1003.81665,6.308483,11.177405
2014-05-24 18:30:00+00:00,38.322002,26.122002,31.499079,0.2,38.076103,1005.5501,8.362774,12.959999
2014-05-25 18:30:00+00:00,36.722,24.372002,31.051165,0.0,43.71625,1007.28326,8.4968,13.746156
2014-05-26 18:30:00+00:00,38.622,24.072,31.378252,0.7,41.06862,1005.6209,7.797482,15.273505
2014-05-27 18:30:00+00:00,41.322002,23.322,33.01575,0.0,32.46306,1002.5957,7.921661,15.617529
2014-05-28 18:30:00+00:00,42.022,24.322,33.899082,0.0,33.175037,1000.5042,6.0460434,9.178235
2014-05-29 18:30:00+00:00,42.722,27.322,34.903248,0.8000001,31.519037,999.8459,11.521634,17.87718
2014-05-30 18:30:00+00:00,42.472,27.872002,34.538666,1.4000001,38.13727,999.7583,8.923668,14.654254
2014-05-31 18:30:00+00:00,38.922,26.572,33.086582,0.0,40.21368,1003.07495,8.961742,15.379206
2014-06-01 18:30:00+00:00,40.572002,26.472,33.51992,0.0,42.658978,1003.4209,6.4391046,11.113451
2014-06-02 18:30:00+00:00,41.772,26.472,34.451164,0.0,29.48461,1001.0708,11.235463,18.328207
2014-06-03 18:30:00+00:00,42.522,26.172,35.042835,0.0,29.498297,999.3875,8.0601225,14.081477
2014-06-04 18:30:00+00:00,43.822002,26.822,35.901165,0.0,29.57459,997.5334,7.2624893,14.021525
2014-06-05 18:30:00+00:00,44.522,28.822,37.08867,0.0,24.6365,996.30835,11.652848,18.391737
2014-06-06 18:30:00+00:00,44.822002,29.922,37.653248,0.0,21.463667,995.05835,13.0169525,20.456745
2014-06-07 18:30:00+00:00,44.722,29.722,37.419918,0.0,19.574724,994.375,9.3201685,13.896187
2014-06-08 18:30:00+00:00,44.122,31.322,37.590748,0.0,23.6353,994.09576,9.112807,14.24163
2014-06-09 18:30:00+00:00,44.522,29.322,37.147,0.0,20.559324,995.66254,14.014183,19.272614
2014-06-10 18:30:00+00:00,43.472,31.322,37.069916,0.0,20.023142,996.52075,17.50326,26.61323
2014-06-11 18:30:00+00:00,42.022,30.872002,35.34075,0.8,32.92712,997.8999,18.64064,31.526215
2014-06-12 18:30:00+00:00,38.472,31.272001,34.611584,0.6,39.82062,997.4292,20.043465,29.68636
2014-06-13 18:30:00+00:00,39.322002,30.072,34.076164,0.6,41.691036,997.17914,12.07265,19.134262
2014-06-14 18:30:00+00:00,39.822002,31.422,34.990753,0.2,43.935307,997.5835,14.992953,22.101183
2014-06-15 18:30:00+00:00,41.022,32.122,36.163662,0.0,41.321873,996.9333,12.957417,20.858265
2014-06-16 18:30:00+00:00,41.972,33.272,36.957417,0.0,35.610195,995.53754,15.137593,25.161398
2014-06-17 18:30:00+00:00,40.622,32.922,36.282417,0.0,40.942852,995.0042,12.161288,19.05281
2014-06-18 18:30:00+00:00,40.622,30.022001,35.403248,0.0,45.982502,994.6709,10.348548,16.981165
2014-06-19 18:30:00+00:00,41.622,33.322002,37.261585,0.0,36.204735,992.9041,17.198393,24.703976
2014-06-20 18:30:00+00:00,40.772,32.622,36.772,0.0,34.822315,994.6792,14.761285,24.251284
2014-06-21 18:30:00+00:00,39.322002,30.622002,34.105335,2.1,45.639133,997.09576,11.660793,20.61766
2014-06-22 18:30:00+00:00,36.722,29.022001,33.096996,0.0,49.263477,997.6958,11.811707,23.532547
2014-06-23 18:30:00+00:00,37.222,28.972,33.217834,0.0,50.03261,996.1707,10.633608,18.25026
2014-06-24 18:30:00+00:00,36.272,28.372002,31.976168,2.8000002,57.66118,997.7959,6.7402854,9.659814
2014-06-25 18:30:00+00:00,37.422,27.372002,31.436584,3.0,61.237392,1001.2625,9.459755,14.168641
2014-06-26 18:30:00+00:00,38.872,28.472,33.917828,0.0,49.262905,1002.60425,8.5391,19.110542
2014-06-27 18:30:00+00:00,39.272,29.872002,34.461582,0.0,48.06247,1000.84174,10.114769,15.509274
2014-06-28 18:30:00+00:00,39.772,31.172,35.065746,0.0,42.00401,998.1418,10.701261,18.59845
2014-06-29 18:30:00+00:00,39.022,30.372002,33.963665,2.0,44.85345,998.1792,8.028551,15.84409
2014-06-30 18:30:00+00:00,36.772,29.072,33.0095,0.0,49.972202,1000.7542,6.580959,12.245294
2014-07-01 18:30:00+00:00,37.222,28.122002,32.326164,0.0,55.25902,1001.73737,9.661405,14.05845
2014-07-02 18:30:00+00:00,34.822002,27.022001,30.790749,4.2,62.94341,999.52075,11.405724,17.698677
2014-07-03 18:30:00+00:00,37.422,27.822,31.882418,0.8,59.128437,997.8958,9.500316,16.299694
2014-07-04 18:30:00+00:00,38.422,27.172,33.0845,1.3000001,58.151108,999.50415,9.549764,15.509274
2014-07-05 18:30:00+00:00,39.122,28.222,33.407417,0.2,53.199722,1000.8,7.2270093,15.277749
2014-07-06 18:30:00+00:00,39.122,27.772001,33.39075,0.8,54.697987,999.39166,7.620279,15.379206
2014-07-07 18:30:00+00:00,40.172,28.522001,34.81575,0.0,43.07286,997.66656,13.911647,23.828083
2014-07-08 18:30:00+00:00,39.722,30.272001,35.026165,0.0,34.394672,997.3709,14.9984865,24.798223
2014-07-09 18:30:00+00:00,40.822002,30.222,35.451168,0.0,32.657677,997.7209,14.280785,23.584808
2014-07-10 18:30:00+00:00,41.422,30.622002,36.055336,0.0,31.871275,996.89166,12.404133,18.089775
2014-07-11 18:30:00+00:00,41.272,29.472,35.403248,0.0,43.799053,996.47095,8.000147,15.0038395
2014-07-12 18:30:00+00:00,38.522,30.722,34.62408,0.2,55.456482,997.75433,9.817202,14.869351
2014-07-13 18:30:00+00:00,35.072002,27.972,31.701166,0.2,68.78929,997.88336,9.64898,13.392774
2014-07-14 18:30:00+00:00,37.122,27.922,32.15533,1.6,66.92092,996.5916,10.585485,19.576189
2014-07-15 18:30:00+00:00,34.872,28.872002,31.424082,0.8,66.38497,997.59174,14.2555275,19.296133
2014-07-16 18:30:00+00:00,35.222,28.072,30.765753,3.0,69.29368,996.83746,9.821546,16.311613
2014-07-17 18:30:00+00:00,29.922,25.722,27.296999,13.600002,87.28128,995.5334,6.0004754,10.495713
2014-07-18 18:30:00+00:00,32.522,25.922,28.311584,2.6,80.56737,995.5251,8.502791,17.595861
2014-07-19 18:30:00+00:00,32.722,25.522001,28.547005,2.5,80.626595,997.61255,6.3393135,11.019764
2014-07-20 18:30:00+00:00,34.922,26.422,30.563665,1.5000001,72.66971,997.08344,5.809574,10.636766
2014-07-21 18:30:00+00:00,33.972,27.522001,30.342834,0.3,73.63493,997.51666,7.4692554,11.885453
2014-07-22 18:30:00+00:00,31.772001,27.522001,29.411581,0.0,75.70194,997.9043,13.368932,19.917469
2014-07-23 18:30:00+00:00,31.772001,26.722,29.011581,0.3,69.765015,998.9084,15.121699,23.241617
2014-07-24 18:30:00+00:00,31.222,26.122002,28.58242,0.4,71.21217,1001.21246,12.069976,17.992796
2014-07-25 18:30:00+00:00,33.472,26.472,29.944916,0.4,71.02285,1002.64594,10.73364,15.379206
2014-07-26 18:30:00+00:00,33.522,27.172,30.026163,8.8,76.28993,1002.75415,6.5503793,10.1887
2014-07-27 18:30:00+00:00,31.572,25.772001,27.799086,6.9,84.73549,1000.47925,7.148333,10.829958
2014-07-28 18:30:00+00:00,31.322,25.222,27.328253,21.8,86.73771,1000.0208,9.824946,14.689588
2014-07-29 18:30:00+00:00,33.022,25.572,29.030334,0.1,79.614944,1000.4458,8.105742,11.988594
2014-07-30 18:30:00+00:00,31.672,26.222,28.799082,3.7000003,82.425224,1000.6416,9.672537,16.485485
2014-07-31 18:30:00+00:00,32.722,26.572,29.134499,2.5,80.363495,999.27496,8.123496,11.91812
2014-08-01 18:30:00+00:00,34.572002,26.772001,30.149084,7.2000003,78.95132,997.9458,3.2507136,6.4096174
2014-08-02 18:30:00+00:00,33.322002,25.772001,28.976166,18.900002,82.701256,996.50006,6.90564,10.041354
2014-08-03 18:30:00+00:00,29.122002,25.672,26.792833,32.899998,92.10435,996.80414,9.685653,16.808569
2014-08-04 18:30:00+00:00,30.772001,25.072,27.067833,38.699993,90.53599,998.15424,4.239642,10.00256
2014-08-05 18:30:00+00:00,32.172,25.972,29.063667,2.6,79.16416,997.8667,7.747062,12.849528
2014-08-06 18:30:00+00:00,30.522001,26.472,28.43033,0.3,77.814445,997.5251,11.917169,21.2522
2014-08-07 18:30:00+00:00,30.022001,25.272001,27.644922,2.7,83.818275,998.9875,7.095734,11.792404
2014-08-08 18:30:00+00:00,31.722,25.772001,27.961578,7.6000004,87.12403,1000.8916,5.3481426,7.9932966
2014-08-09 18:30:00+00:00,32.322002,25.922,29.015747,5.1,84.052574,1001.67926,4.1966043,6.151683
2014-08-10 18:30:00+00:00,32.222,25.772001,28.807411,2.4,84.6436,1000.9333,4.5064363,6.0347
2014-08-11 18:30:00+00:00,33.622,26.072,29.526167,3.2000003,79.03576,999.87915,9.153726,14.458382
2014-08-12 18:30:00+00:00,33.472,27.372002,29.953245,0.1,69.35169,999.4626,18.231146,23.110207
2014-08-13 18:30:00+00:00,33.422,26.522001,29.63867,0.0,67.03052,998.63324,17.87069,21.841648
2014-08-14 18:30:00+00:00,32.322002,26.672,29.196997,0.1,69.17388,999.68744,14.147794,22.450264
2014-08-15 18:30:00+00:00,31.522001,25.922,28.659506,0.0,70.69114,1003.096,7.4600906,10.739832
2014-08-16 18:30:00+00:00,33.222,26.122002,29.459503,0.0,64.92559,1003.9749,9.861039,13.722565
2014-08-17 18:30:00+00:00,33.372,25.522001,29.421999,0.0,67.32243,1005.8833,9.011647,11.525623
2014-08-18 18:30:00+00:00,35.122,26.622002,30.692831,0.0,62.375656,1005.93335,9.293429,12.10157
2014-08-19 18:30:00+00:00,36.722,27.122002,31.580332,0.0,53.157352,1003.6834,12.88483,18.25026
2014-08-20 18:30:00+00:00,36.722,27.272001,31.705332,0.0,50.109684,1001.7957,14.526975,18.692286
2014-08-21 18:30:00+00:00,36.472,26.572,31.432417,0.0,51.292572,1002.7458,11.21151,16.055353
2014-08-22 18:30:00+00:00,36.922,26.572,31.653252,0.0,47.9978,1004.05005,9.509316,14.88242
2014-08-23 18:30:00+00:00,37.522,26.172,31.9345,0.0,45.311954,1003.62085,9.138731,13.584932
2014-08-24 18:30:00+00:00,38.372,26.322,32.40325,0.0,43.570553,1003.1792,11.180036,14.587776
2014-08-25 18:30:00+00:00,38.172,29.672,33.442833,0.0,45.17793,1002.6501,11.955459,15.463246
2014-08-26 18:30:00+00:00,37.422,28.922,32.599083,0.0,50.81015,1001.6375,8.380067,13.049689
2014-08-27 18:30:00+00:00,35.222,27.222,30.557411,2.1,65.45269,1003.7459,8.763387,14.003029
2014-08-28 18:30:00+00:00,33.572002,26.522001,30.180336,0.0,68.14843,1004.03326,8.355036,12.074766
2014-08-29 18:30:00+00:00,33.622,26.422,29.676168,3.8,71.82318,1003.14996,6.988546,11.966953
2014-08-30 18:30:00+00:00,33.772,26.722,29.813667,1.5,74.12342,1001.58344,7.950199,12.599998
2014-08-31 18:30:00+00:00,32.322002,26.722,28.767832,1.0,71.49142,1001.0623,18.137209,24.798223
2014-09-01 18:30:00+00:00,31.722,25.322,28.053247,13.8,75.73843,1001.99994,18.180073,25.264202
2014-09-02 18:30:00+00:00,29.022001,25.472,26.542833,18.1,85.4317,1001.83344,19.037354,25.744402
2014-09-03 18:30:00+00:00,29.872002,24.472,26.449087,6.8999996,87.153114,1001.0625,17.833128,21.313093
2014-09-04 18:30:00+00:00,28.322,23.972,25.617834,20.200003,91.801414,1000.1292,14.318516,23.199759
2014-09-05 18:30:00+00:00,30.722,24.072,27.232414,0.3,85.84522,1002.8001,3.966607,6.763786
2014-09-06 18:30:00+00:00,32.122,24.722,28.01783,1.5,83.82929,1004.14166,5.052208,8.373386
2014-09-07 18:30:00+00:00,32.122,25.722,28.184502,5.1,83.32416,1004.1667,8.910762,14.154915
2014-09-08 18:30:00+00:00,32.572002,25.422,28.555336,1.7,80.87838,1002.9416,7.8534455,11.043261
2014-09-09 18:30:00+00:00,31.722,25.022001,27.651169,7.5999994,84.18634,1003.6958,4.5434318,10.495713
2014-09-10 18:30:00+00:00,30.472,24.522001,26.807417,4.2,85.37525,1005.59174,6.360632,10.233123
2014-09-11 18:30:00+00:00,31.222,23.772001,26.66992,0.1,83.87899,1006.125,4.168821,9.339208
2014-09-12 18:30:00+00:00,31.822,23.122002,27.6595,0.7,77.76746,1004.7332,6.6399283,11.183201
2014-09-13 18:30:00+00:00,32.622,24.872002,28.549082,0.2,75.14597,1005.0,8.899438,12.031756
2014-09-14 18:30:00+00:00,32.922,24.672,28.686583,0.0,73.05283,1004.99164,9.082954,13.830749
2014-09-15 18:30:00+00:00,33.222,24.322,28.636583,0.0,69.23295,1003.5166,7.830212,10.805998
2014-09-16 18:30:00+00:00,33.872,24.622002,28.953253,0.0,66.79993,1002.6458,8.473313,14.57889
2014-09-17 18:30:00+00:00,35.272,25.372002,29.644918,0.0,60.27067,1003.9626,10.782959,16.870138
2014-09-18 18:30:00+00:00,35.472,25.872002,30.059502,0.0,57.25789,1004.45013,10.09481,14.05845
2014-09-19 18:30:00+00:00,34.772,25.072,29.33033,0.0,61.579456,1003.39996,7.938875,12.015589
2014-09-20 18:30:00+00:00,36.072002,23.822,29.478254,0.0,56.27042,1003.92084,9.05004,12.768586
2014-09-21 18:30:00+00:00,36.272,25.422,30.484495,0.0,45.435688,1005.13336,14.121841,19.469975
2014-09-22 18:30:00+00:00,36.272,25.822,30.442835,0.0,43.02181,1004.825,16.359829,23.795427
2014-09-23 18:30:00+00:00,36.122,25.222,30.224083,0.0,43.678165,1006.3,13.452092,19.70815
2014-09-24 18:30:00+00:00,35.722,24.572,30.001165,0.0,43.26627,1007.7874,9.575932,12.261158
2014-09-25 18:30:00+00:00,35.072002,24.972,29.999084,0.0,43.25571,1008.57935,11.261551,16.394829
2014-09-26 18:30:00+00:00,35.872,25.672,30.449081,0.0,40.724483,1009.3665,12.002149,18.214718
2014-09-27 18:30:00+00:00,35.922,25.422,30.50325,0.0,40.731323,1009.96246,11.420445,16.516901
2014-09-28 18:30:00+00:00,36.072002,24.572,30.215746,0.0,41.77983,1009.5291,10.139495,14.81259
2014-09-29 18:30:00+00:00,36.272,25.272001,30.407417,0.2,43.18077,1009.4915,9.069882,13.527572
2014-09-30 18:30:00+00:00,36.472,23.472,29.978249,0.0,49.716084,1010.59174,6.1237316,11.019764
2014-10-01 18:30:00+00:00,35.822002,23.972,29.853249,0.0,50.844025,1010.03326,6.247839,12.181625
2014-10-02 18:30:00+00:00,36.122,23.622002,30.0095,0.0,52.621185,1008.54175,6.1661716,11.119281
2014-10-03 18:30:00+00:00,37.272,24.272001,30.417833,0.0,50.883575,1008.9709,6.9759927,10.703569
2014-10-04 18:30:00+00:00,36.322002,23.172,30.107414,0.0,54.447174,1010.41675,6.338272,13.627795
2014-10-05 18:30:00+00:00,36.122,24.172,30.08033,0.2,56.298565,1011.02496,7.3954577,9.346143
2014-10-06 18:30:00+00:00,34.972,24.472,29.8095,0.0,57.7554,1009.1333,9.168124,12.10157
2014-10-07 18:30:00+00:00,34.572002,25.272001,29.755333,0.3,55.371876,1009.9041,7.4903355,12.313894
2014-10-08 18:30:00+00:00,35.472,23.322,29.376167,0.0,48.292736,1010.4001,7.855211,12.879752
2014-10-09 18:30:00+00:00,35.272,20.972,28.161585,0.0,38.22875,1009.38336,9.060436,13.551501
2014-10-10 18:30:00+00:00,34.822002,20.072,27.709501,0.0,43.719376,1008.4666,7.481235,11.298495
2014-10-11 18:30:00+00:00,34.072002,19.672,27.234499,0.0,46.72598,1009.39594,6.4321055,9.346143
2014-10-12 18:30:00+00:00,31.972,19.622002,26.030334,0.2,60.303417,1010.0959,10.189769,18.1041
2014-10-13 18:30:00+00:00,27.422,21.022001,24.236586,3.5,72.327705,1010.59155,9.462263,15.141414
2014-10-14 18:30:00+00:00,29.772001,18.672,24.434496,0.3,70.186,1014.73755,3.497472,6.379216
2014-10-15 18:30:00+00:00,30.522001,19.472,24.634499,0.0,58.646793,1014.14154,7.576286,10.464797
2014-10-16 18:30:00+00:00,30.872002,16.672,24.034498,0.0,50.0153,1013.99585,6.31526,9.0645685
2014-10-17 18:30:00+00:00,31.422,17.322,24.592829,0.0,48.97579,1013.10004,6.677704,10.464797
2014-10-18 18:30:00+00:00,31.772001,16.972,24.703249,0.0,48.89665,1012.6416,6.9239726,10.739832
2014-10-19 18:30:00+00:00,32.672,18.272001,25.497002,0.0,47.45953,1013.24994,7.7455983,11.525623
2014-10-20 18:30:00+00:00,32.772,20.022001,26.269918,0.0,51.837185,1014.4709,5.7543488,8.049845
2014-10-21 18:30:00+00:00,32.872,20.022001,26.492834,0.0,54.86421,1014.8916,6.1082015,9.3876505
2014-10-22 18:30:00+00:00,32.272,21.072,26.559502,0.0,56.50291,1013.08344,5.236152,6.924738
2014-10-23 18:30:00+00:00,32.072002,20.522001,26.259499,0.0,57.071423,1012.15424,6.951513,9.449572
2014-10-24 18:30:00+00:00,31.422,20.172,25.186584,1.7,61.766327,1012.2708,7.105451,15.509274
2014-10-25 18:30:00+00:00,30.972,19.922,25.244919,0.0,57.892284,1014.9793,6.1714816,9.178235
2014-10-26 18:30:00+00:00,31.172,19.972,25.428247,0.0,55.116833,1014.35406,5.4706154,7.6367526
2014-10-27 18:30:00+00:00,32.422,18.922,25.64492,0.0,53.443024,1012.2959,6.0917225,10.163227
2014-10-28 18:30:00+00:00,32.122,18.472,25.43867,0.0,55.17906,1012.55414,5.6160617,8.0899935
2014-10-29 18:30:00+00:00,31.372002,20.372002,25.528246,0.1,56.293613,1012.4624,4.9071026,8.287822
2014-10-30 18:30:00+00:00,30.972,18.172,24.801165,0.0,49.90138,1013.6792,7.3522973,13.479583
2014-10-31 18:30:00+00:00,29.672,19.772001,24.19075,0.0,44.97877,1014.2043,10.071622,15.986593
2014-11-01 18:30:00+00:00,30.572,16.422,23.190752,0.0,42.65154,1014.61664,9.822592,14.277983
2014-11-02 18:30:00+00:00,31.222,16.922,23.888666,0.0,45.13191,1014.0459,8.987981,15.072783
2014-11-03 18:30:00+00:00,31.422,18.772001,24.763664,0.0,49.29614,1012.60425,9.040864,14.113652
2014-11-04 18:30:00+00:00,30.822,18.622002,24.351166,0.0,52.992966,1013.11237,9.261453,15.192682
2014-11-05 18:30:00+00:00,30.422,17.522001,23.734497,0.0,51.978237,1012.1501,10.166295,15.986593
2014-11-06 18:30:00+00:00,31.522001,17.822,24.874084,0.0,57.138157,1012.65826,6.0561357,10.182337
2014-11-07 18:30:00+00:00,31.972,19.572,25.299082,0.0,55.85997,1014.4749,6.2754054,8.942214
2014-11-08 18:30:00+00:00,30.872002,19.022001,24.486586,0.0,56.175385,1015.67084,9.6378,15.03835
2014-11-09 18:30:00+00:00,29.822,17.722,23.036583,0.0,39.852802,1014.6667,10.033497,13.891522
2014-11-10 18:30:00+00:00,28.572,14.322,21.036583,0.0,40.451836,1014.4915,7.458143,10.144082
2014-11-11 18:30:00+00:00,27.772001,13.472,20.21992,0.0,43.336246,1015.82916,8.504064,10.739833
2014-11-12 18:30:00+00:00,27.422,12.622,19.674082,0.0,42.687878,1016.54584,9.411813,13.608762
2014-11-13 18:30:00+00:00,26.922,12.922,19.319918,0.0,37.977974,1016.59174,10.248804,14.77755
2014-11-14 18:30:00+00:00,27.122002,12.622,19.284502,0.0,38.025517,1014.9292,10.933166,14.05845
2014-11-15 18:30:00+00:00,27.572,12.372,19.511583,0.0,40.62069,1015.02075,8.89698,12.475961
2014-11-16 18:30:00+00:00,27.572,12.622,19.546999,0.0,40.361908,1015.6501,9.347173,14.05845
2014-11-17 18:30:00+00:00,27.122002,11.722,19.157417,0.0,44.630054,1016.8542,7.0356426,8.913181
2014-11-18 18:30:00+00:00,27.372002,11.022,19.128252,0.0,48.129772,1016.60834,7.246735,10.948973
2014-11-19 18:30:00+00:00,27.422,12.472,19.511583,0.0,47.673244,1014.8708,8.450714,10.383987
2014-11-20 18:30:00+00:00,27.272001,12.872,19.517834,0.0,48.36379,1014.0291,8.264667,10.799999
2014-11-21 18:30:00+00:00,27.172,12.122,19.31367,0.0,50.97675,1013.14575,7.082769,9.360001
2014-11-22 18:30:00+00:00,27.122002,12.822,19.440752,0.0,49.034687,1014.6042,6.978846,10.195057
2014-11-23 18:30:00+00:00,25.622002,11.322,18.10325,0.0,46.176357,1015.6667,9.006203,11.709688
2014-11-24 18:30:00+00:00,25.772001,11.422,18.130333,0.0,45.580723,1015.4709,8.251826,10.883676
2014-11-25 18:30:00+00:00,26.522001,12.922,18.951168,0.0,46.00868,1011.67505,11.084172,15.94601
2014-11-26 18:30:00+00:00,27.222,12.372,19.647,0.0,49.657562,1011.575,5.197672,8.714677
2014-11-27 18:30:00+00:00,28.222,14.072,20.65325,0.0,56.359985,1012.43756,5.7134876,8.78872
2014-11-28 18:30:00+00:00,29.122002,16.172,21.934502,0.0,60.98515,1012.4041,7.4263706,9.422101
2014-11-29 18:30:00+00:00,28.422,15.722,21.2845,0.0,56.879375,1013.85425,8.715745,12.031756
2014-11-30 18:30:00+00:00,27.972,15.072,20.592833,0.0,41.951572,1014.40845,13.596191,18.35647
2014-12-01 18:30:00+00:00,27.372002,15.022,20.213663,0.0,45.08151,1014.4167,14.344346,19.513195
2014-12-02 18:30:00+00:00,27.372002,14.972,20.482416,0.0,51.707092,1014.05005,14.179676,20.188908
2014-12-03 18:30:00+00:00,27.922,14.722,20.388666,0.0,50.813984,1015.17914,11.460098,14.904173
2014-12-04 18:30:00+00:00,26.672,12.022,19.001167,0.0,54.7529,1017.19574,7.611033,10.587918
2014-12-05 18:30:00+00:00,26.422,13.022,19.017832,0.0,50.636963,1016.52515,10.873185,15.408671
2014-12-06 18:30:00+00:00,25.922,13.822,18.917833,0.0,39.81961,1015.13745,11.953975,15.629971
2014-12-07 18:30:00+00:00,25.472,12.122,18.19075,0.0,42.460125,1014.77924,7.708533,11.212135
2014-12-08 18:30:00+00:00,25.372002,11.322,17.861582,0.0,52.46542,1016.14575,4.784177,9.726664
2014-12-09 18:30:00+00:00,23.222,10.622,16.2095,0.0,48.72014,1017.3333,8.8323965,14.021525
2014-12-10 18:30:00+00:00,22.122002,8.472,14.790751,0.0,45.547302,1017.4124,9.493707,11.808878
2014-12-11 18:30:00+00:00,21.722,7.072,14.905334,0.0,53.72763,1016.97504,5.673021,7.928178
2014-12-12 18:30:00+00:00,19.122002,12.872,15.361584,3.8,72.65609,1015.98737,13.639218,19.803272
2014-12-13 18:30:00+00:00,16.872002,13.722,15.205335,2.8,81.61364,1016.42926,7.848337,13.044722
2014-12-14 18:30:00+00:00,18.072,11.122,14.4574175,0.4,81.13372,1018.7043,6.973158,12.181624
2014-12-15 18:30:00+00:00,19.522001,9.222,13.822001,0.0,73.62121,1021.1333,9.321971,11.808878
2014-12-16 18:30:00+00:00,19.922,8.522,13.555332,0.0,69.39435,1020.63745,11.046458,15.815435
2014-12-17 18:30:00+00:00,19.822,7.722,13.274083,0.0,71.19721,1020.7959,8.243426,10.661107
2014-12-18 18:30:00+00:00,18.722,8.572,13.072002,0.0,77.06055,1021.94183,5.3627586,8.311245
2014-12-19 18:30:00+00:00,18.572,7.1219997,12.069916,0.0,77.232025,1019.46674,9.494217,13.891522
2014-12-20 18:30:00+00:00,18.072,6.022,11.480334,0.0,78.5073,1017.6125,6.4309373,8.905908
2014-12-21 18:30:00+00:00,17.022001,5.922,10.313666,0.0,86.48548,1016.8625,5.5616717,8.287822
2014-12-22 18:30:00+00:00,17.672,5.722,11.132417,0.0,86.331116,1017.07495,7.1736474,8.647496
2014-12-23 18:30:00+00:00,18.822,6.572,12.076167,0.0,83.22068,1019.72504,5.113896,9.422101
2014-12-24 18:30:00+00:00,18.872002,7.6219997,12.57825,0.0,78.05933,1019.47076,10.149991,14.799459
2014-12-25 18:30:00+00:00,19.422,7.722,12.811582,0.0,71.488655,1018.0583,13.216954,18.626305
2014-12-26 18:30:00+00:00,19.922,8.522,13.26575,0.0,67.50859,1017.5457,10.44125,13.276144
2014-12-27 18:30:00+00:00,18.772001,6.922,12.113667,0.0,69.71934,1019.4915,5.6536555,9.779817
2014-12-28 18:30:00+00:00,18.572,5.172,11.374084,0.0,69.59772,1017.8376,7.0278416,10.182337
2014-12-29 18:30:00+00:00,18.922,4.822,11.736584,0.0,77.402084,1014.8333,6.9213905,9.6932955
2014-12-30 18:30:00+00:00,18.222,7.272,12.619918,0.0,79.644066,1016.27075,8.774203,14.904173
2014-12-31 18:30:00+00:00,20.772001,12.072,15.94075,0.0,70.585365,1016.9543,6.6045127,8.707238
2015-01-01 18:30:00+00:00,18.172,13.672,15.434501,2.8999999,81.80619,1017.87494,8.266564,11.874544
2015-01-02 18:30:00+00:00,17.472,14.122,15.632416,0.0,84.18998,1017.47076,4.7671576,9.693296
2015-01-03 18:30:00+00:00,19.322,11.072,14.422001,0.0,76.529,1019.3875,9.588222,13.891522
2015-01-04 18:30:00+00:00,20.972,9.622,14.371999,0.0,72.14271,1016.6375,17.48018,25.7041
2015-01-05 18:30:00+00:00,21.372002,10.422,15.1865835,0.0,74.091255,1015.2542,12.53696,20.188908
2015-01-06 18:30:00+00:00,18.422,9.422,13.930333,0.0,78.377075,1015.5583,5.7728615,10.805998
2015-01-07 18:30:00+00:00,19.772001,6.472,12.9595,0.0,78.69684,1017.74585,5.5177574,9.360001
2015-01-08 18:30:00+00:00,19.522001,5.772,12.517833,0.0,81.07282,1019.35004,5.580436,9.3876505
2015-01-09 18:30:00+00:00,18.572,6.972,11.86575,0.0,80.84154,1018.6584,8.94396,13.397612
2015-01-10 18:30:00+00:00,19.472,6.722,12.359501,0.0,79.63482,1018.5833,8.831008,12.181624
2015-01-11 18:30:00+00:00,18.122002,5.922,11.226169,0.0,86.2826,1018.8208,4.4807124,8.942214
2015-01-12 18:30:00+00:00,17.022001,6.472,10.9574175,0.0,88.32101,1017.2459,8.755969,12.475961
2015-01-13 18:30:00+00:00,17.122002,9.472,12.64075,2.8000002,84.056694,1016.39166,11.805188,19.826164
2015-01-14 18:30:00+00:00,17.872002,7.222,11.644917,0.0,83.71731,1019.28735,5.891236,9.19939
2015-01-15 18:30:00+00:00,19.372002,7.572,13.161584,0.0,76.00887,1019.0876,7.5777435,9.339208
2015-01-16 18:30:00+00:00,20.672,7.922,13.763665,0.0,77.58622,1019.11237,7.020628,7.9932966
2015-01-17 18:30:00+00:00,20.572,7.272,13.530334,0.0,74.72764,1018.5584,5.765595,8.161764
2015-01-18 18:30:00+00:00,20.072,5.922,13.334499,0.0,71.957634,1018.4375,5.043754,8.942214
2015-01-19 18:30:00+00:00,19.072,6.172,13.047,0.0,77.67672,1019.22076,9.368938,13.104198
2015-01-20 18:30:00+00:00,17.922,10.072,13.00325,3.9999998,81.98739,1020.6208,12.338658,16.87398
2015-01-21 18:30:00+00:00,15.572,11.422,12.817833,16.300001,87.473274,1019.8918,9.871042,12.57426
2015-01-22 18:30:00+00:00,18.022001,11.422,14.286584,0.0,82.47256,1019.54584,5.1603093,8.557102
2015-01-23 18:30:00+00:00,17.472,10.472,14.013667,0.0,79.797485,1020.02075,8.090428,11.113451
2015-01-24 18:30:00+00:00,17.522001,9.072,13.217832,0.0,74.19219,1020.16254,6.8557,9.290511
2015-01-25 18:30:00+00:00,17.772001,8.372,13.478251,0.0,74.7357,1019.76666,5.167028,8.905908
2015-01-26 18:30:00+00:00,17.772001,9.122,13.063666,0.0,68.446976,1019.4334,9.620711,14.565548
2015-01-27 18:30:00+00:00,17.022001,6.8719997,11.324084,0.0,72.46875,1018.1375,11.2968,15.077082
2015-01-28 18:30:00+00:00,17.722,4.8719997,10.947,0.0,67.613625,1019.01654,9.285952,15.03835
2015-01-29 18:30:00+00:00,18.822,5.422,11.719916,0.0,65.03571,1020.72076,10.970154,16.92383
2015-01-30 18:30:00+00:00,20.372002,7.722,13.369918,0.0,61.872772,1017.90424,10.176216,14.20062
2015-01-31 18:30:00+00:00,20.872002,7.272,14.184502,0.0,72.75872,1017.3,8.240832,10.883676
2015-02-01 18:30:00+00:00,21.172,11.322,15.561582,2.2,77.58366,1017.16656,14.387399,20.150354
2015-02-02 18:30:00+00:00,22.222,13.372,16.890747,8.8,76.80601,1019.57086,11.043179,18.39878
2015-02-03 18:30:00+00:00,19.572,9.822,13.857417,0.0,83.848526,1022.4749,10.932221,14.76439
2015-02-04 18:30:00+00:00,20.622002,9.022,14.107414,0.0,74.1823,1019.43335,10.678609,12.55879
2015-02-05 18:30:00+00:00,20.972,7.522,13.867835,0.0,70.795166,1018.6458,5.105648,9.449572
2015-02-06 18:30:00+00:00,22.272001,8.172,15.232417,0.0,67.8842,1017.0876,6.7495728,9.028754
2015-02-07 18:30:00+00:00,22.672,9.872,15.888667,1.6,71.37028,1016.95844,5.4949646,8.825508
2015-02-08 18:30:00+00:00,23.322,10.372,16.1345,0.0,68.995255,1019.5251,9.207763,12.768586
2015-02-09 18:30:00+00:00,22.472,9.272,15.353252,0.0,65.34052,1019.8916,9.711489,14.618837
2015-02-10 18:30:00+00:00,22.572,7.3719997,15.055335,0.0,63.605762,1017.05835,6.6434045,8.825508
2015-02-11 18:30:00+00:00,22.522001,9.022,15.588669,0.0,64.33686,1016.13336,8.284417,12.88981
2015-02-12 18:30:00+00:00,25.222,9.672,17.078249,0.0,58.581776,1013.07495,9.875259,14.986553
2015-02-13 18:30:00+00:00,27.872002,11.322,19.099085,0.0,60.44193,1009.854,8.570081,10.086427
2015-02-14 18:30:00+00:00,26.122002,11.022,18.705332,0.0,69.381004,1012.1001,5.4696193,8.4042845
2015-02-15 18:30:00+00:00,26.722,13.772,19.957415,0.0,69.10633,1013.4624,14.250561,21.67487
2015-02-16 18:30:00+00:00,26.622002,15.872,20.744917,0.7,72.24836,1012.00415,10.312055,15.716793
2015-02-17 18:30:00+00:00,26.472,15.222,20.111582,11.599999,75.32482,1011.7083,7.2421627,22.66857
2015-02-18 18:30:00+00:00,27.422,14.522,20.449081,0.2,76.435,1011.96246,10.939965,22.59699
2015-02-19 18:30:00+00:00,27.722,17.522001,21.886583,0.0,72.08032,1013.29584,9.999872,19.995398
2015-02-20 18:30:00+00:00,27.472,14.822,21.063665,0.0,73.88959,1014.43744,10.472762,16.641972
2015-02-21 18:30:00+00:00,28.272001,15.572,21.178251,0.0,64.12819,1013.71655,15.236198,20.570463
2015-02-22 18:30:00+00:00,27.172,13.722,20.661583,0.0,73.37836,1014.5874,6.251696,9.028754
2015-02-23 18:30:00+00:00,28.272001,14.922,22.061583,0.3,72.30067,1011.24994,8.29124,13.513193
2015-02-24 18:30:00+00:00,29.022001,17.222,22.692835,1.3000001,64.18929,1008.65015,9.242693,12.641076
2015-02-25 18:30:00+00:00,25.272001,14.472,19.076166,0.0,61.6496,1009.8958,7.7195563,11.212135
2015-02-26 18:30:00+00:00,24.772001,11.772,17.672,0.0,60.686127,1012.53754,8.794776,12.496719
2015-02-27 18:30:00+00:00,26.672,11.972,19.282417,0.0,48.300655,1013.2791,9.708928,15.281989
2015-02-28 18:30:00+00:00,20.672,16.122002,17.436584,28.999998,83.29018,1010.4792,19.315292,28.894344
2015-03-01 18:30:00+00:00,20.172,13.922,16.644917,12.8,91.69333,1012.0833,14.452104,28.266304
2015-03-02 18:30:00+00:00,20.422,11.972,15.699082,0.1,80.55317,1013.99164,7.0432014,10.703569
2015-03-03 18:30:00+00:00,22.072,9.472,15.513668,0.0,68.610085,1013.8333,9.078188,14.05845
2015-03-04 18:30:00+00:00,24.322,11.272,17.488668,0.0,63.86294,1015.42914,6.5145583,8.854829
2015-03-05 18:30:00+00:00,25.622002,11.772,18.447002,0.0,67.10389,1016.4375,6.5173306,9.387651
2015-03-06 18:30:00+00:00,26.172,12.572,18.974083,10.0,73.13152,1014.34595,7.7046504,12.57426
2015-03-07 18:30:00+00:00,24.972,14.572,19.230333,0.70000005,76.380295,1014.56665,9.797074,15.629971
2015-03-08 18:30:00+00:00,23.072,12.272,17.230335,0.6,64.50976,1020.29596,11.568951,15.463246
2015-03-09 18:30:00+00:00,23.422,9.722,16.347,0.0,63.536316,1019.96246,10.033028,14.264361
2015-03-10 18:30:00+00:00,25.422,10.422,17.678251,0.0,63.64897,1018.0667,8.915716,11.212135
2015-03-11 18:30:00+00:00,27.672,10.372,19.226168,0.0,62.799473,1017.4541,7.888492,9.6932955
2015-03-12 18:30:00+00:00,27.072,14.872,19.755333,2.2,71.879875,1014.73334,5.8513513,12.015589
2015-03-13 18:30:00+00:00,26.272001,14.372,20.39075,0.8,76.42338,1015.47925,8.717378,13.70839
2015-03-14 18:30:00+00:00,23.122002,16.022001,18.630335,28.699999,85.86143,1014.73755,13.121208,21.42227
2015-03-15 18:30:00+00:00,22.372002,14.822,18.124083,7.7,86.31135,1016.63336,11.661195,18.792551
2015-03-16 18:30:00+00:00,25.322,14.622,19.615751,0.0,73.3201,1016.51263,11.638364,17.068707
2015-03-17 18:30:00+00:00,25.072,13.872,19.149084,0.0,66.81672,1013.81256,13.121444,18.892282
2015-03-18 18:30:00+00:00,27.022001,12.372,19.719917,0.0,65.786064,1014.75415,7.755283,11.304229
2015-03-19 18:30:00+00:00,28.622002,12.472,20.988668,0.0,61.3797,1014.92914,7.242252,10.195057
2015-03-20 18:30:00+00:00,29.822,14.872,22.672003,0.0,62.703247,1015.20416,5.8749504,10.086427
2015-03-21 18:30:00+00:00,31.022001,16.972,23.749083,0.0,59.312336,1013.0542,10.936948,17.673029
2015-03-22 18:30:00+00:00,31.922,17.472,24.374079,0.0,58.73904,1010.42926,9.94956,14.277983
2015-03-23 18:30:00+00:00,33.122,16.072,25.276167,0.0,57.809254,1010.28754,5.525549,9.028754
2015-03-24 18:30:00+00:00,33.422,17.772001,25.788666,0.0,56.77493,1012.0166,6.553278,9.504273
2015-03-25 18:30:00+00:00,34.222,21.022001,27.211578,1.2,52.674313,1013.21265,5.6885567,9.007196
2015-03-26 18:30:00+00:00,34.322002,22.372002,28.015753,0.0,50.21863,1012.8001,6.9775634,10.661107
2015-03-27 18:30:00+00:00,34.922,17.972,26.407417,0.0,48.704376,1010.2458,6.356379,9.255571
2015-03-28 18:30:00+00:00,32.822002,20.472,25.967829,0.9,49.320927,1007.8416,12.369903,19.09358
2015-03-29 18:30:00+00:00,28.222,19.122002,22.455332,18.8,75.84945,1009.8418,17.59468,25.171696
2015-03-30 18:30:00+00:00,27.872002,17.772001,22.949083,0.3,74.02262,1010.6333,8.252105,16.24394
2015-03-31 18:30:00+00:00,31.222,17.722,25.217834,0.2,62.59997,1008.09174,6.6990914,11.928989
2015-04-01 18:30:00+00:00,33.222,19.622002,26.338667,2.0,58.557354,1005.1208,9.622092,16.418526
2015-04-02 18:30:00+00:00,30.072,19.822,23.961584,6.6000004,71.73202,1004.1084,7.6660748,14.33234
2015-04-03 18:30:00+00:00,25.472,18.772001,21.311586,19.300001,81.75791,1005.01245,5.7373433,13.004921
2015-04-04 18:30:00+00:00,28.272001,15.922,22.40742,0.0,71.53573,1007.32935,3.6335251,7.145796
2015-04-05 18:30:00+00:00,29.972,16.122002,23.815752,0.0,59.813522,1007.9001,5.7348886,10.587918
2015-04-06 18:30:00+00:00,28.372002,17.172,22.511581,3.3000002,65.82116,1009.9709,6.3406634,12.031756
2015-04-07 18:30:00+00:00,30.272001,17.722,23.722002,0.3,60.732296,1011.95416,6.1020007,9.422101
2015-04-08 18:30:00+00:00,31.072,17.022001,23.957418,0.0,55.623333,1010.80835,10.282535,14.039999
2015-04-09 18:30:00+00:00,32.822002,16.972,25.034498,0.0,53.550747,1009.2917,9.233834,13.358861
2015-04-10 18:30:00+00:00,33.872,18.872002,26.27825,0.3,45.592697,1008.9334,5.758493,9.339208
2015-04-11 18:30:00+00:00,28.622002,20.922,24.519915,0.0,54.893337,1012.26666,8.759441,15.379206
2015-04-12 18:30:00+00:00,29.122002,19.122002,23.234503,8.8,73.089035,1013.7207,10.72433,17.533146
2015-04-13 18:30:00+00:00,29.422,19.072,23.599085,0.4,73.28187,1013.2458,8.927254,13.009903
2015-04-14 18:30:00+00:00,31.022001,18.972,24.984499,0.1,68.07173,1012.9624,8.317507,14.84318
2015-04-15 18:30:00+00:00,31.522001,19.822,25.822,0.0,63.9017,1014.30414,7.5631986,11.212135
2015-04-16 18:30:00+00:00,34.572002,19.122002,27.274086,0.0,55.882298,1008.87506,9.509559,17.727943
2015-04-17 18:30:00+00:00,36.572002,20.322,29.217833,0.2,47.1769,1003.1375,8.358332,11.525623
2015-04-18 18:30:00+00:00,39.072002,22.472,31.153246,0.0,37.709164,1003.9375,6.727633,12.031756
2015-04-19 18:30:00+00:00,38.572002,23.922,31.199081,0.0,37.515957,1006.0916,8.607706,12.313893
2015-04-20 18:30:00+00:00,38.472,21.722,30.247,0.0,33.995327,1005.9709,10.328031,18.58451
2015-04-21 18:30:00+00:00,37.972,21.272001,29.913668,0.0,27.669775,1004.0625,11.297973,17.208603
2015-04-22 18:30:00+00:00,38.522,22.822,30.671997,0.0,24.463135,1004.31665,6.3919854,10.630672
2015-04-23 18:30:00+00:00,39.122,21.122002,30.563667,0.0,28.93381,1004.72076,7.148784,10.495713
2015-04-24 18:30:00+00:00,37.022,22.272001,29.503252,0.9,35.300335,1005.3792,15.611557,25.86494
2015-04-25 18:30:00+00:00,34.672,23.022001,28.60742,0.0,49.219807,1008.2708,17.026325,23.400002
2015-04-26 18:30:00+00:00,36.672,23.822,30.138666,0.3,48.250004,1007.4209,15.076706,21.485697
2015-04-27 18:30:00+00:00,37.272,24.522001,30.319916,1.5,46.96973,1005.16675,12.018833,20.592503
2015-04-28 18:30:00+00:00,37.022,23.372002,30.276167,0.0,43.15636,1005.4666,8.923468,15.725037
2015-04-29 18:30:00+00:00,38.872,23.422,30.982416,0.8,43.57173,1004.5791,12.554643,24.535526
2015-04-30 18:30:00+00:00,36.672,24.072,30.442831,0.0,42.887882,1006.19586,11.07524,23.039999
2015-05-01 18:30:00+00:00,37.422,22.022001,30.357416,0.0,28.851427,1006.64575,7.4526496,14.81259
2015-05-02 18:30:00+00:00,38.222,21.622002,30.740746,0.0,24.885954,1007.1082,5.6517906,10.495713
2015-05-03 18:30:00+00:00,39.172,21.472,30.946997,0.0,26.861494,1007.22504,6.950599,10.390226
2015-05-04 18:30:00+00:00,40.172,21.472,31.953247,0.0,26.550966,1005.3083,7.7915645,14.799459
2015-05-05 18:30:00+00:00,42.672,22.722,32.982414,0.0,23.166245,1002.7832,9.038457,17.917007
2015-05-06 18:30:00+00:00,42.772,24.422,34.05325,0.0,19.410494,1003.86664,14.736137,22.476227
2015-05-07 18:30:00+00:00,42.172,27.222,34.951168,0.0,17.306864,1003.875,12.088403,15.683774
2015-05-08 18:30:00+00:00,41.272,28.222,34.63033,0.0,21.474516,1002.5791,8.392711,11.609651
2015-05-09 18:30:00+00:00,41.522,23.922,33.903248,0.0,22.617722,1002.25836,10.746882,17.462784
2015-05-10 18:30:00+00:00,39.422,26.022001,33.219913,0.9,31.095495,1003.95416,7.069513,12.55879
2015-05-11 18:30:00+00:00,36.272,24.772001,31.065752,0.5,48.407978,1005.6956,7.687784,21.897945
2015-05-12 18:30:00+00:00,35.972,26.022001,30.207418,3.8,58.794556,1006.0625,6.2349706,8.311245
2015-05-13 18:30:00+00:00,36.072002,24.322,29.919916,0.9,56.421627,1007.72504,6.0567665,8.699793
2015-05-14 18:30:00+00:00,37.022,24.722,30.21575,1.8000001,48.12788,1007.0874,8.351464,16.80857
2015-05-15 18:30:00+00:00,36.522,23.122002,30.417831,0.0,51.92795,1004.3459,4.7858295,8.4042845
2015-05-16 18:30:00+00:00,38.522,24.822,31.946999,0.0,45.337006,1001.8957,7.32357,10.239453
2015-05-17 18:30:00+00:00,41.822002,27.572,34.79908,2.0,37.006016,1000.8416,7.6186924,11.298495
2015-05-18 18:30:00+00:00,42.622,25.872002,34.48867,0.2,31.423492,1001.85004,9.358406,25.862436
2015-05-19 18:30:00+00:00,40.822002,26.472,33.95325,0.0,29.787676,1002.7624,10.992028,16.363178
2015-05-20 18:30:00+00:00,42.322002,25.272001,34.382416,0.0,24.442244,1001.37067,10.842612,18.947083
2015-05-21 18:30:00+00:00,43.122,28.522001,35.249084,0.0,21.61978,999.4084,13.390991,18.374111
2015-05-22 18:30:00+00:00,43.572002,27.772001,35.413666,0.0,20.246231,997.5125,13.532449,19.137648
2015-05-23 18:30:00+00:00,43.522,29.572,36.16367,0.0,20.803999,997.9416,10.469881,17.555305
2015-05-24 18:30:00+00:00,44.372,28.422,36.336582,0.0,18.141958,997.7209,13.780208,19.386591
2015-05-25 18:30:00+00:00,44.072002,29.172,36.482414,0.0,16.976511,999.79175,13.74743,18.014393
2015-05-26 18:30:00+00:00,42.072002,26.722,34.467834,0.0,14.247852,1002.2708,12.058746,16.641972
2015-05-27 18:30:00+00:00,41.472,25.572,34.474087,0.0,18.490929,1001.3042,7.800654,12.10157
2015-05-28 18:30:00+00:00,42.122,27.622002,35.56575,0.0,24.272371,1001.76666,9.339998,13.854155
2015-05-29 18:30:00+00:00,41.772,27.622002,35.367832,0.0,25.660475,1002.8582,9.483124,14.264361
2015-05-30 18:30:00+00:00,41.972,27.322,35.263664,0.0,23.821037,1001.5627,10.743767,18.998316
2015-05-31 18:30:00+00:00,39.522,26.322,33.4595,1.2,27.957489,1001.1248,8.122125,13.5515
2015-06-01 18:30:00+00:00,38.522,27.322,32.653248,0.1,34.20137,1003.071,6.2620673,14.48972
2015-06-02 18:30:00+00:00,38.272,25.522001,31.780333,0.1,38.144283,1004.5041,11.054214,17.283749
2015-06-03 18:30:00+00:00,37.272,24.372002,30.928247,0.0,47.582275,1005.0959,9.216335,16.179987
2015-06-04 18:30:00+00:00,38.222,27.572,33.076164,0.0,38.568913,1004.4668,8.575538,12.738099
2015-06-05 18:30:00+00:00,39.072002,26.722,33.24909,0.0,34.14771,1002.3333,10.681145,16.981165
2015-06-06 18:30:00+00:00,40.822002,26.372002,34.626163,0.0,30.271975,1000.49603,7.8157163,13.527572
2015-06-07 18:30:00+00:00,42.622,27.222,35.99075,0.0,26.453054,999.7542,8.981965,15.30741
2015-06-08 18:30:00+00:00,41.922,30.172,35.997,0.0,26.682898,1000.2166,18.335043,31.006012
2015-06-09 18:30:00+00:00,41.472,30.472,35.971996,0.1,34.39546,1000.52924,19.996237,25.671307
2015-06-10 18:30:00+00:00,39.922,31.522001,35.776165,0.1,36.488964,1001.22906,15.235242,21.175835
2015-06-11 18:30:00+00:00,40.672,30.322,35.453247,0.3,39.823105,999.6042,13.937355,18.089775
2015-06-12 18:30:00+00:00,40.122,30.272001,34.057415,1.4,40.59937,999.28754,9.130135,17.026896
2015-06-13 18:30:00+00:00,34.122,26.022001,29.615751,8.600001,67.35002,999.8084,5.2892246,11.165805
2015-06-14 18:30:00+00:00,34.372,24.422,29.872,5.6,66.48888,999.97925,6.456861,14.386494
2015-06-15 18:30:00+00:00,36.672,26.772001,31.822004,0.6,58.370174,1000.15845,5.411766,12.641076
2015-06-16 18:30:00+00:00,37.672,27.872002,32.597,0.5,57.038723,998.89154,5.3421226,7.653705
2015-06-17 18:30:00+00:00,38.922,28.722,34.1345,0.0,45.240356,998.2375,4.8764205,8.287822
2015-06-18 18:30:00+00:00,39.272,29.472,34.77825,0.0,45.34952,997.0291,8.439833,13.363711
2015-06-19 18:30:00+00:00,38.822002,30.572,33.76783,0.5,53.127686,997.7126,16.081537,20.991426
2015-06-20 18:30:00+00:00,37.372,29.372002,32.651165,0.6,59.39679,998.19574,11.454604,15.484185
2015-06-21 18:30:00+00:00,37.472,28.422,32.55325,0.0,58.842728,996.2708,10.291175,19.48661
2015-06-22 18:30:00+00:00,38.422,28.922,33.572,0.1,53.176376,995.60004,8.261918,14.986553
2015-06-23 18:30:00+00:00,36.722,26.772001,31.494913,13.900001,66.97408,995.9541,6.8801436,12.10157
2015-06-24 18:30:00+00:00,27.672,25.222,26.353249,16.800001,89.45206,995.18744,7.8297734,14.685176
2015-06-25 18:30:00+00:00,35.272,24.922,30.301165,0.2,67.847855,995.71674,11.593105,16.58346
2015-06-26 18:30:00+00:00,36.472,27.722,31.876162,0.2,63.646347,997.49164,13.400956,18.171976
2015-06-27 18:30:00+00:00,37.872,28.022001,32.80325,0.3,59.90117,1000.28326,9.198115,16.179987
2015-06-28 18:30:00+00:00,34.572002,27.422,30.988665,0.0,64.422874,1003.7126,13.362979,17.811815
2015-06-29 18:30:00+00:00,33.422,26.172,29.155333,1.4000001,66.15614,1003.44574,8.003615,12.641076
2015-06-30 18:30:00+00:00,36.122,25.772001,30.72825,0.0,65.86756,1002.46265,5.925422,11.770403
2015-07-01 18:30:00+00:00,36.772,26.922,31.267838,0.4,62.67497,1002.2332,9.60263,14.587776
2015-07-02 18:30:00+00:00,37.822002,28.122002,32.35533,0.4,61.286163,1000.92914,12.98969,20.833395
2015-07-03 18:30:00+00:00,36.672,27.772001,32.382412,0.4,58.918827,999.0,13.7682,19.70815
2015-07-04 18:30:00+00:00,38.372,27.922,32.2095,5.5000005,62.63734,996.41675,11.77963,22.3229
2015-07-05 18:30:00+00:00,34.722,27.072,30.851171,2.8000002,68.03618,997.4709,6.7464356,13.556282
2015-07-06 18:30:00+00:00,32.972,25.372002,28.103249,6.7,82.739296,998.43335,7.0839524,11.435313
2015-07-07 18:30:00+00:00,32.322002,25.372002,28.590752,18.9,82.9172,999.125,5.8018537,9.9571085
2015-07-08 18:30:00+00:00,31.272001,25.522001,27.632421,28.0,87.10153,999.40845,4.9398894,7.5170207
2015-07-09 18:30:00+00:00,28.622002,25.072,26.455332,66.9,91.637535,998.7417,6.361524,12.57426
2015-07-10 18:30:00+00:00,27.422,24.122002,24.876165,43.40001,92.15362,999.72504,10.979041,13.830749
2015-07-11 18:30:00+00:00,27.772001,24.172,25.642832,5.1,85.63314,998.76245,11.962364,17.581125
2015-07-12 18:30:00+00:00,33.072002,23.672,28.032412,0.6,79.94347,1001.27094,6.9105496,11.367109
2015-07-13 18:30:00+00:00,33.622,26.272001,29.821999,0.4,74.486015,999.63336,14.231011,19.469975
2015-07-14 18:30:00+00:00,35.122,27.822,31.186584,0.1,66.25957,995.42914,15.403252,23.936617
2015-07-15 18:30:00+00:00,35.122,27.472,30.713667,2.2000003,65.26116,994.45825,12.482108,17.731598
2015-07-16 18:30:00+00:00,32.122,26.572,28.484499,16.7,83.297714,997.1333,7.9155865,13.779114
2015-07-17 18:30:00+00:00,32.822002,26.272001,29.007414,3.3000002,82.20117,998.19995,5.1104856,8.0899935
2015-07-18 18:30:00+00:00,32.122,26.122002,28.707413,16.600002,84.35894,998.05426,5.5254693,8.089993
2015-07-19 18:30:00+00:00,30.822,25.472,27.561579,22.100004,87.182686,998.7959,7.192184,10.365251
2015-07-20 18:30:00+00:00,31.822,25.522001,28.405333,4.9999995,82.43382,1000.2583,8.859141,14.039999
2015-07-21 18:30:00+00:00,31.872002,26.722,29.092833,1.2,80.426506,1001.32495,9.423022,12.181625
2015-07-22 18:30:00+00:00,32.272,27.272001,29.449081,0.3,75.84787,1001.95,12.112201,17.58481
2015-07-23 18:30:00+00:00,31.472,26.822,28.671999,2.5,79.686424,1001.7749,9.637122,15.580141
2015-07-24 18:30:00+00:00,31.822,25.872002,28.4345,8.2,81.49287,999.5876,11.241527,16.279802
2015-07-25 18:30:00+00:00,30.722,26.022001,27.640749,3.0,78.33211,998.6333,24.792181,30.758411
2015-07-26 18:30:00+00:00,30.472,24.322,27.413668,0.1,75.357735,1000.3501,16.952675,21.437386
2015-07-27 18:30:00+00:00,31.122002,24.622002,27.455332,0.0,74.61374,1000.74164,14.867375,18.782204
2015-07-28 18:30:00+00:00,28.672,24.822,26.915749,0.2,74.44419,998.31665,18.254154,25.006397
2015-07-29 18:30:00+00:00,30.472,25.272001,27.546999,0.5,78.25853,999.1541,14.023632,17.174677
2015-07-30 18:30:00+00:00,30.672,25.872002,27.928247,0.4,74.07173,1000.07513,12.257923,17.709658
2015-07-31 18:30:00+00:00,29.472,25.522001,27.051165,9.700001,82.642944,1002.69586,7.2009377,11.019764
2015-08-01 18:30:00+00:00,31.422,25.772001,27.942839,1.5000001,79.50988,1004.24176,4.0913367,6.130579
2015-08-02 18:30:00+00:00,32.922,25.922,28.799082,0.1,79.54771,1002.84595,7.1475625,11.620809
2015-08-03 18:30:00+00:00,32.972,25.522001,28.955336,1.9000001,80.17917,1000.92914,6.0077014,9.565437
2015-08-04 18:30:00+00:00,32.672,25.722,28.661583,6.4999995,85.077446,999.26263,4.2422037,9.504273
2015-08-05 18:30:00+00:00,32.372,26.072,28.219915,5.3,85.83381,998.7292,4.539453,8.766573
2015-08-06 18:30:00+00:00,32.372,25.722,27.949083,8.2,87.134636,1000.42914,6.9513135,11.435313
2015-08-07 18:30:00+00:00,29.272001,25.172,26.459501,16.400002,92.25288,1002.1833,6.7244263,12.218805
2015-08-08 18:30:00+00:00,28.622002,24.722,26.349083,20.399996,91.97335,1000.67914,7.277949,12.496718
2015-08-09 18:30:00+00:00,31.572,25.772001,27.73867,6.8,86.14664,1000.48334,5.303107,9.19939
2015-08-10 18:30:00+00:00,28.872002,25.822,27.180336,14.399999,90.665245,1002.8,7.249805,10.990322
2015-08-11 18:30:00+00:00,31.672,25.522001,28.190748,1.8000001,85.25019,1003.85834,7.8689027,11.090103
2015-08-12 18:30:00+00:00,33.272,25.822,28.961584,1.1000001,82.67816,1002.66235,5.1837153,8.225035
2015-08-13 18:30:00+00:00,32.372,26.072,28.717833,4.8,84.43805,1002.25415,5.518328,9.085988
2015-08-14 18:30:00+00:00,30.322,26.122002,27.89283,9.5,86.95203,1003.2083,4.753699,10.630672
2015-08-15 18:30:00+00:00,30.572,25.572,27.399078,7.1999993,88.03477,1003.5456,3.5175133,7.145796
2015-08-16 18:30:00+00:00,32.772,25.122002,28.667831,0.4,82.67497,1002.09155,5.534437,8.373386
2015-08-17 18:30:00+00:00,33.622,25.922,29.030334,2.9,82.29152,1002.59985,8.758925,14.654254
2015-08-18 18:30:00+00:00,33.272,26.222,29.3845,0.70000005,74.877525,1003.42505,12.888416,18.806337
2015-08-19 18:30:00+00:00,32.422,26.672,29.311583,0.0,68.75585,1002.3875,13.343899,21.647945
2015-08-20 18:30:00+00:00,31.872002,25.872002,28.674082,0.0,71.14309,1002.35425,9.963552,15.84409
2015-08-21 18:30:00+00:00,31.322,25.972,28.234503,0.8,73.25017,1001.7334,9.069014,13.849476
2015-08-22 18:30:00+00:00,33.022,24.822,28.630335,3.3999999,79.02044,1001.79156,6.4454427,11.4862
2015-08-23 18:30:00+00:00,33.272,25.672,28.794916,1.0,72.79916,1002.7832,10.379838,13.708391
2015-08-24 18:30:00+00:00,34.322002,26.422,29.849081,0.0,67.10795,1001.89594,13.167392,18.03237
2015-08-25 18:30:00+00:00,34.372,26.922,30.322,0.0,67.245415,1001.87915,10.877907,15.815435
2015-08-26 18:30:00+00:00,33.772,26.772001,29.890755,0.3,74.941124,1002.2751,6.4335275,9.449572
2015-08-27 18:30:00+00:00,33.922,25.672,29.52408,0.3,80.59999,1003.1126,5.645039,8.759178
2015-08-28 18:30:00+00:00,34.422,26.622002,30.257418,0.0,75.2498,1002.0125,6.465191,11.457958
2015-08-29 18:30:00+00:00,34.922,26.272001,30.3095,0.1,69.851715,1001.8584,8.5360365,14.81259
2015-08-30 18:30:00+00:00,35.072002,26.272001,30.361582,0.0,62.689297,1002.57916,11.476195,18.837322
2015-08-31 18:30:00+00:00,35.372,25.922,30.011583,0.0,54.95425,1001.55414,12.838337,19.211996
2015-09-01 18:30:00+00:00,34.122,26.172,29.578253,0.0,52.392094,1002.09576,12.212953,19.694992
2015-09-02 18:30:00+00:00,35.122,25.322,29.659502,0.0,52.316483,1005.07916,10.288207,16.299694
2015-09-03 18:30:00+00:00,35.472,23.922,29.619913,0.0,53.893627,1008.2166,8.164829,12.904882
2015-09-04 18:30:00+00:00,35.422,23.772001,29.238665,0.0,51.91568,1007.76245,11.130885,16.87398
2015-09-05 18:30:00+00:00,35.172,23.972,29.142838,0.0,49.061142,1006.63336,10.393243,15.315873
2015-09-06 18:30:00+00:00,35.172,25.472,29.686584,0.0,48.748184,1006.2043,11.111801,17.0763
2015-09-07 18:30:00+00:00,35.922,24.072,29.772001,0.0,48.870655,1006.0708,11.869038,17.84816
2015-09-08 18:30:00+00:00,36.072002,24.422,30.04908,0.0,47.882107,1006.0042,11.156823,17.072504
2015-09-09 18:30:00+00:00,36.672,22.422,29.640749,0.0,52.325775,1007.125,8.46852,14.77755
2015-09-10 18:30:00+00:00,36.272,22.522001,29.77408,0.0,55.124096,1006.90826,7.047245,15.725037
2015-09-11 18:30:00+00:00,35.722,23.072,29.553247,0.0,63.824963,1006.5042,6.86192,9.904906
2015-09-12 18:30:00+00:00,35.922,24.922,30.174086,0.0,67.53852,1006.61664,5.9368625,7.928177
2015-09-13 18:30:00+00:00,37.172,25.972,31.271997,0.0,56.28638,1004.25,6.0778728,12.7279215
2015-09-14 18:30:00+00:00,36.472,24.522001,30.763664,0.0,58.667255,1003.8208,6.8553376,10.009036
2015-09-15 18:30:00+00:00,35.822002,26.172,30.751165,0.0,62.050297,1004.0459,7.993013,11.019764
2015-09-16 18:30:00+00:00,35.122,25.072,30.065752,0.4,67.7102,1004.81244,7.991316,11.113451
2015-09-17 18:30:00+00:00,33.772,26.422,29.240747,6.6000004,74.545135,1005.36676,9.845479,18.0036
2015-09-18 18:30:00+00:00,32.772,24.672,27.880335,22.400002,84.05523,1004.4458,8.674984,12.738099
2015-09-19 18:30:00+00:00,33.972,26.172,29.1345,5.8,78.835526,1003.34174,7.5611777,10.24578
2015-09-20 18:30:00+00:00,32.172,25.772001,28.424086,14.9,82.36317,1003.1001,7.9557033,10.233123
2015-09-21 18:30:00+00:00,32.672,25.922,29.246996,0.4,72.7245,1002.35004,12.379029,20.176065
2015-09-22 18:30:00+00:00,31.672,24.272001,27.763666,0.1,69.71738,1006.7334,11.956387,18.289274
2015-09-23 18:30:00+00:00,32.072002,23.822,27.263666,0.0,61.879898,1005.675,13.73076,20.268991
2015-09-24 18:30:00+00:00,32.622,22.422,26.949083,0.0,59.58951,1004.42926,11.357037,15.827721
2015-09-25 18:30:00+00:00,32.872,22.422,27.451166,0.0,60.909985,1005.4666,8.259585,11.212135
2015-09-26 18:30:00+00:00,33.972,22.572,28.171999,0.1,60.720478,1007.31244,7.256859,10.948973
2015-09-27 18:30:00+00:00,33.222,21.422,27.211586,0.0,63.357365,1008.90424,7.505738,11.726277
2015-09-28 18:30:00+00:00,33.522,19.922,26.794914,0.0,59.437748,1010.68335,8.930431,15.484185
2015-09-29 18:30:00+00:00,33.522,20.622002,26.865747,0.0,53.698315,1011.86664,11.03366,15.281989
2015-09-30 18:30:00+00:00,33.722,19.422,26.403252,0.0,57.186016,1012.25,8.064471,10.163227
2015-10-01 18:30:00+00:00,34.722,18.472,26.834497,0.0,53.07999,1011.29584,8.526828,13.202726
2015-10-02 18:30:00+00:00,36.022,19.522001,28.132421,0.0,49.601013,1008.83746,7.68177,13.513193
2015-10-03 18:30:00+00:00,36.172,21.222,28.809502,0.0,48.784897,1009.36664,5.8423324,9.007196
2015-10-04 18:30:00+00:00,36.372,22.772001,28.859503,0.0,48.687428,1009.59174,6.753287,10.787993
2015-10-05 18:30:00+00:00,35.472,20.872002,28.374083,0.0,44.21834,1008.9792,8.740457,15.141414
2015-10-06 18:30:00+00:00,34.922,22.522001,28.803251,0.0,51.74869,1009.32916,7.7570863,13.441071
2015-10-07 18:30:00+00:00,35.472,22.772001,28.886583,0.0,49.863194,1008.096,9.575179,16.179987
2015-10-08 18:30:00+00:00,36.622,21.022001,28.842834,0.0,43.104248,1004.96246,9.66425,21.485697
2015-10-09 18:30:00+00:00,37.322002,22.472,29.246996,0.0,33.358925,1004.8625,11.868848,19.592731
2015-10-10 18:30:00+00:00,36.672,22.522001,29.07617,0.0,38.36478,1008.10004,9.749268,13.608762
2015-10-11 18:30:00+00:00,35.272,21.072,28.471998,0.0,45.779663,1010.27075,7.07332,9.422101
2015-10-12 18:30:00+00:00,33.772,24.222,28.43033,0.1,63.137585,1011.10834,8.408358,12.324414
2015-10-13 18:30:00+00:00,34.072002,22.822,27.401167,4.4,69.2985,1013.1958,7.952744,15.629971
2015-10-14 18:30:00+00:00,33.272,21.422,27.165749,0.1,66.18435,1014.0083,6.500778,10.948973
2015-10-15 18:30:00+00:00,34.172,22.122002,27.801165,0.0,62.437336,1013.86255,7.5497375,10.495713
2015-10-16 18:30:00+00:00,34.822002,21.322,28.042831,0.0,61.051483,1012.63745,6.934748,10.009036
2015-10-17 18:30:00+00:00,34.122,22.272001,28.269915,0.0,60.16425,1013.1292,5.825814,8.427383
2015-10-18 18:30:00+00:00,34.822002,22.272001,28.422003,0.0,58.371265,1012.429,6.659174,10.805999
2015-10-19 18:30:00+00:00,35.422,22.222,28.244917,0.0,50.4659,1010.1833,6.666866,13.324863
2015-10-20 18:30:00+00:00,33.072002,20.622002,26.751165,0.0,49.09895,1011.1875,6.7508106,11.019764
2015-10-21 18:30:00+00:00,32.522,18.672,25.401163,0.0,44.627506,1012.4458,7.939756,12.538134
2015-10-22 18:30:00+00:00,32.472,16.872002,24.686586,0.0,45.08112,1012.22076,7.7053375,11.212135
2015-10-23 18:30:00+00:00,32.222,19.072,25.417831,0.0,47.455536,1011.44995,5.340471,9.028754
2015-10-24 18:30:00+00:00,32.822002,20.122002,26.174082,0.0,49.369373,1012.7541,11.675377,17.072504
2015-10-25 18:30:00+00:00,31.372002,20.222,25.461584,0.9,56.691654,1014.73334,9.885682,14.494192
2015-10-26 18:30:00+00:00,30.222,18.572,24.036583,0.5,59.667072,1014.5501,5.487478,10.00256
2015-10-27 18:30:00+00:00,25.572,16.722,19.719917,8.900001,77.7698,1015.2292,7.4002414,14.04
2015-10-28 18:30:00+00:00,26.072,14.922,20.592834,0.0,66.01656,1016.7166,5.494701,8.905908
2015-10-29 18:30:00+00:00,26.922,15.122,20.786585,0.0,74.64362,1017.25006,5.982897,10.195057
2015-10-30 18:30:00+00:00,27.872002,16.222,22.29075,0.0,66.79339,1016.35834,4.8437963,7.072878
2015-10-31 18:30:00+00:00,29.122002,17.622002,23.590752,0.0,63.750793,1016.3083,5.395035,8.891344
2015-11-01 18:30:00+00:00,28.972,17.472,23.717834,0.0,64.25204,1016.00836,5.1424823,8.699793
2015-11-02 18:30:00+00:00,28.472,17.622002,23.136583,0.0,68.26262,1014.9167,5.2883277,8.404285
2015-11-03 18:30:00+00:00,29.322,18.422,23.838667,0.0,64.2542,1012.98737,4.96617,8.825508
2015-11-04 18:30:00+00:00,27.922,19.722,23.197,0.2,67.45526,1012.30414,9.496043,17.414476
2015-11-05 18:30:00+00:00,28.272001,19.072,23.29075,0.0,68.0221,1012.7874,4.8136687,6.4096174
2015-11-06 18:30:00+00:00,28.572,17.522001,22.865753,0.1,66.99697,1014.31244,4.6800795,7.5942073
2015-11-07 18:30:00+00:00,29.222,18.272001,23.401163,0.0,68.41529,1015.66254,7.265019,9.1641035
2015-11-08 18:30:00+00:00,28.972,17.972,23.369917,0.4,68.0483,1015.1208,6.829848,9.1641035
2015-11-09 18:30:00+00:00,29.122002,17.772001,22.724083,1.8,69.15493,1013.83746,5.443701,7.69592
2015-11-10 18:30:00+00:00,28.722,17.422,22.48242,0.0,55.27048,1014.60834,10.0282955,15.281989
2015-11-11 18:30:00+00:00,29.072,16.972,22.41575,0.0,51.251404,1015.49164,10.1294565,13.104198
2015-11-12 18:30:00+00:00,29.672,16.672,22.863665,0.0,57.63579,1015.1001,8.91793,13.849477
2015-11-13 18:30:00+00:00,29.822,17.822,23.384499,0.0,57.965042,1012.68335,8.518489,12.88981
2015-11-14 18:30:00+00:00,29.822,16.422,23.494917,0.0,57.138905,1011.99585,5.315437,8.64
2015-11-15 18:30:00+00:00,28.872002,18.872002,23.394915,0.1,51.28749,1012.50006,8.910033,12.88981
2015-11-16 18:30:00+00:00,27.622002,15.122,20.611582,0.0,42.07014,1013.4458,9.929242,14.565548
2015-11-17 18:30:00+00:00,27.022001,11.822,19.288666,0.0,42.766117,1016.05426,8.371078,10.948973
2015-11-18 18:30:00+00:00,26.972,12.022,19.40325,0.0,50.80444,1017.84174,5.2689323,10.239453
2015-11-19 18:30:00+00:00,26.572,12.372,19.146997,0.0,58.50146,1016.4292,5.199224,8.4042845
2015-11-20 18:30:00+00:00,26.572,12.372,19.672,0.0,55.203262,1015.4458,5.3912005,7.42159
2015-11-21 18:30:00+00:00,26.572,12.072,19.392832,0.0,57.14375,1015.1082,4.987924,8.217153
2015-11-22 18:30:00+00:00,26.672,11.872,18.9845,0.0,58.02423,1015.75006,3.6325324,7.2
2015-11-23 18:30:00+00:00,27.572,12.372,19.471998,0.0,56.079136,1016.17084,8.319119,11.480557
2015-11-24 18:30:00+00:00,27.772001,14.622,19.982418,0.0,47.40375,1015.27496,10.943188,16.199999
2015-11-25 18:30:00+00:00,27.122002,14.122,20.409498,0.0,49.158817,1013.40826,7.188246,11.212135
2015-11-26 18:30:00+00:00,24.872002,13.922,19.580334,0.1,57.408264,1011.19977,9.637576,13.708391
2015-11-27 18:30:00+00:00,24.572,16.772001,19.876167,0.0,68.71908,1014.72076,8.172384,10.823973
2015-11-28 18:30:00+00:00,26.072,14.122,19.838667,0.0,66.7384,1017.74585,5.862409,8.049845
2015-11-29 18:30:00+00:00,27.222,15.822,20.888668,0.0,71.5604,1017.3416,5.5527444,8.287822
2015-11-30 18:30:00+00:00,26.672,15.971999,20.994917,0.0,69.65566,1015.2166,5.903303,8.311245
2015-12-01 18:30:00+00:00,25.072,16.222,19.874086,0.0,65.60017,1015.7834,6.3964057,8.534353
2015-12-02 18:30:00+00:00,24.722,12.772,18.526169,0.0,61.445538,1016.74585,8.988239,13.684735
2015-12-03 18:30:00+00:00,25.772001,13.172,18.644918,0.0,60.898746,1015.1416,9.6806555,11.090103
2015-12-04 18:30:00+00:00,25.622002,11.122,18.32825,0.0,61.02763,1015.9207,4.063226,8.557102
2015-12-05 18:30:00+00:00,25.222,11.172,17.813665,0.0,66.45635,1016.154,4.342862,9.726664
2015-12-06 18:30:00+00:00,24.972,11.822,18.165749,0.0,71.66851,1017.1375,6.273733,9.19939
2015-12-07 18:30:00+00:00,26.022001,12.022,18.438665,0.0,68.84294,1015.9167,6.753938,9.387651
2015-12-08 18:30:00+00:00,24.272001,11.822,18.53242,0.3,69.19344,1015.2209,9.535618,16.075521
2015-12-09 18:30:00+00:00,26.022001,14.122,19.574083,0.1,72.34504,1012.44995,8.47449,12.261157
2015-12-10 18:30:00+00:00,23.322,13.172,18.053247,0.0,60.03278,1010.8916,10.192834,12.7279215
2015-12-11 18:30:00+00:00,19.772001,9.722,14.597,0.0,62.54128,1014.06256,10.371984,12.538134
2015-12-12 18:30:00+00:00,20.022001,9.822,14.3949175,0.0,57.611835,1015.87085,9.339384,10.44
2015-12-13 18:30:00+00:00,20.172,7.822,13.449084,0.0,48.19402,1017.54584,10.831706,14.512064
2015-12-14 18:30:00+00:00,21.122002,8.522,13.849083,0.0,49.077908,1016.39594,11.266398,14.529915
2015-12-15 18:30:00+00:00,20.472,6.272,13.263665,0.0,53.635944,1016.20416,6.091435,9.1641035
2015-12-16 18:30:00+00:00,20.122002,7.1219997,13.865749,0.0,58.723568,1016.3665,7.309295,10.24578
2015-12-17 18:30:00+00:00,20.672,7.272,13.424084,0.0,58.466923,1018.5417,9.369037,13.755579
2015-12-18 18:30:00+00:00,20.622002,7.8719997,13.924083,0.0,55.861237,1019.0293,7.71373,10.24578
2015-12-19 18:30:00+00:00,20.222,6.072,13.532416,0.0,56.94218,1018.5957,5.5880237,10.594036
2015-12-20 18:30:00+00:00,19.622002,5.972,13.401169,0.0,59.922504,1018.44995,5.336052,9.983106
2015-12-21 18:30:00+00:00,19.572,8.772,14.044917,0.0,63.21376,1020.47095,2.854338,5.8048253
2015-12-22 18:30:00+00:00,19.622002,6.722,13.011582,0.0,66.524055,1020.5042,7.307989,10.703569
2015-12-23 18:30:00+00:00,19.072,8.272,12.953252,0.0,58.462437,1021.3792,11.716659,16.299694
2015-12-24 18:30:00+00:00,19.422,6.3719997,12.307418,0.0,50.106583,1022.2292,10.417744,13.479583
2015-12-25 18:30:00+00:00,21.072,7.8719997,13.826167,0.0,46.5858,1020.7292,11.2242775,14.88242
2015-12-26 18:30:00+00:00,22.072,9.472,15.463668,0.0,51.071964,1020.8667,11.343446,15.575981
2015-12-27 18:30:00+00:00,23.872002,11.972,17.08658,0.0,54.025757,1021.02924,12.93563,16.363178
2015-12-28 18:30:00+00:00,23.722,12.622,17.361586,0.0,52.94446,1018.92505,12.554383,17.49615
2015-12-29 18:30:00+00:00,23.772001,10.422,16.56575,0.0,59.42159,1017.75,6.890904,8.78872
2015-12-30 18:30:00+00:00,23.422,8.672,15.619915,0.0,62.30839,1019.99567,7.516216,10.703569
2015-12-31 18:30:00+00:00,22.322,8.572,14.855334,0.0,65.486565,1020.9416,5.449473,9.511088
2016-01-01 18:30:00+00:00,22.372002,7.422,14.605334,0.0,63.40015,1021.18353,7.631438,10.182337
2016-01-02 18:30:00+00:00,23.022001,9.172,15.30325,0.0,57.88377,1018.8333,9.958507,13.202726
2016-01-03 18:30:00+00:00,23.222,8.822,16.213667,0.0,61.610092,1018.88763,5.730202,8.766573
2016-01-04 18:30:00+00:00,24.872002,12.472,18.386585,0.0,68.44885,1017.1541,6.478737,9.3876505
2016-01-05 18:30:00+00:00,24.422,13.522,18.372002,0.0,75.7768,1016.6418,7.7651467,9.585739
2016-01-06 18:30:00+00:00,24.222,11.872,17.959497,0.0,76.06476,1018.0666,5.04495,8.350138
2016-01-07 18:30:00+00:00,23.222,12.722,17.301168,0.0,74.40777,1017.8208,9.213521,16.299694
2016-01-08 18:30:00+00:00,22.022001,10.722,15.844916,0.0,61.551575,1015.90826,12.465375,18.39878
2016-01-09 18:30:00+00:00,23.022001,9.822,16.201166,0.0,64.65861,1016.9668,7.5817895,9.0645685
2016-01-10 18:30:00+00:00,23.522001,11.622,16.961584,0.0,68.062675,1017.57916,6.082148,9.255571
2016-01-11 18:30:00+00:00,23.972,9.122,16.397001,0.0,71.76667,1015.07935,9.728226,14.386494
2016-01-12 18:30:00+00:00,22.172,10.322,15.896999,0.0,74.60081,1014.6292,7.5697007,9.9571085
2016-01-13 18:30:00+00:00,19.972,9.372,14.651169,0.0,74.03603,1016.1042,5.980219,8.404285
2016-01-14 18:30:00+00:00,19.322,8.722,13.526168,0.0,73.922424,1016.50836,8.623295,13.104198
2016-01-15 18:30:00+00:00,18.272001,8.172,12.767833,0.0,72.937294,1014.8416,9.763526,14.84318
2016-01-16 18:30:00+00:00,18.172,6.072,12.694917,0.0,74.63605,1015.9709,4.246699,6.28713
2016-01-17 18:30:00+00:00,18.422,6.772,12.582417,0.0,75.12258,1015.25006,4.5952935,8.647496
2016-01-18 18:30:00+00:00,18.922,7.772,12.655334,0.0,74.14341,1015.21674,6.42944,8.78872
2016-01-19 18:30:00+00:00,17.422,7.672,12.328252,0.0,71.22106,1018.4417,7.7582154,11.212135
2016-01-20 18:30:00+00:00,18.322,5.922,11.630334,0.0,72.97961,1020.14166,8.5346575,12.096214
2016-01-21 18:30:00+00:00,18.522001,4.072,11.301167,0.0,73.59229,1019.65826,5.5023384,9.726665
2016-01-22 18:30:00+00:00,19.872002,5.072,12.30325,0.0,75.55273,1019.97485,6.16893,8.557102
2016-01-23 18:30:00+00:00,19.122002,6.772,12.588669,0.0,78.392715,1019.2126,5.9283004,7.8625183
2016-01-24 18:30:00+00:00,18.072,5.722,11.534501,0.0,78.67313,1017.5791,6.394749,8.473393
2016-01-25 18:30:00+00:00,20.122002,7.222,13.519917,0.0,75.50979,1015.6001,5.0570974,8.12197
2016-01-26 18:30:00+00:00,22.622002,10.622,15.930335,0.0,75.56613,1014.5166,5.0526595,8.350138
2016-01-27 18:30:00+00:00,23.022001,10.072,16.169916,0.0,71.97858,1015.625,8.352466,10.495713
2016-01-28 18:30:00+00:00,24.422,11.172,17.330332,0.0,71.57864,1016.78754,5.278601,8.707237
2016-01-29 18:30:00+00:00,25.722,13.172,19.240747,0.2,75.38757,1014.94165,6.227238,8.78872
2016-01-30 18:30:00+00:00,24.122002,13.822,18.303253,0.0,73.338715,1015.7041,11.1649475,14.986553
2016-01-31 18:30:00+00:00,22.372002,10.622,15.753249,0.0,61.698658,1017.54584,9.562971,11.988594
2016-02-01 18:30:00+00:00,21.172,7.822,14.528249,0.0,54.62953,1018.24585,9.398436,14.291592
2016-02-02 18:30:00+00:00,21.672,8.422,14.565747,0.0,51.16861,1018.04987,11.996335,20.111729
2016-02-03 18:30:00+00:00,22.422,8.522,14.976167,0.0,49.424713,1017.6292,10.661067,13.783817
2016-02-04 18:30:00+00:00,22.972,6.922,15.057419,0.0,52.554577,1016.19183,7.1612725,9.6932955
2016-02-05 18:30:00+00:00,23.022001,7.8719997,16.340752,0.2,54.21379,1012.98755,7.6623015,12.55879
2016-02-06 18:30:00+00:00,21.022001,12.672,16.080332,3.3000002,68.81069,1015.05414,9.342132,13.70839
2016-02-07 18:30:00+00:00,22.022001,8.972,15.317834,0.0,71.29394,1017.4749,8.20571,11.983188
2016-02-08 18:30:00+00:00,23.122002,9.622,16.130333,0.0,66.85514,1015.5166,8.230517,10.44
2016-02-09 18:30:00+00:00,23.772001,10.222,16.726166,0.0,64.04474,1012.675,5.6044374,9.931042
2016-02-10 18:30:00+00:00,25.222,11.822,17.659502,0.0,52.95842,1010.92084,9.7029085,14.417988
2016-02-11 18:30:00+00:00,24.422,8.572,16.842833,0.0,64.72938,1012.7292,5.485646,10.009036
2016-02-12 18:30:00+00:00,22.972,12.122,16.880331,0.1,57.86368,1014.38336,9.433778,14.618837
2016-02-13 18:30:00+00:00,23.822,10.122,16.426167,0.0,62.68388,1016.87085,9.204407,11.435313
2016-02-14 18:30:00+00:00,22.722,9.722,16.194918,0.0,55.96004,1018.62494,7.5761695,9.19939
2016-02-15 18:30:00+00:00,23.572,9.722,16.41575,0.0,50.645035,1019.76245,7.2528853,9.0645685
2016-02-16 18:30:00+00:00,25.172,12.222,18.374084,0.1,51.372555,1019.27515,7.693725,10.483357
2016-02-17 18:30:00+00:00,26.472,14.622,20.105331,2.8,63.864925,1017.33746,6.6860347,10.08
2016-02-18 18:30:00+00:00,28.322,16.622002,22.332418,0.0,68.86202,1015.33734,5.0692525,8.647496
2016-02-19 18:30:00+00:00,26.722,18.422,22.059502,11.3,72.828636,1014.1958,8.059358,15.778516
2016-02-20 18:30:00+00:00,25.422,14.472,19.29075,0.0,62.92586,1015.13745,14.479157,19.008545
2016-02-21 18:30:00+00:00,26.422,13.172,19.007416,0.0,50.157852,1014.77905,15.59909,21.566973
2016-02-22 18:30:00+00:00,27.472,13.072,19.438663,0.0,49.600018,1013.00836,11.5463915,17.388409
2016-02-23 18:30:00+00:00,27.172,10.922,18.980333,0.0,51.146473,1012.4375,6.1953015,10.08
2016-02-24 18:30:00+00:00,27.522001,12.072,19.588667,0.0,57.22617,1014.97504,8.716596,10.464797
2016-02-25 18:30:00+00:00,27.522001,13.772,20.41992,0.0,59.87393,1017.8918,7.67074,10.97262
2016-02-26 18:30:00+00:00,27.422,13.322,21.249083,0.0,57.293568,1018.22504,6.02259,10.028439
2016-02-27 18:30:00+00:00,28.472,16.972,22.263664,0.0,57.08346,1018.4583,7.1242566,10.086427
2016-02-28 18:30:00+00:00,28.172,15.172,21.917837,0.0,63.036587,1018.3792,7.088218,9.726664
2016-02-29 18:30:00+00:00,28.972,15.722,22.630335,0.0,61.658295,1015.78326,6.162008,8.654987
2016-03-01 18:30:00+00:00,30.872002,16.022001,23.924082,0.0,60.52714,1014.9832,5.1320143,10.009036
2016-03-02 18:30:00+00:00,31.972,16.372002,23.880333,0.3,61.466415,1014.9749,6.826201,9.746631
2016-03-03 18:30:00+00:00,32.172,16.122002,24.101168,0.0,51.300953,1012.6375,6.913527,10.00256
2016-03-04 18:30:00+00:00,29.772001,17.222,22.597,6.2000003,58.91072,1012.4666,11.728385,15.03835
2016-03-05 18:30:00+00:00,26.322,16.122002,20.07825,5.0,77.8986,1013.1292,10.115403,15.778518
2016-03-06 18:30:00+00:00,27.772001,14.722,21.219917,0.5,67.89452,1012.72925,6.8198433,11.090103
2016-03-07 18:30:00+00:00,27.672,16.722,21.944918,0.0,64.949684,1011.82074,9.094055,11.592895
2016-03-08 18:30:00+00:00,28.372002,14.872,21.726168,0.0,59.514774,1012.14996,8.808431,12.594856
2016-03-09 18:30:00+00:00,30.122002,15.422,22.922003,0.0,58.22368,1013.1209,8.06609,13.049689
2016-03-10 18:30:00+00:00,31.922,17.172,23.724085,0.9,61.362682,1012.2666,9.269765,14.561099
2016-03-11 18:30:00+00:00,29.922,17.072,21.455332,32.2,77.35868,1010.14996,11.678547,17.114204
2016-03-12 18:30:00+00:00,26.922,16.272001,21.149084,0.0,71.10423,1011.10004,11.37601,20.991426
2016-03-13 18:30:00+00:00,26.122002,15.622,20.555334,1.1,74.17298,1013.59576,7.303144,10.390226
2016-03-14 18:30:00+00:00,27.472,15.372,20.911585,0.0,64.482925,1015.04175,6.674251,11.212135
2016-03-15 18:30:00+00:00,28.222,14.172,21.067835,0.0,54.484974,1013.2124,10.100366,15.575981
2016-03-16 18:30:00+00:00,29.972,16.322,22.894918,0.0,54.44257,1010.6418,10.041203,14.05845
2016-03-17 18:30:00+00:00,29.472,19.022001,23.982414,0.4,56.911495,1009.79584,9.557282,14.689588
2016-03-18 18:30:00+00:00,31.172,17.722,24.080332,0.5,60.824078,1009.1958,7.828474,16.039202
2016-03-19 18:30:00+00:00,31.522001,19.322,24.942833,0.0,57.129955,1009.9666,7.0370536,11.966954
2016-03-20 18:30:00+00:00,30.722,17.622002,24.099081,0.0,45.024242,1011.5083,13.798545,21.986542
2016-03-21 18:30:00+00:00,29.822,16.322,22.574083,0.0,35.113758,1010.0125,18.793913,25.284714
2016-03-22 18:30:00+00:00,31.922,16.372002,23.530333,0.0,37.82835,1009.9751,13.056539,16.923828
2016-03-23 18:30:00+00:00,33.472,16.872002,25.211584,0.0,43.624836,1012.66656,6.829054,9.605998
2016-03-24 18:30:00+00:00,34.722,17.572,26.444918,0.0,49.063732,1012.83746,8.818992,10.587918
2016-03-25 18:30:00+00:00,31.472,18.972,25.080332,0.0,52.23669,1013.3833,13.193676,20.073025
2016-03-26 18:30:00+00:00,31.672,18.722,24.707418,0.0,43.277176,1013.0166,11.154698,15.281989
2016-03-27 18:30:00+00:00,31.872002,15.922,24.265749,0.0,40.879223,1012.6834,9.202037,15.696165
2016-03-28 18:30:00+00:00,32.422,18.222,25.309496,0.0,40.841705,1011.5418,9.923005,14.021525
2016-03-29 18:30:00+00:00,34.322002,18.172,26.43033,0.0,44.817272,1011.4502,6.0202274,12.24
2016-03-30 18:30:00+00:00,36.072002,19.172,27.759499,0.0,38.678993,1009.3625,6.7378783,10.823973
2016-03-31 18:30:00+00:00,36.622,21.172,29.017836,0.0,40.147144,1006.77094,10.014523,13.237039
2016-04-01 18:30:00+00:00,37.422,21.472,29.928247,0.0,41.925877,1007.94995,6.5256615,9.779817
2016-04-02 18:30:00+00:00,38.322002,23.622002,30.984499,0.3,44.974186,1007.94165,5.189365,9.36
2016-04-03 18:30:00+00:00,37.322002,24.022001,30.197,0.0,32.147015,1007.0833,10.073028,15.496736
2016-04-04 18:30:00+00:00,35.972,21.972,29.271997,0.0,34.149982,1007.0916,11.299811,15.530151
2016-04-05 18:30:00+00:00,35.322002,22.172,28.578249,0.0,30.719732,1006.95416,6.5532346,12.287555
2016-04-06 18:30:00+00:00,34.472,20.372002,27.022001,0.0,37.304546,1007.5584,11.694518,16.87398
2016-04-07 18:30:00+00:00,34.672,17.922,26.957415,0.0,35.160976,1009.4959,6.040478,9.826088
2016-04-08 18:30:00+00:00,35.872,20.272001,28.617834,0.0,28.058847,1009.0918,6.922917,12.9249525
2016-04-09 18:30:00+00:00,36.272,23.822,29.394915,0.0,30.189468,1009.15424,8.262342,10.8955765
2016-04-10 18:30:00+00:00,34.972,21.322,28.42617,0.0,32.854855,1009.2918,15.499377,19.513195
2016-04-11 18:30:00+00:00,34.272,21.322,27.91575,0.0,33.571392,1007.41254,17.106,22.86496
2016-04-12 18:30:00+00:00,36.722,22.672,29.632418,0.0,30.339151,1004.1541,16.183231,25.630886
2016-04-13 18:30:00+00:00,38.922,23.372002,31.074083,0.0,28.92245,1003.575,11.570327,20.140705
2016-04-14 18:30:00+00:00,40.072002,22.822,31.372,0.0,29.77195,1004.7957,9.999423,19.296135
2016-04-15 18:30:00+00:00,41.022,24.572,32.69908,0.0,29.487963,1003.2583,9.993643,13.684735
2016-04-16 18:30:00+00:00,39.372,26.822,32.938667,0.0,26.33438,1002.47925,8.9507,14.113653
2016-04-17 18:30:00+00:00,38.972,26.972,32.7845,0.0,29.88681,1004.4334,7.9768243,14.404499
2016-04-18 18:30:00+00:00,38.122,25.372002,31.405334,0.0,35.67528,1005.94574,4.6614923,8.647496
2016-04-19 18:30:00+00:00,38.572002,24.372002,31.538668,0.0,24.426615,1006.8416,12.813755,19.008545
2016-04-20 18:30:00+00:00,38.872,25.122002,31.853254,0.0,23.04846,1004.57916,15.102664,22.768396
2016-04-21 18:30:00+00:00,38.572002,23.972,31.432419,0.0,26.49855,1001.73334,6.5903096,11.874544
2016-04-22 18:30:00+00:00,36.722,23.372002,29.857422,0.0,22.265182,1002.13763,11.088468,16.135872
2016-04-23 18:30:00+00:00,37.422,18.472,28.77408,0.0,20.460394,1002.89594,9.216826,17.581125
2016-04-24 18:30:00+00:00,37.922,20.922,29.942831,0.0,18.588068,1004.93744,7.832093,12.7279215
2016-04-25 18:30:00+00:00,38.322002,21.672,30.678251,0.0,22.752481,1007.06665,5.872687,11.384198
2016-04-26 18:30:00+00:00,39.522,22.222,31.019913,0.9,23.616945,1006.0583,7.839245,19.33639
2016-04-27 18:30:00+00:00,39.772,22.222,31.421997,0.0,19.002289,1005.23346,10.137277,16.563911
2016-04-28 18:30:00+00:00,39.772,21.572,31.26367,0.0,18.72334,1005.6375,9.524908,19.586119
2016-04-29 18:30:00+00:00,40.072002,22.122002,31.486588,0.0,18.535173,1004.90845,9.170541,12.538134
2016-04-30 18:30:00+00:00,41.422,23.722,32.792835,0.0,19.166788,1002.7417,10.879871,17.429354
2016-05-01 18:30:00+00:00,42.672,24.622002,33.99075,0.0,20.270908,1002.0666,7.792364,16.327497
2016-05-02 18:30:00+00:00,37.572002,26.972,32.032413,2.8,31.936287,1004.01666,10.066843,15.937878
2016-05-03 18:30:00+00:00,39.572002,24.722,31.58658,0.3,44.947464,1003.69586,11.584249,17.313717
2016-05-04 18:30:00+00:00,35.172,24.572,29.805334,0.5,45.204983,1007.02515,12.770687,21.096123
2016-05-05 18:30:00+00:00,33.872,23.872002,28.994917,0.6,54.36423,1006.9583,5.782621,10.105681
2016-05-06 18:30:00+00:00,36.372,24.172,30.682417,0.0,40.365448,1005.82074,7.4089265,13.138765
2016-05-07 18:30:00+00:00,37.822002,25.122002,31.165749,0.0,41.790417,1005.9917,9.5494175,13.783817
2016-05-08 18:30:00+00:00,39.222,25.672,32.147003,0.0,40.759052,1005.74164,12.998482,19.48661
2016-05-09 18:30:00+00:00,38.172,26.472,32.163662,1.8,45.430084,1006.40826,13.640618,23.933907
2016-05-10 18:30:00+00:00,37.122,26.522001,31.976166,0.1,48.657013,1006.1416,10.65762,17.114204
2016-05-11 18:30:00+00:00,39.572002,25.222,32.7095,0.0,48.587406,1002.58344,6.753807,14.336861
2016-05-12 18:30:00+00:00,41.522,26.472,34.47408,0.0,33.192772,1001.26245,7.492603,15.077082
2016-05-13 18:30:00+00:00,41.372,27.172,34.6345,0.0,30.876242,1002.7209,7.170155,10.365251
2016-05-14 18:30:00+00:00,41.772,27.372002,34.717834,0.0,31.007751,1003.30835,6.7466264,13.910169
2016-05-15 18:30:00+00:00,42.872,26.322,35.107418,0.0,29.174797,1001.1501,9.047227,16.831684
2016-05-16 18:30:00+00:00,42.822002,27.022001,35.242832,0.0,22.026527,999.2542,10.671361,19.513195
2016-05-17 18:30:00+00:00,43.072002,25.722,35.255333,0.0,23.969778,998.1042,6.9276333,12.57426
2016-05-18 18:30:00+00:00,41.622,27.472,34.653248,0.4,34.595837,998.2332,13.219409,21.611996
2016-05-19 18:30:00+00:00,40.372,29.072,34.403248,0.0,44.72652,997.2373,14.098561,23.675304
2016-05-20 18:30:00+00:00,41.972,28.172,34.55325,0.8,50.82507,996.21246,12.019455,18.218275
2016-05-21 18:30:00+00:00,42.822002,27.922,35.04075,1.3000001,46.48796,996.5876,9.695196,14.84318
2016-05-22 18:30:00+00:00,41.372,26.622002,33.955334,1.5,46.34621,999.39594,6.748897,17.388409
2016-05-23 18:30:00+00:00,38.772,27.322,32.6595,2.8000002,54.061184,1000.28754,10.726586,16.075521
2016-05-24 18:30:00+00:00,39.622,25.872002,32.426163,1.5,48.176212,998.01666,9.486209,16.071491
2016-05-25 18:30:00+00:00,40.172,26.322,33.642834,0.0,44.473713,998.6958,11.327502,15.937878
2016-05-26 18:30:00+00:00,40.872,30.672,35.659504,0.0,32.339413,999.7957,15.030048,20.12461
2016-05-27 18:30:00+00:00,40.522,30.372002,34.926163,0.0,33.03075,999.5832,14.784764,23.023119
2016-05-28 18:30:00+00:00,37.472,27.622002,32.597,1.2,47.353073,1000.7666,12.738567,17.81909
2016-05-29 18:30:00+00:00,34.372,24.772001,29.497002,6.8,65.07983,1002.65845,10.411641,17.555307
2016-05-30 18:30:00+00:00,39.322002,25.472,32.357414,0.0,53.642227,1002.9333,8.382224,15.484185
2016-05-31 18:30:00+00:00,40.772,28.022001,34.547,0.0,43.76298,1002.65845,8.764155,15.141414
2016-06-01 18:30:00+00:00,41.472,28.572,35.290745,0.0,34.243507,1002.0918,10.829021,16.870138
2016-06-02 18:30:00+00:00,42.172,26.622002,35.00325,0.0,35.61279,1002.3042,6.8612065,16.055355
2016-06-03 18:30:00+00:00,43.122,28.022001,35.863667,0.0,39.827656,1001.93744,7.513933,13.363711
2016-06-04 18:30:00+00:00,41.372,29.622002,34.799084,1.3,50.881363,1002.12494,11.762078,17.414476
2016-06-05 18:30:00+00:00,40.622,29.722,34.44075,3.1,49.349804,1002.12085,11.414947,16.79314
2016-06-06 18:30:00+00:00,40.472,29.272001,34.457417,0.6,51.688442,1001.45,11.993286,16.263872
2016-06-07 18:30:00+00:00,41.022,29.072,34.184498,0.7,48.080143,999.69586,10.170384,13.246826
2016-06-08 18:30:00+00:00,40.572002,28.472,34.411583,2.0,47.655674,998.4541,9.340442,13.089354
2016-06-09 18:30:00+00:00,41.672,28.722,34.56575,0.1,48.382122,998.39166,6.833363,11.019764
2016-06-10 18:30:00+00:00,39.472,29.422,34.436584,0.1,48.37755,999.25836,10.227237,16.299694
2016-06-11 18:30:00+00:00,38.972,27.222,33.232414,5.6,54.229748,998.8958,9.394567,14.113652
2016-06-12 18:30:00+00:00,39.622,29.572,34.51575,0.1,45.808765,998.6541,11.787139,20.12461
2016-06-13 18:30:00+00:00,37.472,28.072,32.06367,1.9,60.253468,998.2459,9.527502,14.799459
2016-06-14 18:30:00+00:00,38.622,29.822,33.282417,1.3,52.243397,996.07935,10.178947,19.201874
2016-06-15 18:30:00+00:00,37.422,29.322,33.365753,0.0,54.661953,998.01666,12.6486435,19.386593
2016-06-16 18:30:00+00:00,38.072002,27.872002,33.29075,0.0,58.08662,999.19586,9.566102,17.309973
2016-06-17 18:30:00+00:00,37.572002,26.922,32.205334,4.3,61.41479,1000.56665,12.677985,16.039202
2016-06-18 18:30:00+00:00,37.072002,29.172,32.838665,0.1,60.53818,1001.396,12.082332,14.88242
2016-06-19 18:30:00+00:00,37.472,29.322,33.309498,0.0,60.201,1000.41254,12.521732,20.3774
2016-06-20 18:30:00+00:00,36.722,28.072,31.38867,1.1,70.19705,1000.0125,13.019694,17.10284
2016-06-21 18:30:00+00:00,34.772,25.972,30.519913,4.7,70.24703,1001.5625,8.907364,12.313894
2016-06-22 18:30:00+00:00,38.322002,27.972,33.31159,0.0,59.70946,1000.45825,8.334714,11.841756
2016-06-23 18:30:00+00:00,39.072002,29.272001,34.059498,0.2,56.270935,998.425,8.897681,12.10157
2016-06-24 18:30:00+00:00,39.572002,30.472,34.857418,0.0,54.71406,999.9292,10.357478,15.141414
2016-06-25 18:30:00+00:00,37.522,28.122002,33.086582,0.90000004,61.665874,1000.4167,11.59228,14.512064
2016-06-26 18:30:00+00:00,38.022,27.622002,32.596996,4.1,64.587944,999.35406,7.4799924,13.207634
2016-06-27 18:30:00+00:00,34.522,26.272001,30.53242,9.700002,73.99052,1000.90424,9.346803,13.797913
2016-06-28 18:30:00+00:00,36.922,27.672,32.651165,8.0,65.67322,1001.19995,9.44189,13.441071
2016-06-29 18:30:00+00:00,38.422,29.722,34.201168,0.0,58.075684,998.55023,6.3184896,12.397806
2016-06-30 18:30:00+00:00,36.172,27.822,32.211582,20.099998,69.00512,995.95435,9.455066,15.905319
2016-07-01 18:30:00+00:00,31.622002,26.522001,28.394913,54.500004,83.02673,997.55414,6.8627915,16.87398
2016-07-02 18:30:00+00:00,31.322,25.872002,27.697,25.2,86.10558,997.93744,5.999941,10.144082
2016-07-03 18:30:00+00:00,33.022,25.522001,29.278246,0.4,79.69863,997.2459,4.249717,8.404285
2016-07-04 18:30:00+00:00,35.172,27.122002,31.02825,0.2,73.73717,995.83746,7.1379604,11.91812
2016-07-05 18:30:00+00:00,34.022,27.122002,30.449081,4.3,75.75328,996.86255,7.6650825,11.246759
2016-07-06 18:30:00+00:00,33.872,26.622002,30.578253,1.5000001,74.90952,997.8542,8.197962,13.755579
2016-07-07 18:30:00+00:00,34.672,27.322,31.097,1.3000001,73.30711,997.14996,8.104361,11.753877
2016-07-08 18:30:00+00:00,34.122,27.572,30.874083,1.2000002,74.20655,996.73737,7.235409,10.195057
2016-07-09 18:30:00+00:00,34.872,27.472,31.261583,0.3,73.06606,996.12915,5.514242,8.891343
2016-07-10 18:30:00+00:00,32.672,26.672,29.08033,9.400001,82.36965,997.3125,9.028722,12.682018
2016-07-11 18:30:00+00:00,32.672,25.872002,28.980337,15.599998,81.88402,998.8584,8.438996,14.182355
2016-07-12 18:30:00+00:00,32.722,26.922,29.546995,2.2,79.07835,998.81665,7.346386,12.287555
2016-07-13 18:30:00+00:00,33.222,26.722,28.940748,34.300003,85.62585,998.46674,3.5365388,7.5599995
2016-07-14 18:30:00+00:00,32.622,25.372002,27.676168,37.4,89.52761,998.87915,7.028276,14.021525
2016-07-15 18:30:00+00:00,27.422,25.722,26.367838,45.899994,94.43408,999.6875,8.075172,12.261157
2016-07-16 18:30:00+00:00,28.422,25.672,26.576166,29.199999,89.79066,1000.94165,10.808692,18.335276
2016-07-17 18:30:00+00:00,33.072002,25.572,28.455332,5.6999993,82.3635,1000.97504,9.919112,18.899143
2016-07-18 18:30:00+00:00,34.522,26.122002,29.861586,0.8,75.583626,1000.01666,11.933528,19.35314
2016-07-19 18:30:00+00:00,35.172,27.872002,31.101166,0.0,66.082275,999.68335,13.243594,19.245697
2016-07-20 18:30:00+00:00,35.522,28.572,31.4095,0.2,66.06371,999.53735,10.258385,16.575644
2016-07-21 18:30:00+00:00,35.072002,27.772001,31.234497,0.1,68.08496,999.12085,6.7152863,11.200571
2016-07-22 18:30:00+00:00,32.922,27.372002,29.413664,3.3000002,77.874825,1001.08325,8.378911,14.336861
2016-07-23 18:30:00+00:00,31.422,26.322,28.959503,4.1000004,82.91459,1002.5625,5.610077,7.754637
2016-07-24 18:30:00+00:00,33.222,26.472,29.584497,1.8000001,81.30294,1002.12067,4.5782976,9.3876505
2016-07-25 18:30:00+00:00,31.922,26.222,28.255335,6.0,85.476875,1002.98334,11.463452,15.30741
2016-07-26 18:30:00+00:00,29.372002,25.422,26.911583,7.0,88.81861,1004.4751,11.524419,18.218275
2016-07-27 18:30:00+00:00,29.822,24.922,26.65325,22.400002,89.00863,1002.8,5.4123483,10.805999
2016-07-28 18:30:00+00:00,27.772001,24.622002,25.951164,20.7,93.06051,1001.13324,4.6724906,8.78872
2016-07-29 18:30:00+00:00,30.122002,24.772001,26.826166,2.1,88.20398,1001.02094,5.8854394,10.195057
2016-07-30 18:30:00+00:00,30.122002,24.722,27.036585,6.499999,87.72082,1000.8875,4.7363143,7.0911775
2016-07-31 18:30:00+00:00,29.972,25.272001,26.896997,4.8999996,89.23156,999.2249,8.636115,17.935081
2016-08-01 18:30:00+00:00,31.622002,24.622002,27.430334,6.7,87.20875,998.25006,10.588286,14.168641
2016-08-02 18:30:00+00:00,32.822002,25.472,28.721998,4.0,82.604095,998.35406,9.489088,14.48972
2016-08-03 18:30:00+00:00,33.222,26.922,28.955332,8.599999,81.06618,998.7791,9.865824,12.964998
2016-08-04 18:30:00+00:00,33.372,26.872002,29.721998,2.0,81.50019,999.48737,7.5451775,10.495713
2016-08-05 18:30:00+00:00,31.822,27.422,29.171999,0.6,82.00764,1000.2166,12.274414,18.057508
2016-08-06 18:30:00+00:00,33.072002,26.272001,28.857414,2.3000002,80.72756,1000.2292,9.840096,15.034041
2016-08-07 18:30:00+00:00,31.872002,26.522001,28.617834,2.6000001,81.628136,1000.13745,11.42562,17.673029
2016-08-08 18:30:00+00:00,30.422,25.422,27.509497,16.699999,86.26501,998.5833,10.390484,16.700275
2016-08-09 18:30:00+00:00,30.772001,25.722,27.394915,7.2999997,87.175545,999.0999,10.163556,13.32
2016-08-10 18:30:00+00:00,29.472,24.872002,26.682417,14.500002,90.18401,1001.17505,6.1855583,10.163227
2016-08-11 18:30:00+00:00,30.572,24.972,27.157417,11.7,87.931305,1001.99164,5.1600013,9.0
2016-08-12 18:30:00+00:00,31.822,25.222,27.721994,4.7000003,87.788025,1001.1499,5.6568685,9.19939
2016-08-13 18:30:00+00:00,30.572,25.172,27.642838,10.099999,87.51474,1000.4915,7.078018,11.726277
2016-08-14 18:30:00+00:00,33.222,25.822,29.10325,1.3000002,77.44158,999.15424,11.963334,16.58346
2016-08-15 18:30:00+00:00,33.472,25.972,29.526167,0.4,70.325424,997.6584,14.233502,18.455048
2016-08-16 18:30:00+00:00,30.172,26.272001,28.144915,0.1,74.4479,999.0916,7.265775,18.0036
2016-08-17 18:30:00+00:00,29.772001,25.322,27.257418,16.6,88.17718,1000.0166,4.956138,7.2805495
2016-08-18 18:30:00+00:00,32.022,25.572,28.85325,0.6,81.271965,999.7292,6.419703,10.8955765
2016-08-19 18:30:00+00:00,31.172,25.872002,28.557413,2.2,77.37896,999.94165,14.453486,22.553936
2016-08-20 18:30:00+00:00,29.872002,24.922,27.421999,0.0,77.17602,1000.79584,12.695403,16.854767
2016-08-21 18:30:00+00:00,31.172,23.822,27.599081,0.0,79.176125,1002.44165,10.246732,16.645864
2016-08-22 18:30:00+00:00,30.922,25.722,28.33658,1.4000001,80.810524,1002.92084,7.6876884,11.570515
2016-08-23 18:30:00+00:00,29.272001,25.772001,26.932419,10.1,85.890434,1002.35004,13.899261,18.792551
2016-08-24 18:30:00+00:00,32.072002,25.272001,28.361582,0.5,84.36755,1004.15405,8.243856,11.792404
2016-08-25 18:30:00+00:00,32.772,25.322,28.790749,0.70000005,79.969925,1005.05,5.428293,12.224107
2016-08-26 18:30:00+00:00,32.472,25.172,28.224083,5.9,85.2001,1006.14575,8.328063,14.48972
2016-08-27 18:30:00+00:00,32.672,26.172,28.407412,10.9,85.53113,1006.021,6.845819,11.609651
2016-08-28 18:30:00+00:00,31.622002,25.022001,27.582418,15.599999,87.2991,1003.7834,5.124562,11.659777
2016-08-29 18:30:00+00:00,31.572,24.572,27.35325,13.2,87.9358,1001.9626,3.1306105,5.8603754
2016-08-30 18:30:00+00:00,30.572,25.122002,27.182419,11.2,88.832756,1002.45416,5.7148643,7.5599995
2016-08-31 18:30:00+00:00,31.172,24.572,27.140753,8.299999,87.27041,1002.3208,5.526787,8.64
2016-09-01 18:30:00+00:00,32.222,25.522001,28.497002,0.0,78.71886,1000.98315,11.858308,18.79255
2016-09-02 18:30:00+00:00,31.772001,25.822,28.467833,0.1,71.88054,1000.9624,15.830665,21.518847
2016-09-03 18:30:00+00:00,32.222,24.672,28.292831,0.1,71.90301,1003.2332,13.183449,16.343367
2016-09-04 18:30:00+00:00,31.822,24.222,27.982416,0.0,69.82597,1003.8874,14.613191,18.161278
2016-09-05 18:30:00+00:00,31.472,25.272001,28.282417,0.0,67.960785,1004.3374,15.730018,21.218632
2016-09-06 18:30:00+00:00,32.272,24.872002,28.38658,0.0,66.42515,1004.0584,12.799225,16.766108
2016-09-07 18:30:00+00:00,32.222,25.122002,28.551168,0.0,66.36411,1005.08734,12.180123,16.394829
2016-09-08 18:30:00+00:00,33.372,25.222,29.005331,0.0,65.384926,1005.8752,12.925789,16.039202
2016-09-09 18:30:00+00:00,33.472,25.422,29.178251,0.0,63.553883,1005.0125,13.150658,17.163355
2016-09-10 18:30:00+00:00,33.222,25.372002,28.942833,0.0,63.502415,1004.35004,10.995827,14.84318
2016-09-11 18:30:00+00:00,32.772,25.422,28.869919,0.0,64.0602,1004.6501,11.207917,16.854767
2016-09-12 18:30:00+00:00,33.072002,25.522001,29.180334,0.0,66.23279,1006.45825,7.140493,9.693296
2016-09-13 18:30:00+00:00,32.172,24.172,28.109499,0.0,77.41263,1007.2832,6.446195,10.948973
2016-09-14 18:30:00+00:00,33.172,25.272001,28.846998,0.0,74.7968,1005.58746,4.804632,9.693296
2016-09-15 18:30:00+00:00,34.222,25.722,29.39908,0.0,69.66064,1004.55005,5.7728496,12.10157
2016-09-16 18:30:00+00:00,33.172,23.772001,28.757416,0.0,71.86703,1003.60004,4.4130135,6.489992
2016-09-17 18:30:00+00:00,33.722,23.872002,28.778252,0.0,75.01159,1004.68335,6.5727234,7.968939
2016-09-18 18:30:00+00:00,33.622,24.022001,28.897003,0.0,73.44808,1004.15826,4.680934,7.24486
2016-09-19 18:30:00+00:00,34.722,25.222,29.936583,0.0,65.51215,1002.9292,5.267179,7.771331
2016-09-20 18:30:00+00:00,34.872,25.522001,29.709501,0.4,69.60974,1004.7793,9.587844,15.876775
2016-09-21 18:30:00+00:00,30.922,25.222,27.674086,0.6,80.585625,1007.81665,13.050533,18.892282
2016-09-22 18:30:00+00:00,32.372,23.072,27.736582,0.0,76.12751,1005.29156,5.4360986,9.422101
2016-09-23 18:30:00+00:00,32.472,24.422,28.394913,0.6,75.48449,1003.925,6.2138066,10.028439
2016-09-24 18:30:00+00:00,31.922,23.622002,27.726166,0.0,75.12957,1004.5583,5.80319,7.8625183
2016-09-25 18:30:00+00:00,32.972,23.872002,28.413668,0.1,72.8899,1005.84174,5.018974,7.729527
2016-09-26 18:30:00+00:00,33.572002,24.222,28.959496,0.0,71.190926,1006.27496,6.217819,9.726664
2016-09-27 18:30:00+00:00,34.222,24.422,29.449083,0.0,66.77197,1005.10834,6.1274047,10.823973
2016-09-28 18:30:00+00:00,33.572002,24.572,29.088663,0.2,70.376686,1005.0999,5.944224,9.83268
2016-09-29 18:30:00+00:00,33.922,24.222,29.224081,0.2,70.03747,1005.32916,5.1472793,8.435069
2016-09-30 18:30:00+00:00,34.122,25.422,29.730331,0.1,70.48771,1006.7625,6.8142605,12.10157
2016-10-01 18:30:00+00:00,34.572002,26.322,29.91575,1.0,72.409645,1008.34155,6.795629,9.6932955
2016-10-02 18:30:00+00:00,34.322002,26.022001,29.894918,3.8,73.37664,1007.1125,5.1520305,8.209263
2016-10-03 18:30:00+00:00,33.972,25.522001,29.46575,1.1,76.1465,1005.3042,3.580986,9.504272
2016-10-04 18:30:00+00:00,32.022,24.672,28.113665,9.900001,81.17547,1004.8166,5.5781846,11.200571
2016-10-05 18:30:00+00:00,31.372002,25.122002,28.26992,0.2,77.09258,1006.49164,4.5893636,7.2805495
2016-10-06 18:30:00+00:00,33.972,23.922,28.661583,0.0,69.92431,1007.0166,6.683018,11.367109
2016-10-07 18:30:00+00:00,34.272,23.322,28.8095,0.0,62.809734,1006.70416,7.091908,14.654254
2016-10-08 18:30:00+00:00,34.522,23.022001,28.428246,0.0,58.34828,1005.5291,4.359947,8.942214
2016-10-09 18:30:00+00:00,32.822002,21.322,27.14908,0.0,57.667786,1005.8833,7.206539,10.028439
2016-10-10 18:30:00+00:00,33.822002,21.022001,26.692833,0.0,52.11609,1006.3833,8.774994,13.18308
2016-10-11 18:30:00+00:00,34.172,19.422,26.009499,0.0,49.6022,1005.99994,9.744379,16.055355
2016-10-12 18:30:00+00:00,34.472,19.172,26.263666,0.0,43.5912,1007.93744,10.024625,14.689588
2016-10-13 18:30:00+00:00,34.072002,18.222,25.734497,0.0,44.995106,1008.9417,8.461498,12.605142
2016-10-14 18:30:00+00:00,33.622,17.222,25.544922,0.0,49.325226,1010.09576,7.1887703,12.181624
2016-10-15 18:30:00+00:00,33.722,17.422,25.626167,0.0,49.31795,1011.20825,6.6943746,9.028754
2016-10-16 18:30:00+00:00,33.822002,18.972,26.169914,0.0,47.78357,1010.2459,7.726145,12.783802
2016-10-17 18:30:00+00:00,33.522,17.172,25.155334,0.0,46.531265,1009.1584,7.201023,12.261157
2016-10-18 18:30:00+00:00,33.872,17.272001,25.374084,0.0,44.26712,1008.12067,6.9624095,11.720751
2016-10-19 18:30:00+00:00,34.272,19.472,26.328247,0.0,34.4324,1006.97906,10.632763,14.986553
2016-10-20 18:30:00+00:00,33.822002,21.422,26.786581,0.0,37.462975,1008.05835,11.572202,15.277749
2016-10-21 18:30:00+00:00,34.272,20.572,26.726168,0.0,39.301304,1008.99585,11.433335,17.25373
2016-10-22 18:30:00+00:00,33.422,19.372002,25.990751,0.0,41.43298,1008.89594,11.675725,20.63023
2016-10-23 18:30:00+00:00,33.372,18.422,25.528254,0.0,44.085754,1008.0583,10.405181,18.043148
2016-10-24 18:30:00+00:00,33.572002,21.122002,26.328253,0.0,43.183826,1008.4959,11.638397,18.0
2016-10-25 18:30:00+00:00,33.622,17.772001,25.309502,0.0,47.470325,1010.92487,7.5420513,13.746156
2016-10-26 18:30:00+00:00,32.372,16.622002,24.365753,0.0,50.20229,1014.09576,8.421656,12.819235
2016-10-27 18:30:00+00:00,31.622002,16.472,23.928247,0.0,44.351868,1012.4209,7.297739,10.990322
2016-10-28 18:30:00+00:00,31.572,16.622002,23.855331,0.0,45.751938,1012.3625,6.835979,10.041354
2016-10-29 18:30:00+00:00,30.872002,16.522001,23.542833,0.0,57.189133,1014.2751,6.2311196,9.178235
2016-10-30 18:30:00+00:00,30.222,17.722,23.855337,0.0,58.284595,1016.9832,6.2446404,9.511088
2016-10-31 18:30:00+00:00,29.922,15.722,23.140749,0.0,58.38354,1016.0501,5.569111,9.0645685
2016-11-01 18:30:00+00:00,30.072,15.922,23.211584,0.0,58.839237,1015.77496,5.7092586,9.746631
2016-11-02 18:30:00+00:00,30.172,15.522,23.15325,0.0,60.16817,1016.0166,4.91557,7.2805495
2016-11-03 18:30:00+00:00,30.172,15.822,22.8095,0.0,57.502308,1012.9084,6.1859417,9.673221
2016-11-04 18:30:00+00:00,30.172,15.922,22.834497,0.0,56.786484,1010.32086,8.284728,14.618837
2016-11-05 18:30:00+00:00,30.322,15.072,22.678251,0.0,55.988514,1010.9958,6.741751,10.144082
2016-11-06 18:30:00+00:00,30.022001,15.572,22.56367,0.0,54.05248,1012.575,8.8823395,15.856354
2016-11-07 18:30:00+00:00,29.622002,17.272001,22.70117,0.0,46.83708,1013.50836,12.45259,16.58346
2016-11-08 18:30:00+00:00,30.022001,15.172,21.911583,0.0,46.951904,1014.25,9.7569895,14.186923
2016-11-09 18:30:00+00:00,30.222,13.772,21.451164,0.0,49.08109,1013.5166,7.3683357,10.990322
2016-11-10 18:30:00+00:00,29.422,15.072,21.869917,0.0,56.433735,1013.45825,6.8653984,9.3876505
2016-11-11 18:30:00+00:00,29.872002,13.822,21.661583,0.0,56.027973,1014.7083,8.522582,10.805999
2016-11-12 18:30:00+00:00,28.822,15.122,21.928251,0.0,53.89479,1016.04175,4.4929824,8.350138
2016-11-13 18:30:00+00:00,28.122002,17.022001,22.305334,0.0,56.996613,1015.5999,4.278226,8.699793
2016-11-14 18:30:00+00:00,27.622002,16.222,21.421999,0.0,51.867085,1015.7834,6.4793725,9.178235
2016-11-15 18:30:00+00:00,27.472,14.222,20.374084,0.0,49.932083,1017.1418,8.21971,12.031756
2016-11-16 18:30:00+00:00,27.622002,14.122,20.169916,0.0,47.49582,1016.9165,11.668345,17.174677
2016-11-17 18:30:00+00:00,27.472,14.372,20.209501,0.0,51.374954,1014.89996,10.133808,13.479583
2016-11-18 18:30:00+00:00,27.722,13.422,20.228249,0.0,48.588303,1012.60425,7.313194,9.19939
2016-11-19 18:30:00+00:00,28.122002,13.122,20.038668,0.0,57.469925,1013.1499,5.928023,9.726665
2016-11-20 18:30:00+00:00,29.072,14.722,20.984499,0.0,53.98425,1013.56256,5.2889314,8.654986
2016-11-21 18:30:00+00:00,29.122002,13.822,20.674084,0.0,50.175953,1012.64996,9.816161,14.386494
2016-11-22 18:30:00+00:00,28.272001,15.022,20.78242,0.0,54.51715,1012.8457,10.242582,11.620809
2016-11-23 18:30:00+00:00,27.922,13.122,20.115751,0.0,53.996044,1014.95013,9.682994,14.512064
2016-11-24 18:30:00+00:00,28.422,15.272,21.226168,0.0,41.340187,1013.6584,17.042414,22.322903
2016-11-25 18:30:00+00:00,29.222,17.122002,22.090752,0.0,37.71552,1013.1416,17.349009,22.17144
2016-11-26 18:30:00+00:00,29.272001,16.222,21.847,0.0,40.778255,1013.7625,14.701848,20.188908
2016-11-27 18:30:00+00:00,28.372002,16.372002,21.186584,0.0,39.830128,1013.13745,12.78992,16.299694
2016-11-28 18:30:00+00:00,27.272001,11.722,19.213667,0.0,48.158474,1014.87915,6.683819,10.464797
2016-11-29 18:30:00+00:00,26.522001,12.472,19.751167,0.0,64.80697,1016.14575,7.719059,9.673221
2016-11-30 18:30:00+00:00,26.172,13.622,20.236582,0.0,72.552,1016.63324,4.4298034,9.793059
2016-12-01 18:30:00+00:00,25.572,13.822,19.2595,0.0,71.83623,1017.67084,5.5472794,9.504272
2016-12-02 18:30:00+00:00,25.872002,11.872,18.324083,0.0,59.705063,1019.07495,6.2757087,7.4128532
2016-12-03 18:30:00+00:00,25.422,10.922,17.751167,0.0,54.295853,1019.57916,7.1701093,9.178235
2016-12-04 18:30:00+00:00,25.522001,11.322,18.024082,0.0,57.483475,1017.4124,7.9624023,10.390226
2016-12-05 18:30:00+00:00,25.522001,11.472,18.061586,0.0,64.26598,1017.7209,5.444838,8.557102
2016-12-06 18:30:00+00:00,25.122002,10.922,18.292833,0.0,68.4983,1017.0457,4.7945147,6.6087217
2016-12-07 18:30:00+00:00,24.772001,10.622,18.049086,0.0,70.09967,1016.01685,4.270117,7.24486
2016-12-08 18:30:00+00:00,25.672,10.822,18.26575,0.0,69.23177,1013.73755,5.1669884,7.5685663
2016-12-09 18:30:00+00:00,25.822,11.772,18.551168,0.0,73.3323,1013.2625,7.830012,10.086427
2016-12-10 18:30:00+00:00,26.122002,13.422,19.37825,0.0,69.59028,1013.1707,6.0691285,8.557102
2016-12-11 18:30:00+00:00,25.972,12.522,18.878248,0.0,65.95765,1014.0127,6.1658435,9.1641035
2016-12-12 18:30:00+00:00,24.722,12.172,18.311584,0.0,70.8763,1014.85425,6.4836903,9.659814
2016-12-13 18:30:00+00:00,24.172,12.672,17.769917,0.0,68.50113,1016.8875,8.661637,11.019764
2016-12-14 18:30:00+00:00,23.722,11.022,16.592833,0.0,58.223423,1016.6751,10.965417,17.873556
2016-12-15 18:30:00+00:00,22.922,8.572,15.563667,0.0,58.79431,1018.2292,6.9966946,9.449572
2016-12-16 18:30:00+00:00,22.872002,9.022,15.467834,0.0,62.762646,1017.5793,7.655438,10.97262
2016-12-17 18:30:00+00:00,22.322,9.122,15.180332,0.0,61.31934,1017.80835,8.231626,10.464797
2016-12-18 18:30:00+00:00,23.172,8.872,15.386585,0.0,58.923244,1017.56244,10.944715,14.565548
2016-12-19 18:30:00+00:00,24.322,12.022,17.226168,0.0,55.02409,1015.9959,16.30409,20.63023
2016-12-20 18:30:00+00:00,25.172,12.072,17.62825,0.0,50.36603,1015.7375,15.534137,18.681883
2016-12-21 18:30:00+00:00,23.822,10.572,16.480333,0.0,57.586624,1015.99567,9.033402,12.879752
2016-12-22 18:30:00+00:00,24.272001,8.472,16.388666,0.0,64.71722,1013.98334,4.44172,7.754637
2016-12-23 18:30:00+00:00,24.172,9.372,16.849085,0.0,70.19077,1011.24176,9.864918,12.287555
2016-12-24 18:30:00+00:00,21.572,11.122,15.994918,0.0,76.406235,1013.5959,10.468688,15.072783
2016-12-25 18:30:00+00:00,22.822,11.522,16.3095,0.0,72.349625,1017.0083,11.001449,12.768586
2016-12-26 18:30:00+00:00,23.172,10.022,15.922,0.0,64.455986,1017.11237,9.416869,12.10157
2016-12-27 18:30:00+00:00,23.972,8.872,16.3345,0.0,62.32132,1015.80426,5.8154035,8.217153
2016-12-28 18:30:00+00:00,23.122002,8.822,15.953252,0.0,74.66929,1016.50006,8.181833,9.387651
2016-12-29 18:30:00+00:00,21.972,10.972,15.92825,0.0,80.99073,1017.3499,9.544745,12.819235
2016-12-30 18:30:00+00:00,21.372002,10.322,15.461583,0.0,80.75613,1016.14166,9.536866,13.237038
2016-12-31 18:30:00+00:00,22.202,9.552,15.395751,0.0,80.204094,1016.4082,7.783156,10.390226
2017-01-01 18:30:00+00:00,21.402,10.752,15.537419,0.1,82.796,1018.3416,6.526592,10.1887
2017-01-02 18:30:00+00:00,22.252,10.952,16.316584,0.0,75.34718,1018.2,5.6262355,8.913181
2017-01-03 18:30:00+00:00,22.752,9.502,16.02492,0.0,78.50161,1015.8416,7.3951936,10.009036
2017-01-04 18:30:00+00:00,23.452,10.052,16.479082,0.0,76.38639,1014.2292,5.9037457,8.942214
2017-01-05 18:30:00+00:00,22.552,10.252,15.781169,0.0,80.35824,1011.5959,8.604413,13.0447235
2017-01-06 18:30:00+00:00,20.102,10.852,14.527001,2.6,83.128685,1011.03326,7.524545,11.874544
2017-01-07 18:30:00+00:00,18.702,10.052,13.7978325,0.0,79.46664,1014.821,8.115172,13.979871
2017-01-08 18:30:00+00:00,18.952,8.602,13.233251,0.0,72.18427,1015.3999,9.936864,12.324414
2017-01-09 18:30:00+00:00,16.752,7.052,11.310333,0.0,60.600723,1016.60815,11.6595545,16.831684
2017-01-10 18:30:00+00:00,16.001999,5.552,10.029083,0.0,55.0466,1016.90845,11.294642,15.496736
2017-01-11 18:30:00+00:00,16.902,4.852,10.352,0.0,61.94961,1016.64575,8.60127,11.212135
2017-01-12 18:30:00+00:00,17.902,5.502,10.627,0.0,64.66153,1017.20416,8.369639,11.983188
2017-01-13 18:30:00+00:00,18.552,6.052,11.7145,0.0,62.441586,1018.3584,6.1343174,10.315115
2017-01-14 18:30:00+00:00,19.952,7.702,13.479085,0.0,65.63612,1018.1167,6.8950543,10.805998
2017-01-15 18:30:00+00:00,19.652,10.002,13.93325,0.0,64.421005,1016.7625,11.783382,16.418526
2017-01-16 18:30:00+00:00,16.452,5.952,10.816583,0.0,74.07636,1018.6624,9.806935,15.072783
2017-01-17 18:30:00+00:00,19.002,5.902,11.858251,0.0,72.791985,1021.35834,8.388247,11.792404
2017-01-18 18:30:00+00:00,20.452,7.502,12.979084,0.0,65.78073,1022.9167,14.360252,18.844202
2017-01-19 18:30:00+00:00,18.952,7.052,12.19575,0.0,66.09035,1021.9626,12.911079,16.363178
2017-01-20 18:30:00+00:00,19.702,7.952,13.295751,0.0,64.04922,1020.2207,9.160146,12.599998
2017-01-21 18:30:00+00:00,22.952,9.902,15.749917,0.0,72.17989,1021.12085,7.532989,10.630672
2017-01-22 18:30:00+00:00,23.652,10.902,16.610334,0.0,74.54133,1019.7209,8.016385,10.1887
2017-01-23 18:30:00+00:00,24.902,11.302,17.568668,0.0,75.81435,1018.075,6.5016437,8.913181
2017-01-24 18:30:00+00:00,25.352,13.502,18.068668,17.400002,79.54565,1017.86237,10.957284,20.523157
2017-01-25 18:30:00+00:00,18.402,13.852,16.308249,37.699993,91.87676,1017.2292,8.479493,14.565548
2017-01-26 18:30:00+00:00,17.502,12.452,14.418667,2.3,81.9569,1017.85834,12.358589,20.674156
2017-01-27 18:30:00+00:00,19.552,10.052,14.212415,0.0,81.31077,1019.39594,9.923771,13.479583
2017-01-28 18:30:00+00:00,20.902,10.702,14.833252,0.0,82.98536,1017.09155,11.4126425,15.629971
2017-01-29 18:30:00+00:00,21.102,10.552,15.174918,0.0,81.434006,1015.7292,6.8301644,10.365251
2017-01-30 18:30:00+00:00,21.802,10.952,15.670751,0.0,84.186935,1015.2124,5.624672,9.885262
2017-01-31 18:30:00+00:00,20.952,10.502,14.837418,0.0,78.88861,1016.8125,9.072459,11.681987
2017-02-01 18:30:00+00:00,21.602,10.302,15.235333,0.0,76.40265,1018.97095,4.8188386,8.534353
2017-02-02 18:30:00+00:00,22.802,9.602,15.85825,0.0,79.410805,1017.72076,4.300094,7.2359104
2017-02-03 18:30:00+00:00,23.052,10.802,16.7145,0.0,84.67784,1014.2791,12.535861,18.25026
2017-02-04 18:30:00+00:00,21.652,14.852,17.712416,1.1,80.20089,1013.30835,10.637641,15.646544
2017-02-05 18:30:00+00:00,21.652,11.402,15.983251,0.1,77.549904,1015.60834,11.060956,17.057314
2017-02-06 18:30:00+00:00,19.802,9.402,13.92075,0.0,74.12658,1016.25824,10.843613,15.30741
2017-02-07 18:30:00+00:00,21.402,9.552,14.831168,0.0,73.46836,1015.0999,7.1315093,9.085988
2017-02-08 18:30:00+00:00,20.652,10.552,15.039502,0.0,70.40891,1015.8875,9.77903,16.323528
2017-02-09 18:30:00+00:00,20.752,10.002,14.443667,0.0,67.76244,1015.74176,11.939202,16.80857
2017-02-10 18:30:00+00:00,21.202,8.652,14.089499,0.0,67.17669,1016.22504,8.488822,10.383987
2017-02-11 18:30:00+00:00,21.702,8.752,15.326999,0.0,70.491646,1019.42505,5.9997525,7.928178
2017-02-12 18:30:00+00:00,22.402,10.552,15.73325,0.0,68.5337,1021.2708,9.94534,12.387348
2017-02-13 18:30:00+00:00,23.502,10.352,16.106169,0.0,65.381355,1021.4958,10.534921,13.392774
2017-02-14 18:30:00+00:00,24.752,10.952,17.316582,0.0,63.96655,1020.5208,9.373548,12.10157
2017-02-15 18:30:00+00:00,26.852,13.652,19.618668,0.0,64.77401,1018.06244,11.93533,16.179987
2017-02-16 18:30:00+00:00,26.302,14.802,19.8145,0.0,65.88331,1016.97076,11.492172,15.408671
2017-02-17 18:30:00+00:00,28.052,15.052,20.604082,0.0,67.72268,1016.82513,10.337441,13.276144
2017-02-18 18:30:00+00:00,28.202,15.102,21.79783,0.0,64.86068,1013.9043,6.93708,11.592895
2017-02-19 18:30:00+00:00,29.552,15.252,21.93325,0.0,64.81564,1006.33746,7.362989,12.738099
2017-02-20 18:30:00+00:00,24.452,14.752,19.524918,0.0,55.71768,1007.3333,11.114255,15.315873
2017-02-21 18:30:00+00:00,25.552,13.702,18.954086,0.0,56.667744,1011.77496,7.056026,11.113451
2017-02-22 18:30:00+00:00,24.102,12.502,17.70825,0.0,46.275608,1014.9043,13.574722,19.67195
2017-02-23 18:30:00+00:00,24.852,12.302,17.906166,0.0,40.82125,1016.2459,15.671256,23.617756
2017-02-24 18:30:00+00:00,26.302,13.002,18.512419,0.0,42.22142,1014.55,14.456101,21.578989
2017-02-25 18:30:00+00:00,25.802,13.152,18.568666,0.0,48.39481,1012.67896,12.54946,17.174677
2017-02-26 18:30:00+00:00,27.052,12.552,19.412416,0.0,50.760456,1013.9375,8.84142,11.113451
2017-02-27 18:30:00+00:00,28.352,14.052,21.44575,0.0,52.92938,1013.7583,5.4798436,10.24578
2017-02-28 18:30:00+00:00,27.352,15.802,21.552002,0.6,62.060516,1012.50836,7.525949,11.753876
2017-03-01 18:30:00+00:00,27.352,15.752,20.354082,0.1,63.708416,1012.1584,7.448582,12.6462
2017-03-02 18:30:00+00:00,26.102,14.152,19.781164,0.0,46.708405,1010.92084,11.042347,16.45007
2017-03-03 18:30:00+00:00,24.652,12.952,18.18117,0.0,45.75995,1010.21246,11.488892,15.408671
2017-03-04 18:30:00+00:00,26.402,12.802,19.041582,0.0,43.657276,1010.73737,13.435769,19.406637
2017-03-05 18:30:00+00:00,26.552,12.702,19.416584,0.0,46.036602,1010.45825,11.075006,15.778516
2017-03-06 18:30:00+00:00,27.402,13.652,19.841585,0.5,52.822857,1008.91254,6.753158,10.163227
2017-03-07 18:30:00+00:00,25.702,16.652,20.306166,0.70000005,53.08078,1008.2751,9.475144,16.171976
2017-03-08 18:30:00+00:00,25.802,14.502,19.139502,0.0,63.256,1007.6001,7.5600357,11.298495
2017-03-09 18:30:00+00:00,22.952,12.902,16.887419,8.7,79.45553,1006.81256,8.774078,16.394829
2017-03-10 18:30:00+00:00,22.452,11.952,16.289501,8.6,72.04123,1009.5793,10.449798,16.489416
2017-03-11 18:30:00+00:00,22.252,11.202,16.481169,0.0,60.06248,1013.9792,8.738878,16.279802
2017-03-12 18:30:00+00:00,23.702,10.702,16.660334,0.0,51.177338,1014.37085,10.589847,15.496736
2017-03-13 18:30:00+00:00,24.652,10.802,17.679083,0.0,52.38437,1016.10834,6.616654,9.686609
2017-03-14 18:30:00+00:00,27.652,12.752,19.781168,0.0,51.261898,1014.54156,8.487138,13.202726
2017-03-15 18:30:00+00:00,27.002,13.352,20.685335,0.0,52.35866,1011.6499,8.047889,15.175612
2017-03-16 18:30:00+00:00,26.602,14.852,20.251999,0.0,55.514843,1010.6709,11.904922,19.376562
2017-03-17 18:30:00+00:00,28.302,14.202,20.9895,0.0,50.30251,1010.4209,6.982248,10.495713
2017-03-18 18:30:00+00:00,27.952,15.802,21.10617,0.0,59.92364,1011.45416,9.469584,19.862083
2017-03-19 18:30:00+00:00,29.452,15.752,22.052002,0.0,54.069275,1012.77496,11.061057,16.563911
2017-03-20 18:30:00+00:00,32.052,16.252,23.699913,0.0,46.44885,1012.3501,9.921026,13.441071
2017-03-21 18:30:00+00:00,33.851997,18.402,25.674917,0.0,48.7913,1010.53754,9.808955,14.48972
2017-03-22 18:30:00+00:00,34.002,17.902,25.829084,0.1,50.49679,1009.2874,6.5204024,13.246826
2017-03-23 18:30:00+00:00,33.052,20.202,25.9895,0.0,48.59791,1009.80414,11.692948,13.783817
2017-03-24 18:30:00+00:00,32.502,18.702,25.387419,0.0,41.541412,1010.36676,12.103711,18.218275
2017-03-25 18:30:00+00:00,33.752,20.052,26.814497,0.0,40.01398,1011.17084,13.903713,19.469976
2017-03-26 18:30:00+00:00,35.901997,21.802,28.510332,0.0,40.309414,1010.04584,16.05201,23.950148
2017-03-27 18:30:00+00:00,36.552,22.252,28.912416,0.0,44.916626,1009.04175,10.646302,15.281989
2017-03-28 18:30:00+00:00,37.151997,24.152,29.818665,0.0,41.189037,1007.6917,13.666837,18.161278
2017-03-29 18:30:00+00:00,37.252,22.852,29.718668,0.0,37.00122,1007.5459,12.547199,16.375053
2017-03-30 18:30:00+00:00,37.851997,22.352,29.770752,0.0,39.248795,1008.1209,9.260427,13.039754
2017-03-31 18:30:00+00:00,37.851997,22.952,29.487417,0.0,32.455074,1006.31665,11.752812,25.77962
2017-04-01 18:30:00+00:00,36.702,23.002,29.395754,0.0,29.838942,1004.75824,13.408466,17.114204
2017-04-02 18:30:00+00:00,37.552,21.602,29.531166,0.5,29.947203,1005.01263,8.280308,13.854155
2017-04-03 18:30:00+00:00,36.401997,22.652,29.2895,0.6,31.572367,1006.4375,10.327645,15.546833
2017-04-04 18:30:00+00:00,34.502,22.052,28.214499,1.9,42.472836,1004.78754,15.545074,29.144442
2017-04-05 18:30:00+00:00,36.452,22.752,28.86242,0.0,38.352703,1003.1584,13.860427,19.803272
2017-04-06 18:30:00+00:00,33.101997,18.502,26.191584,0.0,34.51221,1007.2334,7.999288,12.096214
2017-04-07 18:30:00+00:00,32.802,18.052,25.418665,0.0,21.016634,1010.10004,10.161811,14.904173
2017-04-08 18:30:00+00:00,31.902,19.502,25.51867,0.0,22.808397,1011.27075,17.071884,21.650938
2017-04-09 18:30:00+00:00,33.202,18.702,26.077002,0.0,21.68551,1009.5124,18.60208,28.51282
2017-04-10 18:30:00+00:00,36.151997,19.552,28.124916,0.0,23.282341,1007.3958,17.377188,28.51282
2017-04-11 18:30:00+00:00,38.101997,21.302,29.476997,0.0,25.92639,1006.4834,13.49937,21.817902
2017-04-12 18:30:00+00:00,38.401997,21.552,30.633253,0.0,25.72213,1006.6751,7.4472275,12.10157
2017-04-13 18:30:00+00:00,38.702,21.302,30.00825,1.0,29.946428,1005.3916,8.524615,11.770403
2017-04-14 18:30:00+00:00,39.901997,21.602,31.40825,0.0,25.289492,1003.09985,8.519618,16.171976
2017-04-15 18:30:00+00:00,39.802,22.952,31.635336,0.0,28.008131,1003.5708,8.691738,15.175612
2017-04-16 18:30:00+00:00,40.502,22.052,31.441582,0.0,38.40644,1004.82904,8.53449,13.1041975
2017-04-17 18:30:00+00:00,41.452,25.952,33.135334,0.0,28.77683,1003.42505,8.838031,16.055355
2017-04-18 18:30:00+00:00,41.101997,27.102,34.05409,0.0,20.245934,1001.43756,11.091144,17.399586
2017-04-19 18:30:00+00:00,41.952,27.352,34.185333,0.0,22.757448,999.6208,9.579657,16.62249
2017-04-20 18:30:00+00:00,41.802,24.102,33.168667,0.3,33.914604,1000.02075,9.277265,21.659916
2017-04-21 18:30:00+00:00,40.351997,26.002,33.018665,0.0,36.26034,1001.60425,11.7767515,23.933908
2017-04-22 18:30:00+00:00,38.002,24.902,30.856165,0.0,39.016953,1003.05414,9.491728,17.974781
2017-04-23 18:30:00+00:00,35.752,23.852,29.974916,1.7,30.439308,1004.25415,11.717908,23.535301
2017-04-24 18:30:00+00:00,36.851997,23.652,30.226997,0.0,25.773771,1004.84155,13.926929,19.652176
2017-04-25 18:30:00+00:00,37.601997,22.352,29.918669,0.0,24.03209,1005.22925,10.654497,25.189713
2017-04-26 18:30:00+00:00,37.901997,22.852,30.824913,1.0,22.553152,1006.4126,10.706956,18.626305
2017-04-27 18:30:00+00:00,37.601997,23.752,30.743668,0.1,27.832582,1005.76245,9.140788,13.207634
2017-04-28 18:30:00+00:00,37.052,23.952,30.229082,0.2,32.663033,1005.39594,6.948252,14.707222
2017-04-29 18:30:00+00:00,36.202,23.102,29.687422,2.0,34.85016,1005.6833,10.36218,18.806337
2017-04-30 18:30:00+00:00,36.401997,21.202,29.252007,0.0,35.176846,1007.8833,6.7357373,11.753877
2017-05-01 18:30:00+00:00,37.702,23.002,31.349915,0.0,25.418816,1008.4124,5.3179774,10.538843
2017-05-02 18:30:00+00:00,38.351997,24.152,31.047836,0.0,29.61161,1006.45,9.173017,20.12461
2017-05-03 18:30:00+00:00,38.401997,23.202,30.927,0.0,28.393494,1007.2375,12.95346,24.826954
2017-05-04 18:30:00+00:00,38.952,22.102,31.612417,0.0,25.052328,1006.4333,9.475135,14.24163
2017-05-05 18:30:00+00:00,40.452,26.502,33.114502,0.0,24.481163,1005.9417,5.5160427,11.457958
2017-05-06 18:30:00+00:00,42.052,27.252,34.797832,0.0,22.13392,1005.03345,6.1351395,13.207634
2017-05-07 18:30:00+00:00,41.851997,26.952,34.454086,1.0,22.397852,1004.07086,8.616393,16.418526
2017-05-08 18:30:00+00:00,42.601997,25.802,34.19783,0.0,25.156034,1001.98346,10.150842,18.335276
2017-05-09 18:30:00+00:00,39.802,26.352,32.399918,0.4,40.994724,1004.15015,11.389989,16.489416
2017-05-10 18:30:00+00:00,39.151997,26.402,32.647835,0.1,40.32864,1005.6043,8.868119,16.575644
2017-05-11 18:30:00+00:00,39.952,26.552,33.2145,2.3,35.47378,1005.8374,6.814686,16.904673
2017-05-12 18:30:00+00:00,41.151997,25.852,33.72075,0.0,32.703213,1004.104,7.848257,18.161278
2017-05-13 18:30:00+00:00,42.702,26.252,34.949917,0.0,23.188774,1001.08325,8.204524,14.168641
2017-05-14 18:30:00+00:00,42.752,27.352,35.437416,0.0,20.907454,999.33734,10.483728,18.455048
2017-05-15 18:30:00+00:00,41.002,28.152,34.512417,0.0,24.510805,999.4583,12.706608,18.03237
2017-05-16 18:30:00+00:00,35.702,25.702,31.397833,0.3,37.291794,1001.69165,6.833004,16.75064
2017-05-17 18:30:00+00:00,38.651997,25.302,31.514502,0.3,41.812542,1002.49164,7.7709394,18.844202
2017-05-18 18:30:00+00:00,40.502,25.402,33.19367,0.0,35.767105,1002.25824,8.867614,18.089775
2017-05-19 18:30:00+00:00,39.702,25.902,32.718674,0.0,32.06202,1001.38745,7.17873,11.592895
2017-05-20 18:30:00+00:00,38.901997,26.452,32.24783,0.0,34.4619,1001.1917,10.357542,17.873556
2017-05-21 18:30:00+00:00,37.351997,24.352,30.654083,0.90000004,43.89726,1003.7708,6.178311,16.73516
2017-05-22 18:30:00+00:00,38.202,25.752,31.779085,0.0,40.655163,1003.9416,10.13337,20.364674
2017-05-23 18:30:00+00:00,40.002,25.002,32.622833,0.0,39.288113,1001.7625,6.8381367,15.379206
2017-05-24 18:30:00+00:00,40.151997,25.952,33.151997,0.0,40.06216,1000.7,8.65219,20.12461
2017-05-25 18:30:00+00:00,42.351997,26.652,34.55825,0.0,35.141582,999.01263,8.453076,17.22742
2017-05-26 18:30:00+00:00,40.752,27.702,33.172836,2.0,44.096085,998.1833,11.389573,28.019936
2017-05-27 18:30:00+00:00,38.502,27.902,32.581165,2.2,51.79842,998.7541,14.480183,21.817902
2017-05-28 18:30:00+00:00,35.702,25.702,30.399918,0.0,55.361576,999.3625,11.600228,18.844202
2017-05-29 18:30:00+00:00,36.752,24.502,30.606169,0.1,57.107258,998.10834,6.536532,15.7908325
2017-05-30 18:30:00+00:00,37.351997,26.252,31.124918,0.5,56.27625,999.3167,9.779784,17.076298
2017-05-31 18:30:00+00:00,38.101997,26.002,31.858255,0.0,54.804844,1001.21246,7.023764,15.815435
2017-06-01 18:30:00+00:00,40.002,25.602,33.410336,0.0,43.62976,1000.8792,8.004822,14.982228
2017-06-02 18:30:00+00:00,42.401997,28.852,35.879086,0.0,33.72237,998.69165,12.235114,19.373219
2017-06-03 18:30:00+00:00,43.802,30.352,37.618664,0.0,25.091368,997.45,17.798399,25.516865
2017-06-04 18:30:00+00:00,43.351997,34.552,38.44367,0.0,29.33927,998.0334,20.972841,29.487053
2017-06-05 18:30:00+00:00,41.752,32.601997,37.222836,0.0,35.936626,999.72504,17.143702,28.817993
2017-06-06 18:30:00+00:00,36.351997,28.052,32.28325,0.4,55.961197,1003.32916,11.063339,23.576563
2017-06-07 18:30:00+00:00,36.351997,27.602,31.712416,2.8,56.53447,1002.25006,5.8692284,18.678415
2017-06-08 18:30:00+00:00,36.802,26.702,31.295746,0.0,54.671436,1001.20416,6.232798,12.181625
2017-06-09 18:30:00+00:00,38.601997,26.752,32.04575,0.0,52.4677,1000.2041,5.867787,23.675303
2017-06-10 18:30:00+00:00,38.952,25.852,32.5395,0.0,43.006287,999.28754,7.402962,15.124284
2017-06-11 18:30:00+00:00,39.252,26.452,32.97492,0.0,41.143433,998.1291,8.145747,17.654688
2017-06-12 18:30:00+00:00,41.002,27.502,34.09575,2.3,37.012245,997.57086,9.830588,24.967499
2017-06-13 18:30:00+00:00,41.452,28.552,34.95825,0.0,32.448822,999.64996,14.455327,20.519999
2017-06-14 18:30:00+00:00,39.702,28.152,33.760334,0.0,43.280422,1000.17084,10.623927,20.771093
2017-06-15 18:30:00+00:00,36.552,25.502,31.029089,0.4,49.456272,1000.29987,6.1624756,16.135872
2017-06-16 18:30:00+00:00,37.752,24.652,30.637413,11.2,62.525677,1000.27515,7.137258,12.758432
2017-06-17 18:30:00+00:00,36.601997,26.602,31.412415,2.5,63.654438,998.8791,8.049154,19.852295
2017-06-18 18:30:00+00:00,35.952,29.002,32.19367,1.9000001,60.860355,997.2249,10.049634,23.686249
2017-06-19 18:30:00+00:00,35.702,26.002,30.36242,5.3999996,67.29243,998.07935,5.1901503,14.4
2017-06-20 18:30:00+00:00,34.401997,25.452,29.606169,4.0,64.648674,998.64996,9.3135,15.349684
2017-06-21 18:30:00+00:00,34.702,25.602,29.720747,2.7,63.24948,999.8291,9.014681,16.171976
2017-06-22 18:30:00+00:00,33.702,25.652,29.94575,6.3999996,65.46307,1000.0999,7.0886283,13.32
2017-06-23 18:30:00+00:00,36.702,26.902,32.160336,0.0,57.287304,997.4417,4.5041094,6.8399997
2017-06-24 18:30:00+00:00,37.901997,29.152,33.724915,0.0,54.222046,997.0083,7.294042,12.313893
2017-06-25 18:30:00+00:00,38.202,29.052,34.212418,1.1,55.419098,998.36255,9.535663,14.336861
2017-06-26 18:30:00+00:00,37.851997,28.552,32.968662,1.9000001,60.735535,998.3875,10.429671,14.618837
2017-06-27 18:30:00+00:00,35.452,26.402,29.889498,7.7,77.09777,999.1084,11.650737,19.45333
2017-06-28 18:30:00+00:00,31.652,25.852,28.20617,6.4999995,83.64547,998.875,10.097178,18.837324
2017-06-29 18:30:00+00:00,31.102,25.502,27.933256,12.599999,86.33471,996.9834,6.7676396,10.685391
2017-06-30 18:30:00+00:00,31.052,26.652,28.714506,26.7,85.16847,995.7043,4.393299,6.696387
2017-07-01 18:30:00+00:00,31.702,25.202,28.137415,16.1,85.92379,996.82513,7.9892917,12.303366
2017-07-02 18:30:00+00:00,33.401997,25.952,29.299917,8.5,79.88024,997.26666,4.7414713,13.556282
2017-07-03 18:30:00+00:00,35.302,28.002,31.289497,6.8,70.57875,995.85815,14.996335,27.66384
2017-07-04 18:30:00+00:00,35.601997,28.052,31.383245,0.1,65.17651,996.76263,12.324109,18.416384
2017-07-05 18:30:00+00:00,35.802,27.552,30.974915,0.6,64.70717,998.8001,8.598788,15.4800005
2017-07-06 18:30:00+00:00,35.202,26.452,30.549917,0.2,71.16686,1000.2666,8.424296,13.570615
2017-07-07 18:30:00+00:00,35.952,27.052,31.666582,0.0,65.98354,1000.0625,8.664099,16.279802
2017-07-08 18:30:00+00:00,36.752,28.902,32.977,0.0,56.37341,998.91235,12.279309,22.66857
2017-07-09 18:30:00+00:00,37.101997,29.852,32.93325,0.0,53.235245,999.20825,14.869567,23.863409
2017-07-10 18:30:00+00:00,35.651997,28.252,31.127,0.4,61.751698,999.8291,9.56237,15.484185
2017-07-11 18:30:00+00:00,31.002,26.452,28.620752,2.1,76.71151,1001.26245,9.536046,13.324863
2017-07-12 18:30:00+00:00,32.502,26.402,29.429087,0.70000005,71.07459,1000.6209,11.907787,18.057508
2017-07-13 18:30:00+00:00,33.552,27.152,30.04367,0.5,71.47927,999.66675,12.26955,19.523155
2017-07-14 18:30:00+00:00,32.452,27.452,29.652,2.3999999,76.20107,999.8001,11.4888315,15.315873
2017-07-15 18:30:00+00:00,33.452,26.852,30.052,6.4999995,78.04928,999.37494,7.7973228,13.797913
2017-07-16 18:30:00+00:00,33.351997,27.202,29.881166,5.3,79.25465,999.52075,7.471535,13.084402
2017-07-17 18:30:00+00:00,33.502,27.002,30.097834,4.5,79.753044,999.56256,5.6010056,12.7279215
2017-07-18 18:30:00+00:00,35.502,28.302,31.658249,5.5,70.4651,998.1418,5.6341195,9.826088
2017-07-19 18:30:00+00:00,33.351997,25.452,29.468666,7.9,77.78727,997.63324,8.650155,14.799459
2017-07-20 18:30:00+00:00,32.502,27.702,29.37075,7.7000003,77.78376,997.8708,10.750046,15.84
2017-07-21 18:30:00+00:00,32.002,26.552,27.958252,5.5999994,82.39832,997.96674,15.555844,20.240196
2017-07-22 18:30:00+00:00,32.052,25.702,27.739496,3.8999999,83.14866,996.8333,16.47816,22.065973
2017-07-23 18:30:00+00:00,30.352,25.202,27.5645,2.6,82.50153,996.4417,13.432923,19.201874
2017-07-24 18:30:00+00:00,30.302,25.502,27.516584,6.7,84.02077,996.88745,11.244461,18.692286
2017-07-25 18:30:00+00:00,32.151997,25.352,28.899916,2.8,77.98291,999.10425,9.983772,16.418526
2017-07-26 18:30:00+00:00,33.151997,26.752,29.6645,0.6,74.310326,1000.8376,11.541247,19.721298
2017-07-27 18:30:00+00:00,32.851997,27.052,29.501999,0.4,74.22114,1001.41254,13.697708,23.762726
2017-07-28 18:30:00+00:00,31.502,26.702,28.929083,2.0,76.447395,1001.12915,16.381441,24.522314
2017-07-29 18:30:00+00:00,31.652,26.052,28.812418,1.7,78.60948,1001.0083,8.735858,12.879752
2017-07-30 18:30:00+00:00,30.602,25.952,27.51867,10.8,83.81289,1001.3501,7.3451614,15.141414
2017-07-31 18:30:00+00:00,28.202,25.602,26.481169,24.7,92.17164,1001.61255,9.644941,15.876775
2017-08-01 18:30:00+00:00,31.702,26.152,28.435335,0.8000001,80.79139,1000.73346,10.042219,16.24394
2017-08-02 18:30:00+00:00,32.552,26.752,29.66242,0.2,71.89013,998.2668,14.0966,21.659918
2017-08-03 18:30:00+00:00,32.651997,26.902,29.535332,0.1,70.308075,997.2541,10.611207,16.766108
2017-08-04 18:30:00+00:00,33.502,27.302,29.966585,0.1,70.20815,999.0833,6.6095614,14.24163
2017-08-05 18:30:00+00:00,32.851997,27.902,29.499918,2.7000003,75.55705,1000.43335,7.6493497,13.627795
2017-08-06 18:30:00+00:00,32.002,26.202,28.75617,13.800001,83.752426,1001.45416,4.446626,8.473393
2017-08-07 18:30:00+00:00,32.351997,25.802,28.49158,15.6,86.85613,1001.7874,4.1751113,7.208994
2017-08-08 18:30:00+00:00,31.152,25.502,27.731169,28.099998,89.19537,1000.8333,5.0390615,9.360001
2017-08-09 18:30:00+00:00,32.052,26.202,28.816584,7.9999995,80.23583,999.28345,11.294047,17.906157
2017-08-10 18:30:00+00:00,34.401997,27.602,30.333252,0.1,68.83964,998.5041,18.477901,21.915693
2017-08-11 18:30:00+00:00,33.351997,27.352,30.041582,0.2,68.54589,998.4751,19.952618,31.035257
2017-08-12 18:30:00+00:00,33.302,26.852,29.670752,0.0,70.63468,1000.6125,14.252686,19.917469
2017-08-13 18:30:00+00:00,32.752,26.102,29.50825,0.0,69.555756,1003.7749,7.6542892,10.514218
2017-08-14 18:30:00+00:00,32.851997,27.102,29.927,0.3,69.24038,1002.7791,9.4289465,14.386494
2017-08-15 18:30:00+00:00,34.752,27.802,30.754084,0.0,64.80651,1000.3376,13.286087,17.811815
2017-08-16 18:30:00+00:00,36.002,27.752,31.552002,0.0,61.747204,999.23334,12.270676,19.296133
2017-08-17 18:30:00+00:00,35.901997,27.702,31.264502,0.0,63.299362,1000.1584,10.8119135,17.026896
2017-08-18 18:30:00+00:00,30.152,26.902,28.170752,7.9999995,84.03801,1002.88324,10.982493,15.226764
2017-08-19 18:30:00+00:00,32.851997,26.202,29.527,0.0,75.20042,1002.4375,11.475293,17.072504
2017-08-20 18:30:00+00:00,32.601997,26.702,28.9395,6.7,80.92905,1001.2917,9.535695,12.429127
2017-08-21 18:30:00+00:00,32.851997,26.702,29.104086,0.6,80.56205,1001.48737,7.624478,13.556282
2017-08-22 18:30:00+00:00,31.502,26.352,28.154089,8.800001,85.93308,1003.0334,6.00379,10.296251
2017-08-23 18:30:00+00:00,32.401997,25.602,28.749916,1.0,83.899605,1002.21655,5.4085565,9.007196
2017-08-24 18:30:00+00:00,31.502,25.852,28.19992,4.7,85.03318,1000.8252,4.367802,8.825508
2017-08-25 18:30:00+00:00,32.002,25.052,27.679085,15.4,86.74757,999.8293,4.638535,7.289444
2017-08-26 18:30:00+00:00,33.101997,25.002,28.406168,1.1,83.72311,999.90424,5.4965744,10.495713
2017-08-27 18:30:00+00:00,29.102,25.552,27.272835,8.0,84.85006,1001.12494,11.681236,18.64369
2017-08-28 18:30:00+00:00,30.352,25.852,27.833252,9.7,81.14716,1001.01666,14.626628,22.61419
2017-08-29 18:30:00+00:00,31.402,26.252,28.012419,6.2999997,82.73616,1001.87067,12.578983,16.808569
2017-08-30 18:30:00+00:00,28.052,24.702,26.233253,33.4,90.28864,1002.94995,7.9748273,12.522619
2017-08-31 18:30:00+00:00,30.052,24.852,27.333252,6.2,80.16077,1002.88745,10.252715,18.359999
2017-09-01 18:30:00+00:00,27.852,25.002,25.968666,30.4,85.11182,1003.2209,8.949296,15.137133
2017-09-02 18:30:00+00:00,31.252,24.402,27.766592,0.4,77.91831,1003.54584,5.61449,10.630672
2017-09-03 18:30:00+00:00,32.952,25.352,28.9395,0.3,75.592995,1004.73755,10.404505,18.556595
2017-09-04 18:30:00+00:00,32.202,25.652,28.69575,0.70000005,76.8191,1004.86255,9.62129,14.84318
2017-09-05 18:30:00+00:00,32.202,26.052,28.854086,0.3,73.76215,1005.06665,7.872313,14.24163
2017-09-06 18:30:00+00:00,32.202,24.102,27.89992,7.1,79.16363,1005.73755,6.644134,10.44
2017-09-07 18:30:00+00:00,32.302,24.902,28.547834,0.4,78.77641,1005.9248,5.985288,10.883676
2017-09-08 18:30:00+00:00,33.651997,25.152,29.399918,0.0,73.51672,1004.44586,7.3214803,11.923557
2017-09-09 18:30:00+00:00,34.952,25.602,30.066587,0.0,70.786865,1004.7376,5.4283767,8.891344
2017-09-10 18:30:00+00:00,34.851997,25.952,29.858252,0.0,71.80482,1006.48334,5.0534325,16.954432
2017-09-11 18:30:00+00:00,34.151997,26.002,29.777,0.0,69.08691,1007.01666,4.955646,9.983106
2017-09-12 18:30:00+00:00,34.651997,26.102,30.091583,0.0,68.53752,1006.5208,5.398981,7.6367526
2017-09-13 18:30:00+00:00,33.002,26.352,29.414503,0.1,72.28183,1006.0457,3.8959787,8.905908
2017-09-14 18:30:00+00:00,34.452,25.702,29.691584,0.0,67.25567,1004.91254,6.938685,11.720751
2017-09-15 18:30:00+00:00,34.002,26.102,29.147835,0.0,65.68301,1004.7625,6.194248,14.973577
2017-09-16 18:30:00+00:00,34.401997,26.202,29.335337,0.2,61.262604,1004.2,9.573657,16.946787
2017-09-17 18:30:00+00:00,35.452,24.902,29.741583,0.0,59.647614,1003.63745,10.050341,17.518356
2017-09-18 18:30:00+00:00,34.151997,25.052,29.435335,0.0,74.656364,1003.20416,5.656767,10.105681
2017-09-19 18:30:00+00:00,35.851997,25.102,29.741583,0.0,67.27631,1002.52905,5.245621,10.495713
2017-09-20 18:30:00+00:00,33.651997,24.702,28.937416,0.0,72.49651,1002.6667,9.087117,14.480773
2017-09-21 18:30:00+00:00,27.702,23.952,25.95617,28.4,83.5354,1003.1125,11.891907,17.610588
2017-09-22 18:30:00+00:00,27.852,23.052,24.877005,8.1,88.39422,1004.74994,12.441441,22.473343
2017-09-23 18:30:00+00:00,32.601997,21.552,26.38325,0.0,76.05983,1006.84576,11.188632,18.720001
2017-09-24 18:30:00+00:00,34.601997,23.402,28.762413,0.0,66.86713,1005.0916,7.6988215,13.684735
2017-09-25 18:30:00+00:00,34.151997,24.852,29.260336,0.0,63.362152,1005.7375,4.841202,11.246759
2017-09-26 18:30:00+00:00,35.401997,23.502,29.029083,0.0,62.84662,1006.17914,6.257236,9.3876505
2017-09-27 18:30:00+00:00,35.552,23.802,29.631165,0.0,56.599472,1005.27924,5.8077674,10.383987
2017-09-28 18:30:00+00:00,35.151997,23.352,29.447832,0.0,58.550808,1004.8166,6.015241,13.441071
2017-09-29 18:30:00+00:00,36.302,24.352,29.858253,0.0,54.918747,1006.80005,6.4354796,12.43434
2017-09-30 18:30:00+00:00,37.452,22.752,29.352,0.0,53.108902,1006.69586,8.057,13.608762
2017-10-01 18:30:00+00:00,37.702,22.502,29.320753,0.0,50.33504,1005.72504,8.557428,15.30741
2017-10-02 18:30:00+00:00,37.202,22.302,29.558249,0.0,41.5732,1006.9499,7.5280824,15.778518
2017-10-03 18:30:00+00:00,36.302,22.702,28.870749,0.0,55.82617,1008.39575,7.4920716,14.471821
2017-10-04 18:30:00+00:00,36.101997,23.302,29.131166,0.0,57.294636,1008.5208,8.385261,16.23596
2017-10-05 18:30:00+00:00,35.952,23.502,29.012413,0.0,48.33278,1008.41254,8.036764,13.441071
2017-10-06 18:30:00+00:00,35.202,22.852,28.483246,0.0,43.328625,1007.62915,7.2119293,11.592895
2017-10-07 18:30:00+00:00,35.502,22.552,28.464506,0.0,50.937305,1006.85425,5.7781086,10.105681
2017-10-08 18:30:00+00:00,35.502,22.752,28.858253,0.0,52.42209,1007.1667,6.090503,9.3876505
2017-10-09 18:30:00+00:00,35.202,22.552,28.57492,0.0,54.740112,1006.78754,5.8039937,8.311245
2017-10-10 18:30:00+00:00,35.052,22.502,28.433252,0.0,53.076527,1006.91254,5.8621993,7.653705
2017-10-11 18:30:00+00:00,35.052,23.202,28.691587,0.0,50.360752,1006.57495,5.4820695,12.599998
2017-10-12 18:30:00+00:00,35.351997,22.102,28.595749,0.0,45.30823,1004.7666,7.392589,10.630672
2017-10-13 18:30:00+00:00,36.601997,21.752,28.349915,0.0,46.405346,1004.3709,6.896898,12.879752
2017-10-14 18:30:00+00:00,36.901997,22.552,28.716578,0.0,44.95338,1004.82495,5.447228,10.703569
2017-10-15 18:30:00+00:00,36.101997,21.502,28.14367,0.0,45.451412,1005.7959,6.8828354,11.212135
2017-10-16 18:30:00+00:00,34.702,20.452,27.204084,0.0,44.714386,1007.35834,8.202123,12.768586
2017-10-17 18:30:00+00:00,34.702,20.352,26.866585,0.0,50.031326,1008.45,7.463001,14.264361
2017-10-18 18:30:00+00:00,34.552,20.152,27.50617,0.0,58.879704,1008.3584,5.8110976,8.427383
2017-10-19 18:30:00+00:00,34.252,22.502,28.33742,0.0,54.907505,1007.9793,5.901239,9.585739
2017-10-20 18:30:00+00:00,35.702,22.152,28.229086,0.0,45.990894,1006.5583,6.2480435,14.84318
2017-10-21 18:30:00+00:00,36.202,19.852,27.116585,0.0,45.29112,1005.6584,8.491698,14.20062
2017-10-22 18:30:00+00:00,34.851997,20.802,27.25825,0.0,42.24555,1007.66656,6.812942,9.659814
2017-10-23 18:30:00+00:00,33.952,20.152,26.477003,0.0,46.912235,1010.75836,8.183889,13.783817
2017-10-24 18:30:00+00:00,32.802,18.452,25.1145,0.0,42.534306,1013.33734,6.0841594,9.422101
2017-10-25 18:30:00+00:00,32.401997,17.602,24.94575,0.0,49.107555,1014.15826,7.5530906,9.422101
2017-10-26 18:30:00+00:00,30.652,17.502,23.616585,0.8,61.68567,1013.42505,6.756283,10.1376915
2017-10-27 18:30:00+00:00,32.002,17.552,24.43325,0.0,57.272045,1012.8586,5.887817,9.83268
2017-10-28 18:30:00+00:00,31.202,17.802,24.156164,0.0,58.25587,1015.00006,6.506923,9.422101
2017-10-29 18:30:00+00:00,30.702,19.252,24.081167,0.0,56.785038,1015.2292,5.77377,10.365251
2017-10-30 18:30:00+00:00,30.152,18.852,23.995752,0.0,60.556046,1013.37506,5.655697,9.339208
2017-10-31 18:30:00+00:00,30.952,17.602,23.547834,0.0,64.72791,1014.26245,7.4940095,10.948973
2017-11-01 18:30:00+00:00,31.002,18.202,23.843666,0.0,67.322395,1013.28345,5.700192,8.647496
2017-11-02 18:30:00+00:00,29.952,18.852,23.958246,0.0,67.213036,1013.3833,5.5858703,8.942214
2017-11-03 18:30:00+00:00,29.202,18.352,23.458252,0.0,68.86256,1015.39996,6.1359124,8.404285
2017-11-04 18:30:00+00:00,29.402,19.152,23.856169,0.0,61.812088,1015.6458,4.2802753,8.654987
2017-11-05 18:30:00+00:00,29.752,17.802,23.54992,0.0,59.234653,1014.6582,6.2157426,9.0645685
2017-11-06 18:30:00+00:00,29.352,17.502,23.210335,0.0,64.25508,1014.28326,5.6291165,9.114471
2017-11-07 18:30:00+00:00,29.952,16.702,23.016584,0.0,63.711,1014.1501,5.2769628,10.028439
2017-11-08 18:30:00+00:00,29.552,16.352,22.774918,0.0,65.47434,1013.24176,5.4676833,9.693296
2017-11-09 18:30:00+00:00,29.452,16.402,22.427002,0.0,63.63107,1014.08325,6.285913,10.390226
2017-11-10 18:30:00+00:00,28.702,15.752,22.037415,0.0,60.415462,1014.821,5.7584643,11.013882
2017-11-11 18:30:00+00:00,28.152,15.952,21.672836,0.0,62.33968,1012.6125,5.6313896,9.605998
2017-11-12 18:30:00+00:00,27.802,15.302,20.806168,0.0,66.321785,1011.05414,6.811147,9.565437
2017-11-13 18:30:00+00:00,27.602,14.752,20.685335,0.0,64.49017,1010.9209,9.27864,15.072783
2017-11-14 18:30:00+00:00,26.552,15.602,20.660334,0.0,63.239014,1012.49603,7.885685,9.793059
2017-11-15 18:30:00+00:00,25.852,15.652,20.506166,0.1,62.058407,1013.8293,8.037612,11.620809
2017-11-16 18:30:00+00:00,25.602,16.001999,20.389502,0.0,65.07974,1014.36255,9.254916,11.753877
2017-11-17 18:30:00+00:00,25.002,16.652,20.362417,0.5,66.53976,1014.75836,11.544341,16.075521
2017-11-18 18:30:00+00:00,25.052,15.952,19.276999,0.0,49.764942,1016.0042,13.48692,18.161278
2017-11-19 18:30:00+00:00,23.152,12.102,17.377,0.0,48.015728,1017.3166,11.954369,14.618837
2017-11-20 18:30:00+00:00,23.452,12.152,17.037418,0.0,48.10086,1015.35004,12.236793,19.09358
2017-11-21 18:30:00+00:00,24.352,11.802,17.3145,0.0,45.769886,1014.3249,12.335132,16.299694
2017-11-22 18:30:00+00:00,24.252,11.352,17.099916,0.0,41.9519,1013.51245,11.287595,13.684735
2017-11-23 18:30:00+00:00,25.002,11.552,17.677,0.0,41.262104,1015.02075,10.563721,12.538134
2017-11-24 18:30:00+00:00,25.102,12.502,17.7145,0.0,46.655136,1015.67084,9.414651,12.55879
2017-11-25 18:30:00+00:00,25.802,11.152,17.837416,0.0,51.625366,1016.97076,6.9145074,10.163227
2017-11-26 18:30:00+00:00,25.802,12.302,18.010332,0.0,50.69461,1014.35004,11.294797,16.58346
2017-11-27 18:30:00+00:00,26.602,12.052,18.210335,0.0,49.641254,1013.29175,8.764914,10.787993
2017-11-28 18:30:00+00:00,26.402,11.802,18.570751,0.0,57.271942,1015.44165,5.745234,8.654986
2017-11-29 18:30:00+00:00,26.202,11.752,18.24575,0.0,60.84085,1015.5042,5.164677,11.043261
2017-11-30 18:30:00+00:00,24.452,10.052,17.218668,0.0,56.131733,1015.54175,6.229429,10.163227
2017-12-01 18:30:00+00:00,23.752,11.602,17.2395,0.0,54.080887,1016.66656,4.3657546,9.504272
2017-12-02 18:30:00+00:00,23.302,10.352,17.231169,0.0,54.554287,1016.4541,4.124948,9.0645685
2017-12-03 18:30:00+00:00,22.852,11.052,17.016586,0.0,57.669575,1014.75836,4.444613,7.9932966
2017-12-04 18:30:00+00:00,23.302,14.752,18.151999,0.0,58.498127,1014.91254,5.6443315,11.901798
2017-12-05 18:30:00+00:00,21.702,14.102,17.920752,0.0,51.179623,1014.375,8.603064,13.849477
2017-12-06 18:30:00+00:00,22.752,14.702,17.937418,0.0,33.992756,1015.15424,11.201874,13.246826
2017-12-07 18:30:00+00:00,23.952,11.552,16.852,0.0,36.579296,1015.4958,11.650926,14.84318
2017-12-08 18:30:00+00:00,24.252,10.752,16.616587,0.0,40.40094,1015.05835,7.2845783,10.390226
2017-12-09 18:30:00+00:00,24.152,13.252,17.535334,0.0,50.853775,1015.1877,4.2273345,9.0
2017-12-10 18:30:00+00:00,22.802,12.652,17.11867,1.6000001,62.719845,1013.99164,5.8800397,9.531505
2017-12-11 18:30:00+00:00,21.602,13.302,16.616583,2.5999997,80.99917,1015.2666,5.3160257,9.585739
2017-12-12 18:30:00+00:00,20.302,10.852,14.337417,0.0,82.59495,1017.89996,7.8615265,11.808878
2017-12-13 18:30:00+00:00,20.952,9.702,13.799915,0.0,70.85836,1019.21655,9.691165,12.287555
2017-12-14 18:30:00+00:00,20.452,8.402,13.418667,0.0,66.94704,1020.18756,13.455567,16.489416
2017-12-15 18:30:00+00:00,19.552,8.102,13.07075,0.0,63.73959,1021.42914,15.764263,19.296135
2017-12-16 18:30:00+00:00,21.152,8.702,14.137418,0.0,49.801624,1021.2791,17.806068,21.980644
2017-12-17 18:30:00+00:00,23.052,10.302,15.90825,0.0,44.202763,1020.03345,19.26426,23.358423
2017-12-18 18:30:00+00:00,22.902,10.602,15.799918,0.0,52.133713,1019.5334,12.974042,18.504139
2017-12-19 18:30:00+00:00,22.702,11.602,16.04575,0.0,64.09992,1020.7209,9.22274,13.237038
2017-12-20 18:30:00+00:00,23.602,12.002,16.579084,0.0,71.1034,1020.7791,9.142689,12.074766
2017-12-21 18:30:00+00:00,23.452,12.302,16.822836,0.0,63.884,1018.675,15.525765,20.88
2017-12-22 18:30:00+00:00,22.752,11.452,15.974917,0.0,58.702976,1015.3584,13.442769,17.595861
2017-12-23 18:30:00+00:00,22.202,9.502,15.4395,0.0,62.909454,1015.6667,4.00342,8.287822
2017-12-24 18:30:00+00:00,22.352,9.252,15.329083,0.0,66.15525,1017.43335,8.535145,13.044722
2017-12-25 18:30:00+00:00,22.802,9.502,15.164501,0.0,68.38686,1017.6541,8.863055,11.304229
2017-12-26 18:30:00+00:00,23.252,9.502,15.858251,0.0,61.617783,1016.82916,6.595764,11.525623
2017-12-27 18:30:00+00:00,23.452,8.652,15.489501,0.0,63.736668,1016.68744,5.540174,9.693296
2017-12-28 18:30:00+00:00,21.952,8.952,14.789501,0.0,72.694305,1017.32904,6.7419605,8.669949
2017-12-29 18:30:00+00:00,21.552,8.702,14.564502,0.0,70.87872,1017.30835,6.4553046,8.78872
2017-12-30 18:30:00+00:00,21.002,8.052,14.004085,0.0,68.86141,1016.08746,4.836604,9.114471
2017-12-31 18:30:00+00:00,20.402,6.952,13.5645,0.0,62.603836,1014.3167,5.5245976,10.00256
2018-01-01 18:30:00+00:00,20.002,6.452,12.94575,0.0,67.3574,1014.7666,5.7481666,8.373386
2018-01-02 18:30:00+00:00,20.152,6.552,12.34575,0.0,71.972725,1015.271,7.0772767,10.703569
2018-01-03 18:30:00+00:00,20.402,6.502,12.24575,0.0,73.0581,1015.375,6.8084526,10.703569
2018-01-04 18:30:00+00:00,20.202,6.052,12.185333,0.0,75.56946,1014.92084,7.485689,10.495713
2018-01-05 18:30:00+00:00,20.302,6.502,12.908249,0.0,73.532524,1013.9666,4.9900274,7.69592
2018-01-06 18:30:00+00:00,19.002,7.352,12.599918,0.0,65.764336,1015.05414,11.985162,15.778516
2018-01-07 18:30:00+00:00,19.802,7.502,12.764501,0.0,64.883606,1016.67096,10.327795,14.33234
2018-01-08 18:30:00+00:00,20.102,6.802,12.735333,0.0,68.33408,1018.73346,9.420387,11.631956
2018-01-09 18:30:00+00:00,21.202,8.102,13.949917,0.0,63.964615,1018.2375,13.628539,16.73516
2018-01-10 18:30:00+00:00,21.502,9.152,14.472835,0.0,59.1131,1016.73755,14.419162,17.654688
2018-01-11 18:30:00+00:00,22.252,9.602,15.314502,0.0,53.217407,1015.57086,10.583325,15.725037
2018-01-12 18:30:00+00:00,22.452,8.202,14.629085,0.0,62.464645,1015.84174,7.089536,9.511088
2018-01-13 18:30:00+00:00,22.102,8.302,14.133248,0.0,64.11656,1015.84174,8.732042,11.923557
2018-01-14 18:30:00+00:00,21.902,8.552,14.410333,0.0,59.411846,1016.15424,12.447965,15.990646
2018-01-15 18:30:00+00:00,22.402,9.352,15.116585,0.0,52.226665,1013.80426,10.984742,16.071491
2018-01-16 18:30:00+00:00,21.302,5.852,12.687416,0.0,75.57196,1014.69995,9.178362,12.074766
2018-01-17 18:30:00+00:00,24.452,9.152,15.591582,0.0,75.365425,1015.32916,5.3079944,9.779817
2018-01-18 18:30:00+00:00,23.752,11.252,16.522833,0.0,71.59757,1015.6707,9.660142,12.313894
2018-01-19 18:30:00+00:00,22.102,9.652,14.764503,0.0,62.794525,1014.99585,11.930078,15.463246
2018-01-20 18:30:00+00:00,21.752,7.752,14.856168,0.0,51.053486,1014.26263,6.564776,11.384199
2018-01-21 18:30:00+00:00,21.352,8.702,14.243668,0.0,66.79931,1012.90405,7.1978016,9.531505
2018-01-22 18:30:00+00:00,16.702,9.252,13.091583,4.8999996,82.49265,1010.6125,9.175714,15.077082
2018-01-23 18:30:00+00:00,17.952,8.102,12.8395,0.0,81.678444,1013.82916,8.851953,13.276144
2018-01-24 18:30:00+00:00,19.752,8.802,13.337417,0.0,78.21488,1013.096,11.833031,14.57889
2018-01-25 18:30:00+00:00,20.502,7.952,13.19575,0.0,78.14968,1013.8542,7.370188,11.019764
2018-01-26 18:30:00+00:00,20.652,7.952,13.102002,0.0,76.40324,1013.7668,7.155249,9.511088
2018-01-27 18:30:00+00:00,21.652,7.502,13.354083,0.0,72.90974,1014.5251,7.838301,10.685391
2018-01-28 18:30:00+00:00,22.402,8.552,14.408252,0.0,71.12244,1015.99176,10.187688,14.021525
2018-01-29 18:30:00+00:00,24.602,10.702,16.899916,0.0,63.457066,1015.34155,16.13074,20.808498
2018-01-30 18:30:00+00:00,24.502,12.752,17.827002,0.0,61.590515,1014.30414,17.43563,21.924562
2018-01-31 18:30:00+00:00,25.952,12.452,18.13325,0.0,62.49042,1014.30005,10.169973,14.799459
2018-02-01 18:30:00+00:00,24.702,12.002,17.574917,0.0,70.22733,1012.25415,8.325925,11.480557
2018-02-02 18:30:00+00:00,23.652,11.852,16.833252,0.0,57.986984,1014.94147,9.737313,11.966954
2018-02-03 18:30:00+00:00,22.052,9.252,14.816585,0.0,54.517475,1015.70825,11.652794,15.192682
2018-02-04 18:30:00+00:00,22.252,8.602,15.195748,0.0,51.81145,1017.4749,7.097525,10.44
2018-02-05 18:30:00+00:00,22.102,12.152,16.32075,0.0,48.708576,1017.54584,11.027888,14.904173
2018-02-06 18:30:00+00:00,22.502,10.252,15.139501,0.0,47.014385,1014.87085,12.016585,16.595179
2018-02-07 18:30:00+00:00,22.152,8.952,14.601997,0.0,54.07477,1013.92505,7.094091,10.787993
2018-02-08 18:30:00+00:00,22.952,8.752,15.277,0.0,54.711807,1013.88336,7.80835,9.511088
2018-02-09 18:30:00+00:00,23.352,9.552,17.166586,0.0,48.324413,1016.05835,5.5387306,10.365251
2018-02-10 18:30:00+00:00,23.652,10.902,16.45617,0.2,58.1772,1015.4876,10.920627,19.602652
2018-02-11 18:30:00+00:00,22.802,12.902,16.370752,0.0,77.97044,1017.15826,12.78714,17.673029
2018-02-12 18:30:00+00:00,21.802,11.052,15.68325,0.0,79.76539,1022.30426,7.3753448,13.684735
2018-02-13 18:30:00+00:00,22.302,10.552,16.09367,0.0,62.771515,1022.1958,14.920883,20.88
2018-02-14 18:30:00+00:00,23.752,12.452,17.291584,0.0,61.750134,1019.8792,15.249686,21.638964
2018-02-15 18:30:00+00:00,24.902,12.452,18.2145,0.0,64.56279,1018.27924,11.9498625,17.782686
2018-02-16 18:30:00+00:00,25.752,13.102,18.812416,0.0,62.937275,1013.0125,12.000375,16.055355
2018-02-17 18:30:00+00:00,25.452,12.402,18.016584,0.0,59.69013,1011.88324,8.18316,10.823973
2018-02-18 18:30:00+00:00,25.802,11.952,18.202002,0.0,52.42851,1013.50415,6.2156353,8.78872
2018-02-19 18:30:00+00:00,27.302,12.552,19.952002,0.0,52.36058,1013.2,6.997871,10.883676
2018-02-20 18:30:00+00:00,29.602,13.852,21.943666,0.0,56.5999,1010.9084,4.4807086,8.942214
2018-02-21 18:30:00+00:00,29.952,14.452,21.856165,1.2,60.7433,1009.9167,5.010194,9.178235
2018-02-22 18:30:00+00:00,28.952,16.502,22.133255,0.0,68.53565,1010.08344,5.4802814,8.557102
2018-02-23 18:30:00+00:00,29.052,16.902,21.501999,1.8000001,72.775024,1012.08746,7.35507,15.986595
2018-02-24 18:30:00+00:00,28.002,16.702,21.366583,0.0,68.677635,1015.3376,10.420359,15.580141
2018-02-25 18:30:00+00:00,27.852,15.502,20.997835,0.0,59.84007,1013.59985,16.008764,22.608458
2018-02-26 18:30:00+00:00,29.652,16.752,22.126999,0.0,56.95293,1012.675,10.656299,14.799459
2018-02-27 18:30:00+00:00,30.252,15.402,22.51867,0.0,62.125492,1012.7332,7.015654,13.779114
2018-02-28 18:30:00+00:00,30.402,15.452,22.552002,0.0,60.575375,1010.8708,7.4691696,10.787993
2018-03-01 18:30:00+00:00,31.152,17.252,23.699915,0.0,53.567398,1009.45013,8.339409,16.199999
2018-03-02 18:30:00+00:00,31.702,16.502,23.199919,0.0,54.018127,1007.4751,7.131699,10.365251
2018-03-03 18:30:00+00:00,28.302,16.852,21.564499,3.3999999,60.942005,1009.0708,10.660098,18.175545
2018-03-04 18:30:00+00:00,27.552,15.502,21.308252,0.0,53.75919,1012.70825,10.614758,15.192682
2018-03-05 18:30:00+00:00,27.952,15.552,21.160337,0.0,46.68901,1013.66235,13.168923,18.899143
2018-03-06 18:30:00+00:00,28.952,14.802,21.229082,0.0,49.56073,1012.55835,10.861977,15.629971
2018-03-07 18:30:00+00:00,29.552,16.452,22.84575,0.0,49.958664,1013.3499,4.166324,10.028439
2018-03-08 18:30:00+00:00,30.952,16.652,23.18325,0.1,50.116364,1013.4792,7.7114525,11.753876
2018-03-09 18:30:00+00:00,31.802,17.752,23.999916,0.0,44.06512,1012.4375,12.8898,14.84318
2018-03-10 18:30:00+00:00,31.652,17.902,23.822836,0.0,48.447117,1011.4541,10.45169,13.0447235
2018-03-11 18:30:00+00:00,32.601997,16.852,24.391586,0.0,48.457676,1011.5459,9.212987,14.77755
2018-03-12 18:30:00+00:00,34.552,17.852,25.254082,0.0,47.2011,1009.6833,8.140475,11.090103
2018-03-13 18:30:00+00:00,33.002,17.402,24.86867,0.0,38.650238,1007.76245,7.311031,11.681987
2018-03-14 18:30:00+00:00,30.902,19.052,24.433252,0.70000005,38.93734,1008.0916,9.980389,17.072504
2018-03-15 18:30:00+00:00,30.152,17.402,23.606169,0.1,41.845,1009.2,7.5160503,14.689588
2018-03-16 18:30:00+00:00,29.952,16.602,23.031168,0.0,36.097126,1010.64575,12.00718,16.800856
2018-03-17 18:30:00+00:00,31.502,16.902,23.73742,0.0,36.044144,1011.8,10.220983,15.315873
2018-03-18 18:30:00+00:00,32.601997,16.902,24.374916,0.0,38.36186,1013.2458,6.5358424,9.504272
2018-03-19 18:30:00+00:00,33.101997,18.002,25.437416,0.0,43.21684,1010.2583,5.5058217,11.367109
2018-03-20 18:30:00+00:00,32.002,19.152,24.447836,0.0,50.13393,1008.12494,9.798666,17.076298
2018-03-21 18:30:00+00:00,29.902,17.452,23.4395,0.0,54.308117,1009.1917,8.103517,12.371645
2018-03-22 18:30:00+00:00,29.252,18.052,23.312416,0.0,49.554108,1010.24164,10.801704,13.783817
2018-03-23 18:30:00+00:00,31.702,18.502,24.816582,0.0,43.399097,1012.60834,10.891701,14.003028
2018-03-24 18:30:00+00:00,33.151997,19.402,25.629084,0.0,40.428047,1013.69586,12.47516,18.11841
2018-03-25 18:30:00+00:00,34.601997,20.002,26.599916,0.0,37.698574,1011.92084,12.988003,18.089775
2018-03-26 18:30:00+00:00,35.851997,19.202,27.124916,0.0,35.53733,1008.64996,9.325132,13.70839
2018-03-27 18:30:00+00:00,36.802,19.752,28.747833,0.0,32.338562,1007.6792,9.974911,14.658676
2018-03-28 18:30:00+00:00,36.101997,20.752,27.795752,0.0,32.09528,1007.4248,12.913265,20.421871
2018-03-29 18:30:00+00:00,36.052,21.502,28.079086,0.0,28.589533,1005.12085,14.430032,23.469128
2018-03-30 18:30:00+00:00,33.502,17.352,25.227,0.0,48.794704,1007.13336,9.141001,14.113653
2018-03-31 18:30:00+00:00,33.101997,19.802,25.979082,0.0,47.775955,1008.94165,8.574297,12.413477
2018-04-01 18:30:00+00:00,35.052,20.052,27.647833,0.0,47.269154,1009.13336,7.9197354,13.70839
2018-04-02 18:30:00+00:00,36.052,21.652,28.808252,0.0,43.316193,1007.80005,8.230195,20.523157
2018-04-03 18:30:00+00:00,37.702,21.002,29.145752,0.0,37.78246,1005.47095,8.088769,14.205182
2018-04-04 18:30:00+00:00,37.302,21.852,29.143667,1.6,41.607006,1004.2207,8.623328,14.759999
2018-04-05 18:30:00+00:00,35.252,21.402,27.726997,4.1,54.467728,1006.07916,7.3496437,13.910169
2018-04-06 18:30:00+00:00,32.901997,21.252,26.881166,1.8000002,54.323822,1008.17926,9.128568,15.124284
2018-04-07 18:30:00+00:00,33.252,21.052,26.674921,3.3000002,55.606075,1009.1335,10.612988,16.171976
2018-04-08 18:30:00+00:00,32.802,21.802,25.835337,6.7999997,60.047775,1010.18744,8.56265,15.03835
2018-04-09 18:30:00+00:00,34.002,20.552,26.949919,5.1000004,57.009796,1008.2708,7.6784134,15.696165
2018-04-10 18:30:00+00:00,32.901997,21.702,25.937418,2.1,61.27449,1007.84174,11.321892,21.068459
2018-04-11 18:30:00+00:00,32.101997,20.752,25.629082,0.1,59.16652,1007.55835,5.5001984,10.041354
2018-04-12 18:30:00+00:00,33.151997,20.352,26.745752,0.0,42.08325,1008.5959,6.7173734,9.0
2018-04-13 18:30:00+00:00,35.351997,19.802,27.922836,0.0,32.621456,1007.47925,8.184732,12.475961
2018-04-14 18:30:00+00:00,36.452,21.302,29.397835,0.0,33.249077,1006.77094,5.891422,13.684735
2018-04-15 18:30:00+00:00,37.101997,22.702,29.658249,0.0,35.278324,1007.11255,8.992981,15.463244
2018-04-16 18:30:00+00:00,35.802,22.952,29.535334,1.3,34.628952,1008.21246,7.7336497,13.684735
2018-04-17 18:30:00+00:00,36.901997,23.002,29.710333,0.0,26.807207,1007.8042,15.452892,24.482647
2018-04-18 18:30:00+00:00,37.952,22.952,30.356169,0.0,26.131561,1004.1416,10.223315,21.413193
2018-04-19 18:30:00+00:00,38.552,22.252,30.597832,0.0,25.77894,1002.82904,15.833013,28.496904
2018-04-20 18:30:00+00:00,34.101997,20.052,27.235334,0.0,27.286089,1007.32495,12.08188,16.039202
2018-04-21 18:30:00+00:00,34.552,21.052,27.522835,0.0,24.920992,1008.33746,13.774545,18.875126
2018-04-22 18:30:00+00:00,35.752,21.502,28.674913,0.0,20.962505,1007.54584,13.703629,20.12461
2018-04-23 18:30:00+00:00,38.052,22.402,30.06867,0.0,19.44592,1006.20435,11.617063,20.466246
2018-04-24 18:30:00+00:00,40.552,22.952,32.135334,0.0,18.29128,1003.3792,8.594191,14.904173
2018-04-25 18:30:00+00:00,41.952,26.852,33.516575,0.0,17.622194,1001.47504,11.692337,15.986595
2018-04-26 18:30:00+00:00,38.702,24.152,30.487417,0.9,42.088444,1004.80005,10.584227,16.981165
2018-04-27 18:30:00+00:00,38.552,24.702,30.697832,2.2,44.84013,1004.76666,11.471604,21.26744
2018-04-28 18:30:00+00:00,38.851997,24.052,31.587418,2.5,40.135937,1002.3625,9.210855,23.34455
2018-04-29 18:30:00+00:00,39.202,24.352,31.522833,1.6,37.343594,1000.18744,9.86153,15.905319
2018-04-30 18:30:00+00:00,38.002,24.702,31.231165,0.8,48.767506,1003.1709,15.220841,22.415602
2018-05-01 18:30:00+00:00,37.002,23.252,30.022833,19.199999,55.467434,1004.3999,15.0762415,28.410364
2018-05-02 18:30:00+00:00,34.601997,23.152,28.718666,0.0,60.810482,1005.55835,14.310837,20.49156
2018-05-03 18:30:00+00:00,34.101997,24.552,29.279083,0.0,55.97679,1005.89575,11.750901,20.275385
2018-05-04 18:30:00+00:00,37.752,23.902,30.354082,0.2,48.9119,1005.04584,6.546692,12.224107
2018-05-05 18:30:00+00:00,38.351997,24.602,31.706167,0.0,35.56547,1005.18335,9.398018,19.914217
2018-05-06 18:30:00+00:00,37.302,25.202,30.806168,0.0,35.072754,1003.83325,7.8427567,16.56
2018-05-07 18:30:00+00:00,33.802,23.252,27.393671,4.7000003,44.211857,1004.1165,9.859618,27.553526
2018-05-08 18:30:00+00:00,35.802,20.952,28.037416,1.6,44.93783,1006.23334,7.2407994,18.709612
2018-05-09 18:30:00+00:00,37.851997,22.102,30.172834,0.0,39.085194,1007.0,7.7427154,13.755579
2018-05-10 18:30:00+00:00,40.151997,24.702,32.83742,0.0,34.070404,1004.05,5.8477798,12.768586
2018-05-11 18:30:00+00:00,39.752,27.302,32.899918,2.0,37.99868,1003.20844,8.541366,23.363974
2018-05-12 18:30:00+00:00,37.601997,24.952,29.604082,6.4,56.206127,1003.3083,10.602796,23.683512
2018-05-13 18:30:00+00:00,36.702,22.752,29.774918,2.4,55.404465,1004.4668,7.7303004,13.1041975
2018-05-14 18:30:00+00:00,37.151997,24.602,30.622833,0.0,54.141953,1003.37085,7.991148,12.413476
2018-05-15 18:30:00+00:00,38.702,25.602,31.537416,0.0,45.411938,1002.1416,5.913448,21.67487
2018-05-16 18:30:00+00:00,39.601997,25.702,32.177,0.0,33.328617,1002.35004,6.373492,18.204042
2018-05-17 18:30:00+00:00,38.802,25.702,32.28742,0.0,32.400654,1001.77094,6.433708,18.359999
2018-05-18 18:30:00+00:00,38.351997,25.752,32.024914,0.7,39.82292,1002.2292,6.598831,15.124284
2018-05-19 18:30:00+00:00,39.752,26.152,32.87075,0.0,32.118053,1003.07916,10.422246,14.512064
2018-05-20 18:30:00+00:00,40.601997,27.352,33.854084,0.0,18.180729,1003.2251,11.540409,14.05845
2018-05-21 18:30:00+00:00,42.401997,28.102,35.34367,0.0,18.42745,1002.12085,11.076241,15.978484
2018-05-22 18:30:00+00:00,42.151997,28.152,34.88325,0.0,25.311203,1000.9792,8.944761,16.039202
2018-05-23 18:30:00+00:00,41.552,28.352,34.401997,0.0,28.51101,1000.47925,9.26465,15.893093
2018-05-24 18:30:00+00:00,42.101997,25.802,34.720753,0.0,28.411314,1000.63745,6.7530937,12.768586
2018-05-25 18:30:00+00:00,43.052,27.802,35.456173,0.0,16.293186,999.6375,7.1190867,12.413477
2018-05-26 18:30:00+00:00,43.151997,26.102,34.99992,0.0,17.015705,998.98755,9.779437,19.64558
2018-05-27 18:30:00+00:00,41.901997,26.402,34.074917,0.0,28.912691,997.38336,7.656711,13.049689
2018-05-28 18:30:00+00:00,41.952,26.802,34.114506,0.0,31.368591,996.52075,10.982048,20.345573
2018-05-29 18:30:00+00:00,39.252,27.202,32.47075,1.3,50.073853,998.325,10.038857,18.391737
2018-05-30 18:30:00+00:00,41.302,26.552,33.72492,0.0,45.945816,1000.1043,8.021532,17.643673
2018-05-31 18:30:00+00:00,41.252,29.252,34.035336,0.8,46.89783,1000.9832,13.510697,21.602999
2018-06-01 18:30:00+00:00,39.252,27.302,33.3645,0.0,46.929882,1001.6375,12.809442,18.043148
2018-06-02 18:30:00+00:00,37.651997,28.502,33.164494,0.0,51.42172,999.6209,11.303909,17.227419
2018-06-03 18:30:00+00:00,40.502,29.402,34.847836,0.0,44.502857,998.5708,12.903075,17.935081
2018-06-04 18:30:00+00:00,39.552,30.802,35.370747,1.0,44.751507,1000.7375,14.194923,20.46941
2018-06-05 18:30:00+00:00,39.002,30.652,34.135334,0.0,52.194138,1002.06256,11.132901,20.364674
2018-06-06 18:30:00+00:00,39.552,28.952,34.387413,0.0,51.577717,998.3001,6.5071206,12.620554
2018-06-07 18:30:00+00:00,40.752,30.702,35.199917,0.0,50.926884,994.875,12.545868,20.393293
2018-06-08 18:30:00+00:00,37.601997,28.002,32.02492,1.6999999,66.47834,994.78754,13.128942,20.991426
2018-06-09 18:30:00+00:00,36.952,26.802,31.793669,3.1,66.24965,995.20825,6.3355346,14.205182
2018-06-10 18:30:00+00:00,39.302,29.052,34.468666,0.0,48.964767,993.3042,11.234711,18.03237
2018-06-11 18:30:00+00:00,41.302,30.202,35.88117,0.0,40.748775,990.6917,14.172893,24.066206
2018-06-12 18:30:00+00:00,40.601997,32.302,36.47491,0.0,36.176193,991.0833,18.044582,26.836306
2018-06-13 18:30:00+00:00,40.252,31.352,36.062412,0.0,36.91975,992.97095,18.49845,28.054604
2018-06-14 18:30:00+00:00,39.252,32.151997,35.389503,0.0,35.463142,995.29987,16.80755,27.343414
2018-06-15 18:30:00+00:00,39.502,31.652,35.235332,0.0,38.938377,997.25836,14.210599,25.264202
2018-06-16 18:30:00+00:00,37.601997,29.152,32.851997,0.0,53.312744,998.36676,9.28985,14.57889
2018-06-17 18:30:00+00:00,37.651997,26.952,31.552002,2.5,54.96213,998.94995,7.6416926,22.691423
2018-06-18 18:30:00+00:00,38.702,26.402,32.997833,0.0,49.86845,998.77905,6.333181,13.755579
2018-06-19 18:30:00+00:00,39.901997,28.952,34.66658,0.0,44.83096,999.2751,6.051335,11.885453
2018-06-20 18:30:00+00:00,40.502,29.552,35.302,0.0,41.757183,998.9458,7.003966,14.84318
2018-06-21 18:30:00+00:00,41.351997,31.202,36.204082,0.0,35.946117,997.79175,5.7568073,13.32
2018-06-22 18:30:00+00:00,41.302,29.802,35.89992,0.0,38.429417,997.2417,7.508988,19.855558
2018-06-23 18:30:00+00:00,40.502,31.352,35.593666,0.0,40.74939,996.81256,7.240116,14.336861
2018-06-24 18:30:00+00:00,40.151997,31.352,36.33533,0.0,36.51223,994.60406,11.7888,18.335276
2018-06-25 18:30:00+00:00,35.752,29.902,32.86659,0.0,52.470554,995.28754,7.1519084,12.758432
2018-06-26 18:30:00+00:00,34.452,25.702,29.429087,24.699999,76.50036,997.7166,9.686132,15.617529
2018-06-27 18:30:00+00:00,33.002,25.402,28.622833,10.2,81.35515,998.85406,13.2359495,19.995398
2018-06-28 18:30:00+00:00,33.601997,25.252,29.222834,11.099998,77.66015,998.68744,15.107441,24.162947
2018-06-29 18:30:00+00:00,33.002,26.402,29.562414,2.9999995,80.36599,999.36664,6.8958282,11.91812
2018-06-30 18:30:00+00:00,34.851997,28.252,31.454084,0.8000001,68.826744,998.3542,12.723313,18.899143
2018-07-01 18:30:00+00:00,35.851997,26.552,31.777,0.3,64.7828,996.3791,10.964908,18.72346
2018-07-02 18:30:00+00:00,35.252,28.352,31.733253,0.5,62.32925,996.09985,9.307803,12.879752
2018-07-03 18:30:00+00:00,33.552,26.602,30.102003,2.9,69.920975,996.7043,9.4186325,20.163212
2018-07-04 18:30:00+00:00,35.401997,27.352,31.283249,0.3,66.91396,997.8376,5.4423146,11.183201
2018-07-05 18:30:00+00:00,36.452,27.752,31.914503,0.0,61.98205,997.87506,7.803021,14.4
2018-07-06 18:30:00+00:00,37.151997,27.752,32.66242,0.0,59.49162,997.0959,7.307115,11.4862
2018-07-07 18:30:00+00:00,38.401997,28.652,33.499916,0.0,56.70822,996.00836,6.457769,11.923557
2018-07-08 18:30:00+00:00,38.202,29.352,33.639507,0.1,59.489532,995.9583,8.3101845,14.685176
2018-07-09 18:30:00+00:00,37.702,29.402,33.729084,0.0,62.405365,996.45825,8.765506,13.246826
2018-07-10 18:30:00+00:00,37.601997,28.852,32.331165,4.3,69.04242,995.97906,7.9171963,16.279802
2018-07-11 18:30:00+00:00,33.702,26.052,30.04159,10.299999,77.95847,995.8875,7.135674,14.241629
2018-07-12 18:30:00+00:00,32.401997,26.352,29.404085,5.2,79.59428,996.99164,6.977637,12.979984
2018-07-13 18:30:00+00:00,32.601997,25.202,28.543665,10.099999,83.9321,996.71246,7.2522736,12.0694
2018-07-14 18:30:00+00:00,32.702,26.302,29.283249,5.7999988,84.5223,996.2083,7.2460055,11.298495
2018-07-15 18:30:00+00:00,32.851997,27.202,29.59575,8.1,83.59598,996.74567,8.887941,15.893093
2018-07-16 18:30:00+00:00,33.851997,27.352,30.616585,3.4,77.98041,996.9165,8.027139,13.441071
2018-07-17 18:30:00+00:00,33.151997,28.552,30.262419,12.299999,79.8809,997.69147,8.181144,14.48972
2018-07-18 18:30:00+00:00,32.851997,26.952,30.239496,8.3,81.41534,997.5708,5.698141,13.039754
2018-07-19 18:30:00+00:00,32.452,26.652,29.354082,4.0,84.681915,997.0251,4.216844,7.928177
2018-07-20 18:30:00+00:00,30.802,25.902,28.289503,14.199999,89.017334,997.625,5.1624885,8.473393
2018-07-21 18:30:00+00:00,29.702,25.602,27.54367,17.999998,89.92051,997.9167,4.5620103,8.669949
2018-07-22 18:30:00+00:00,32.351997,25.702,28.806168,9.600001,84.88009,997.47925,6.125973,11.966953
2018-07-23 18:30:00+00:00,33.052,26.652,29.874916,2.3,79.47094,998.06256,5.464885,11.874544
2018-07-24 18:30:00+00:00,32.351997,26.902,28.827002,9.9,84.45664,997.8291,6.3499475,13.37825
2018-07-25 18:30:00+00:00,29.952,25.502,27.118668,18.6,88.73461,998.01666,8.811277,17.238699
2018-07-26 18:30:00+00:00,30.402,25.552,27.154085,11.200002,87.70335,997.17914,7.249596,12.287555
2018-07-27 18:30:00+00:00,31.802,25.402,28.241587,3.8999999,83.9497,997.8916,10.71757,19.137648
2018-07-28 18:30:00+00:00,33.252,25.852,29.258253,2.3000002,78.7157,998.0584,9.274067,13.556282
2018-07-29 18:30:00+00:00,33.702,26.402,29.502,1.7,76.72448,997.81665,10.6926155,16.071491
2018-07-30 18:30:00+00:00,34.452,27.102,29.843666,1.9000001,75.47668,997.02924,10.546869,15.629972
2018-07-31 18:30:00+00:00,34.651997,26.102,30.179083,0.70000005,72.313805,997.2293,11.725469,17.462782
2018-08-01 18:30:00+00:00,34.752,27.552,30.758255,0.0,67.0915,998.75824,10.65646,19.13426
2018-08-02 18:30:00+00:00,34.351997,28.352,30.754084,0.0,64.399605,999.22076,13.205106,20.598795
2018-08-03 18:30:00+00:00,34.752,28.302,30.616585,0.0,63.372437,998.8418,12.083369,18.888851
2018-08-04 18:30:00+00:00,32.552,27.252,29.329086,0.0,70.24201,998.92914,10.056317,12.979984
2018-08-05 18:30:00+00:00,28.152,25.702,26.824915,2.1,84.05748,999.46674,4.499308,7.69592
2018-08-06 18:30:00+00:00,29.752,25.102,26.764502,4.9,88.95758,999.35425,4.7935762,9.885262
2018-08-07 18:30:00+00:00,31.502,24.852,27.670752,6.2,87.008026,999.8543,7.7475505,12.72283
2018-08-08 18:30:00+00:00,32.702,26.302,29.356173,2.5,81.41918,1001.9001,7.5212827,13.0447235
2018-08-09 18:30:00+00:00,33.151997,26.802,29.75825,2.8,81.75204,1001.09576,5.0589986,12.738099
2018-08-10 18:30:00+00:00,33.901997,26.402,29.943672,2.8999999,76.66689,997.8669,13.312459,19.386591
2018-08-11 18:30:00+00:00,32.601997,27.352,29.258253,2.1000001,75.892075,995.80835,7.8181596,11.966954
2018-08-12 18:30:00+00:00,32.302,26.602,29.339502,0.7,73.875626,996.82086,4.5372815,8.311245
2018-08-13 18:30:00+00:00,33.302,26.502,29.768663,0.7,76.31841,998.0208,5.48176,10.182337
2018-08-14 18:30:00+00:00,32.651997,26.802,29.060333,5.9,83.859406,999.84174,7.5391808,11.27553
2018-08-15 18:30:00+00:00,32.151997,26.652,29.031172,3.9999998,85.705345,1001.175,5.739435,9.83268
2018-08-16 18:30:00+00:00,32.651997,26.652,29.477005,1.0000001,83.75206,998.82916,8.47114,13.779114
2018-08-17 18:30:00+00:00,32.002,27.102,29.452002,8.1,84.07215,998.62915,5.791064,10.495713
2018-08-18 18:30:00+00:00,32.101997,27.252,29.229086,7.0,85.84183,998.5999,5.5149655,10.691453
2018-08-19 18:30:00+00:00,33.252,26.602,29.410332,4.2,85.38895,999.86664,4.314883,9.726664
2018-08-20 18:30:00+00:00,33.002,25.952,29.385336,1.3,85.51346,999.5376,5.6086097,8.891344
2018-08-21 18:30:00+00:00,32.002,27.102,29.116587,7.8999996,85.936104,999.08746,5.2475843,9.449572
2018-08-22 18:30:00+00:00,32.252,26.302,28.347832,9.6,87.221985,1000.17914,8.348476,14.512064
2018-08-23 18:30:00+00:00,32.252,25.502,28.577003,11.400002,82.45704,999.60004,9.459873,17.917007
2018-08-24 18:30:00+00:00,32.752,26.452,28.668669,1.8000001,76.91988,998.97906,10.679165,17.81909
2018-08-25 18:30:00+00:00,32.952,25.752,28.922834,0.70000005,77.079506,998.4126,8.537044,15.782622
2018-08-26 18:30:00+00:00,30.152,25.602,27.827003,4.4999995,85.540276,1000.17914,5.9323807,10.182337
2018-08-27 18:30:00+00:00,30.752,25.552,27.520746,7.799999,87.89449,1001.11664,6.247954,12.313893
2018-08-28 18:30:00+00:00,31.152,25.952,28.120749,2.1000001,88.14405,1002.23737,5.3516154,10.636766
2018-08-29 18:30:00+00:00,32.401997,26.052,28.99575,0.8,87.01316,1000.1668,4.556107,9.422101
2018-08-30 18:30:00+00:00,34.151997,26.702,29.708246,0.5,78.62357,1000.2249,8.214334,13.627795
2018-08-31 18:30:00+00:00,31.952,26.252,28.395752,1.4000001,83.08554,1001.96674,6.314207,11.384198
2018-09-01 18:30:00+00:00,29.652,24.752,26.7395,29.800001,89.4421,1002.0833,5.676637,11.165805
2018-09-02 18:30:00+00:00,30.752,24.852,26.899923,3.1000001,88.64835,1002.35425,3.7340019,10.594036
2018-09-03 18:30:00+00:00,29.552,24.902,26.735336,8.6,90.559265,1002.98755,5.0927544,11.212135
2018-09-04 18:30:00+00:00,31.752,25.002,28.072836,0.0,82.12621,1001.9875,9.061155,18.668005
2018-09-05 18:30:00+00:00,31.552,25.402,28.039507,7.1,80.08667,1001.66656,7.6111283,19.06301
2018-09-06 18:30:00+00:00,30.702,25.402,27.966583,4.2,86.67847,1003.4167,5.3205547,17.174677
2018-09-07 18:30:00+00:00,31.052,25.102,27.183249,9.1,86.52952,1003.67084,13.108371,22.392462
2018-09-08 18:30:00+00:00,29.652,24.152,26.716585,1.1000001,83.712555,1004.9626,13.523617,21.288757
2018-09-09 18:30:00+00:00,31.002,24.352,27.45825,1.1000001,82.722305,1006.70844,5.9319577,8.714677
2018-09-10 18:30:00+00:00,31.552,25.102,27.791582,0.70000005,82.57902,1006.44574,8.112802,12.496719
2018-09-11 18:30:00+00:00,33.002,26.052,28.797834,0.8,74.74695,1003.75824,13.852962,21.659918
2018-09-12 18:30:00+00:00,32.452,25.752,28.843664,0.0,68.962395,1003.22906,13.302304,19.134262
2018-09-13 18:30:00+00:00,32.002,24.152,27.977,0.0,70.02497,1005.67084,8.266984,13.708391
2018-09-14 18:30:00+00:00,32.702,24.002,27.964502,0.0,67.23268,1007.29596,8.36556,13.104198
2018-09-15 18:30:00+00:00,32.901997,24.252,28.083252,0.0,64.58468,1006.19574,9.081956,13.830749
2018-09-16 18:30:00+00:00,32.552,22.652,27.999922,0.2,70.5467,1004.97504,7.291309,12.599998
2018-09-17 18:30:00+00:00,33.752,23.502,28.141584,0.0,65.234116,1005.125,8.173873,15.281989
2018-09-18 18:30:00+00:00,34.052,23.302,28.20408,0.0,65.98522,1005.0542,7.5491385,15.815435
2018-09-19 18:30:00+00:00,33.802,23.102,28.366583,0.0,70.18691,1005.2041,5.6620097,10.308831
2018-09-20 18:30:00+00:00,31.052,23.352,26.974916,2.7,78.45558,1007.4458,11.845211,17.76081
2018-09-21 18:30:00+00:00,28.202,23.102,25.099916,38.899998,88.1398,1007.69586,15.709759,22.33161
2018-09-22 18:30:00+00:00,29.202,23.952,25.806166,17.7,87.88318,1007.6333,18.391447,25.922499
2018-09-23 18:30:00+00:00,27.002,23.852,24.862417,12.400002,90.076515,1005.79987,12.621402,22.406927
2018-09-24 18:30:00+00:00,29.702,22.002,25.35617,0.0,81.20203,1007.25,13.414006,19.8
2018-09-25 18:30:00+00:00,31.402,22.002,26.258253,0.0,80.31489,1007.05,6.736038,10.464797
2018-09-26 18:30:00+00:00,32.252,22.202,27.035332,0.0,76.511856,1007.75,5.1386447,8.854829
2018-09-27 18:30:00+00:00,33.202,22.802,27.620752,0.0,70.78233,1008.54156,4.9562073,8.534353
2018-09-28 18:30:00+00:00,32.702,21.352,26.947832,0.0,62.21077,1009.3125,7.500007,12.819235
2018-09-29 18:30:00+00:00,32.651997,23.102,27.074919,0.0,73.822075,1008.81665,9.367641,13.493999
2018-09-30 18:30:00+00:00,33.502,22.352,27.410334,0.0,68.38439,1008.52496,6.395006,9.885262
2018-10-01 18:30:00+00:00,33.952,23.252,27.587416,0.0,61.79491,1009.10406,5.8771014,9.290511
2018-10-02 18:30:00+00:00,33.552,21.702,26.899918,0.2,60.21643,1008.5332,5.89695,10.365251
2018-10-03 18:30:00+00:00,33.401997,21.002,26.408255,0.0,64.4977,1010.05835,5.771749,13.556282
2018-10-04 18:30:00+00:00,32.601997,20.902,26.304085,0.2,66.07062,1011.2126,5.9143586,10.182337
2018-10-05 18:30:00+00:00,32.651997,21.452,26.277,0.0,63.289562,1010.94574,6.982761,10.440001
2018-10-06 18:30:00+00:00,32.002,20.652,26.033255,0.0,64.60192,1010.35004,5.247018,9.6932955
2018-10-07 18:30:00+00:00,32.351997,21.102,26.195747,0.0,65.47147,1008.81665,5.6992393,9.422101
2018-10-08 18:30:00+00:00,32.302,20.052,25.533249,0.0,72.70421,1007.67926,6.6720166,10.1887
2018-10-09 18:30:00+00:00,32.052,21.252,25.893667,0.0,73.662865,1008.35834,8.5488615,11.435313
2018-10-10 18:30:00+00:00,30.252,20.702,24.512419,0.0,77.63929,1010.01245,7.721422,17.555307
2018-10-11 18:30:00+00:00,30.352,18.752,23.964499,0.0,70.00335,1012.0916,5.762795,10.685391
2018-10-12 18:30:00+00:00,30.002,17.852,23.556168,0.0,62.20894,1012.59595,6.5070577,11.440978
2018-10-13 18:30:00+00:00,31.202,17.752,24.274916,0.0,54.25678,1011.8709,8.212611,13.004922
2018-10-14 18:30:00+00:00,31.352,19.752,25.231169,0.0,53.152634,1012.07513,4.931206,8.311245
2018-10-15 18:30:00+00:00,31.052,19.302,24.585333,0.0,66.6364,1011.61664,7.0925484,9.007196
2018-10-16 18:30:00+00:00,32.952,18.402,25.629084,0.0,62.826466,1009.9626,5.3415585,9.387651
2018-10-17 18:30:00+00:00,31.752,18.702,25.14575,0.6,67.09132,1009.51666,8.197999,14.512064
2018-10-18 18:30:00+00:00,32.252,19.252,25.518667,0.0,56.34465,1011.30835,6.26614,11.119281
2018-10-19 18:30:00+00:00,31.352,19.402,25.216583,0.0,51.819492,1013.4041,5.3858895,9.504273
2018-10-20 18:30:00+00:00,30.752,19.652,24.404085,0.0,47.90393,1014.2708,7.778311,10.464798
2018-10-21 18:30:00+00:00,30.152,17.052,22.868668,0.0,46.482006,1013.4792,8.809736,12.475961
2018-10-22 18:30:00+00:00,30.802,17.102,23.7145,0.0,40.962944,1013.02924,6.483448,11.183201
2018-10-23 18:30:00+00:00,30.302,18.952,24.327002,0.0,47.03708,1012.90015,6.6024227,10.990322
2018-10-24 18:30:00+00:00,30.802,16.352,23.285334,0.0,59.015686,1014.1751,7.2703857,10.739833
2018-10-25 18:30:00+00:00,30.602,17.002,23.085335,0.3,60.877426,1016.2541,6.885916,10.195057
2018-10-26 18:30:00+00:00,30.202,17.552,23.579084,0.0,56.004757,1016.55414,5.210324,10.853866
2018-10-27 18:30:00+00:00,30.502,17.202,23.335337,0.0,58.01648,1016.2,6.575399,10.805999
2018-10-28 18:30:00+00:00,30.252,16.552,23.12075,0.0,60.715603,1015.2751,5.879358,10.239453
2018-10-29 18:30:00+00:00,29.252,18.152,23.877,0.0,60.225357,1015.1958,4.8686957,9.028754
2018-10-30 18:30:00+00:00,29.602,18.802,23.835333,0.0,60.849293,1015.6751,4.2951493,8.39657
2018-10-31 18:30:00+00:00,29.802,17.602,23.433252,0.0,63.82555,1014.5666,5.5310383,9.227524
2018-11-01 18:30:00+00:00,31.152,17.552,23.320753,0.0,67.4002,1012.8542,7.013224,11.841756
2018-11-02 18:30:00+00:00,28.902,17.502,23.29783,0.0,65.35478,1011.6001,10.525739,16.45007
2018-11-03 18:30:00+00:00,28.102,17.752,22.420752,0.0,57.345554,1013.0667,9.301583,13.138765
2018-11-04 18:30:00+00:00,25.902,14.902,20.347834,0.0,57.43112,1014.2166,10.384162,13.104198
2018-11-05 18:30:00+00:00,26.502,15.402,20.202002,0.0,48.3658,1014.76654,13.000117,16.92383
2018-11-06 18:30:00+00:00,26.652,13.052,19.416586,0.0,38.373283,1015.1792,8.560714,12.10157
2018-11-07 18:30:00+00:00,26.602,12.302,20.231165,0.0,47.073917,1015.23346,4.296123,7.9932966
2018-11-08 18:30:00+00:00,27.552,13.552,20.370752,0.0,58.19356,1013.6165,4.012585,9.220499
2018-11-09 18:30:00+00:00,27.752,16.452,21.385338,0.0,57.992847,1014.3291,4.5898604,9.114471
2018-11-10 18:30:00+00:00,28.552,15.852,21.906168,0.0,60.153767,1014.74585,5.3618255,9.693296
2018-11-11 18:30:00+00:00,28.652,14.802,21.489502,0.0,64.76415,1012.6958,6.5248637,9.36
2018-11-12 18:30:00+00:00,28.702,16.852,22.295752,0.0,69.008934,1010.06244,6.0437393,10.805999
2018-11-13 18:30:00+00:00,28.302,17.352,22.291582,0.8,65.59231,1011.1541,7.455747,15.84409
2018-11-14 18:30:00+00:00,27.302,16.652,21.187418,0.0,69.83828,1014.6917,8.572213,13.202726
2018-11-15 18:30:00+00:00,25.702,14.902,19.672834,0.0,59.959335,1014.2083,13.877763,18.899143
2018-11-16 18:30:00+00:00,25.802,14.452,19.116583,0.0,60.157684,1012.446,8.983703,11.298495
2018-11-17 18:30:00+00:00,26.952,14.102,19.618666,0.0,65.6336,1013.1418,7.091802,10.883676
2018-11-18 18:30:00+00:00,26.702,15.752,20.1395,0.0,68.225975,1015.47076,8.501434,12.031756
2018-11-19 18:30:00+00:00,28.002,15.502,20.58742,0.0,68.962036,1015.9416,5.8570743,10.086427
2018-11-20 18:30:00+00:00,27.402,15.302,20.364502,0.0,60.211994,1016.31665,9.94497,14.05845
2018-11-21 18:30:00+00:00,27.102,13.352,20.074915,0.0,53.512646,1016.81683,4.824351,7.628263
2018-11-22 18:30:00+00:00,26.802,13.952,19.958252,0.0,53.30997,1018.56256,11.603588,18.440998
2018-11-23 18:30:00+00:00,26.352,14.802,19.729082,0.0,51.930523,1017.1125,14.210292,21.30093
2018-11-24 18:30:00+00:00,25.802,12.852,18.718666,0.0,57.901714,1016.60834,8.082149,11.119281
2018-11-25 18:30:00+00:00,26.002,11.952,18.470753,0.0,65.04216,1015.6709,8.224461,13.450708
2018-11-26 18:30:00+00:00,24.952,13.152,19.512415,0.0,68.215065,1017.33765,5.633005,9.504272
2018-11-27 18:30:00+00:00,24.952,14.952,19.935335,0.0,70.43386,1018.075,3.7006338,6.9899354
2018-11-28 18:30:00+00:00,25.702,13.402,18.914501,0.0,71.78304,1018.59155,7.154322,9.028754
2018-11-29 18:30:00+00:00,26.152,13.252,18.802002,0.0,66.90783,1018.1167,10.04002,13.104198
2018-11-30 18:30:00+00:00,24.952,12.952,18.102001,0.0,62.085857,1015.55414,8.77075,11.27553
2018-12-01 18:30:00+00:00,24.152,12.252,17.987417,0.0,57.965305,1014.6709,4.493016,7.9526596
2018-12-02 18:30:00+00:00,24.252,11.652,17.906166,0.0,59.74452,1015.6375,3.125249,9.746631
2018-12-03 18:30:00+00:00,23.952,11.702,16.908249,0.0,64.550224,1017.3584,5.12133,8.854829
2018-12-04 18:30:00+00:00,23.452,10.802,17.043667,0.0,66.09167,1015.07916,4.6817336,10.1376915
2018-12-05 18:30:00+00:00,23.402,12.802,17.252,0.0,64.42719,1014.26654,4.5546594,7.5942082
2018-12-06 18:30:00+00:00,23.352,11.352,16.374916,0.0,67.55258,1015.04584,7.7093797,10.296251
2018-12-07 18:30:00+00:00,23.402,10.702,16.399918,0.0,67.40533,1016.0,4.9917755,9.504272
2018-12-08 18:30:00+00:00,23.002,12.402,16.443668,0.0,66.17849,1015.02924,4.1826262,9.290511
2018-12-09 18:30:00+00:00,22.352,9.702,15.497833,0.0,74.0328,1014.5334,7.780651,10.144082
2018-12-10 18:30:00+00:00,21.202,10.552,15.98325,0.0,72.51802,1015.47095,5.1364264,8.4963045
2018-12-11 18:30:00+00:00,19.302,12.552,15.308249,1.2,72.72638,1017.0085,7.14521,13.5515
2018-12-12 18:30:00+00:00,19.652,10.252,14.274918,0.0,75.72484,1020.08325,7.6255627,11.212135
2018-12-13 18:30:00+00:00,19.952,9.802,13.991585,0.0,69.36727,1022.2625,10.5297575,12.768586
2018-12-14 18:30:00+00:00,20.552,8.952,13.84575,0.0,67.569954,1021.9333,11.533398,13.854155
2018-12-15 18:30:00+00:00,20.902,8.852,13.629085,0.0,61.932125,1022.11664,10.146814,12.031756
2018-12-16 18:30:00+00:00,20.652,8.502,13.570751,0.0,65.46695,1020.54156,9.678315,11.304229
2018-12-17 18:30:00+00:00,20.452,7.602,13.270749,0.0,63.881638,1019.0667,11.146441,13.493999
2018-12-18 18:30:00+00:00,20.552,7.152,13.189502,0.0,63.862324,1018.1499,8.64939,11.753877
2018-12-19 18:30:00+00:00,20.702,6.602,12.72075,0.0,67.54397,1018.2334,5.7665553,9.793059
2018-12-20 18:30:00+00:00,20.102,6.952,12.395752,0.0,65.65307,1017.1416,8.277706,10.966713
2018-12-21 18:30:00+00:00,19.702,6.702,12.210334,0.0,69.69031,1017.41254,7.0030804,10.739833
2018-12-22 18:30:00+00:00,19.552,7.602,12.864501,0.0,70.912636,1018.2,7.029926,10.661107
2018-12-23 18:30:00+00:00,20.802,7.402,13.491585,0.0,67.811905,1017.25006,5.003218,9.885262
2018-12-24 18:30:00+00:00,19.802,6.802,12.614501,0.0,64.993996,1016.6751,11.164746,14.186923
2018-12-25 18:30:00+00:00,19.402,6.302,12.064499,0.0,62.370266,1015.37915,8.478606,11.792404
2018-12-26 18:30:00+00:00,19.252,7.052,12.370749,0.0,62.331272,1016.77496,6.2141194,11.592894
2018-12-27 18:30:00+00:00,18.352,6.652,11.797833,0.0,62.11598,1017.14996,12.76332,18.844202
2018-12-28 18:30:00+00:00,19.452,5.852,11.635334,0.0,59.591785,1019.10834,9.821689,12.57426
2018-12-29 18:30:00+00:00,19.552,5.852,13.206166,0.0,58.942753,1021.27496,3.6437151,10.233123
2018-12-30 18:30:00+00:00,21.302,6.102,12.9145,0.0,65.18788,1021.1167,7.592413,10.44
2018-12-31 18:30:00+00:00,21.352,6.702,13.601998,0.0,66.48868,1019.89166,6.858458,10.829959
2019-01-01 18:30:00+00:00,20.702,6.902,14.093666,0.0,72.014496,1020.1875,6.3710446,8.209263
2019-01-02 18:30:00+00:00,20.652,8.452,13.672835,0.0,72.71918,1021.1709,9.210317,12.4811535
2019-01-03 18:30:00+00:00,19.802,8.002,13.022836,0.0,69.14916,1019.9333,8.374286,13.684735
2019-01-04 18:30:00+00:00,20.152,6.402,12.652001,0.0,72.82293,1018.13727,10.1849985,16.676977
2019-01-05 18:30:00+00:00,17.752,9.152,12.843667,3.1000001,77.513054,1017.68335,8.838969,15.807239
2019-01-06 18:30:00+00:00,18.952,8.402,12.629085,0.0,77.232376,1019.59174,9.6322155,12.738099
2019-01-07 18:30:00+00:00,18.752,8.102,12.685332,0.0,72.247025,1018.1208,11.136742,13.979872
2019-01-08 18:30:00+00:00,19.402,8.352,12.9853325,0.0,68.4298,1017.2542,13.226701,17.072504
2019-01-09 18:30:00+00:00,19.552,7.302,13.4395,0.0,64.93893,1016.93335,8.115548,12.24
2019-01-10 18:30:00+00:00,19.052,8.302,13.6311655,0.0,65.82826,1018.3833,4.6294045,7.491114
2019-01-11 18:30:00+00:00,19.302,7.952,14.020748,0.0,67.69102,1017.46265,5.0852118,8.0899935
2019-01-12 18:30:00+00:00,20.602,9.602,14.572834,0.0,71.162125,1019.3918,6.377512,14.081477
2019-01-13 18:30:00+00:00,17.902,8.602,12.614501,0.0,60.4474,1019.77905,15.315242,19.8
2019-01-14 18:30:00+00:00,18.852,6.952,11.922833,0.0,54.736927,1018.49567,13.045981,16.299694
2019-01-15 18:30:00+00:00,18.702,6.202,11.8395,0.0,68.19897,1018.1543,6.27651,10.805999
2019-01-16 18:30:00+00:00,20.752,6.352,13.004085,0.0,69.77386,1017.05414,6.343633,9.028754
2019-01-17 18:30:00+00:00,20.552,6.652,12.697834,0.0,71.40236,1017.31665,7.570959,10.787993
2019-01-18 18:30:00+00:00,22.652,7.202,15.024918,0.0,66.9644,1017.07495,5.1225486,9.826088
2019-01-19 18:30:00+00:00,24.002,11.802,16.59575,0.0,77.673546,1015.99176,6.209658,11.435313
2019-01-20 18:30:00+00:00,20.202,11.602,15.474918,7.1,82.52686,1013.2668,10.304292,19.386591
2019-01-21 18:30:00+00:00,19.502,11.852,14.964499,15.1,84.33404,1013.5208,10.792615,18.328207
2019-01-22 18:30:00+00:00,18.752,8.702,13.535332,0.5,83.81257,1017.2708,6.299599,10.163227
2019-01-23 18:30:00+00:00,19.352,10.252,13.658252,3.1999998,83.492485,1019.5208,8.510488,14.336861
2019-01-24 18:30:00+00:00,17.252,9.252,12.37075,1.5,78.35355,1019.47504,9.737697,13.246826
2019-01-25 18:30:00+00:00,17.052,7.002,11.335334,0.0,63.095867,1022.29565,11.409153,14.458382
2019-01-26 18:30:00+00:00,15.952,5.952,10.34575,0.0,65.23487,1022.675,12.048465,17.377226
2019-01-27 18:30:00+00:00,17.102,6.202,10.645751,0.0,60.315495,1022.38336,12.630488,18.35647
2019-01-28 18:30:00+00:00,18.202,6.502,11.212418,0.0,59.05102,1020.73334,12.660545,18.089775
2019-01-29 18:30:00+00:00,18.902,6.752,12.083251,0.0,64.70734,1019.20416,8.743947,11.770403
2019-01-30 18:30:00+00:00,18.852,7.852,13.160335,0.1,68.598564,1017.6626,9.794418,15.778516
2019-01-31 18:30:00+00:00,19.202,10.252,13.872836,0.6,73.218094,1018.39575,8.16062,14.982228
2019-02-01 18:30:00+00:00,19.252,8.052,12.8895,0.0,78.37883,1018.5583,11.353944,14.264361
2019-02-02 18:30:00+00:00,19.702,7.952,12.727002,0.0,79.22375,1019.62506,8.604059,11.966953
2019-02-03 18:30:00+00:00,20.952,8.052,14.426998,0.0,72.49789,1020.1709,5.104339,9.693296
2019-02-04 18:30:00+00:00,21.552,11.102,15.835334,0.4,78.77185,1017.4209,6.1863976,8.714677
2019-02-05 18:30:00+00:00,23.652,12.802,17.110334,2.1000001,86.424934,1011.9084,11.56897,18.430452
2019-02-06 18:30:00+00:00,21.402,11.402,15.962419,9.4,87.64712,1009.90845,15.682929,22.057161
2019-02-07 18:30:00+00:00,19.102,8.002,13.147834,0.0,62.257187,1016.3833,9.543385,16.704155
2019-02-08 18:30:00+00:00,18.952,8.602,12.847835,0.0,61.6857,1018.91656,13.681804,18.947083
2019-02-09 18:30:00+00:00,19.052,7.502,13.024919,0.0,65.08503,1020.21674,8.044029,11.246759
2019-02-10 18:30:00+00:00,19.952,8.302,13.618665,0.0,68.04282,1020.6709,5.45587,9.0
2019-02-11 18:30:00+00:00,21.902,11.802,16.287418,0.0,66.34413,1020.4333,3.766065,9.085988
2019-02-12 18:30:00+00:00,23.002,11.502,16.493668,0.3,74.72674,1019.46655,5.9078374,7.7879906
2019-02-13 18:30:00+00:00,21.452,14.452,16.852003,7.6,83.01455,1015.18744,13.187924,23.47741
2019-02-14 18:30:00+00:00,21.102,11.852,15.847833,1.0,83.49547,1015.5459,6.416037,11.525623
2019-02-15 18:30:00+00:00,20.152,10.202,14.67075,0.0,80.109886,1017.075,9.559219,13.281023
2019-02-16 18:30:00+00:00,21.302,10.802,15.141583,0.0,76.54284,1014.11255,10.768819,15.496736
2019-02-17 18:30:00+00:00,22.552,10.702,16.649918,0.3,72.882286,1009.4375,9.6887665,16.548256
2019-02-18 18:30:00+00:00,23.802,12.852,18.162416,0.0,68.8054,1012.22504,7.1923637,11.440979
2019-02-19 18:30:00+00:00,22.002,14.602,17.481167,1.6,82.66819,1016.91675,10.2451515,17.654688
2019-02-20 18:30:00+00:00,25.552,13.002,19.376999,0.0,77.92562,1015.79175,9.246618,15.580141
2019-02-21 18:30:00+00:00,23.402,14.152,18.516584,0.3,69.20449,1016.5249,15.731033,20.466246
2019-02-22 18:30:00+00:00,22.202,10.802,15.7145,0.0,59.56722,1015.36237,13.3610115,19.373219
2019-02-23 18:30:00+00:00,22.752,10.752,16.022833,0.0,61.656124,1011.9126,8.540862,11.4862
2019-02-24 18:30:00+00:00,22.002,10.452,15.972836,0.90000004,60.268383,1010.9416,7.409064,13.441071
2019-02-25 18:30:00+00:00,20.852,10.702,15.254085,0.8,71.081154,1010.74585,10.494166,17.651016
2019-02-26 18:30:00+00:00,18.452,9.602,13.493664,5.7000003,78.12551,1011.41254,7.356653,15.496736
2019-02-27 18:30:00+00:00,20.602,8.302,14.027,0.0,62.522736,1015.4209,9.697494,15.9134655
2019-02-28 18:30:00+00:00,22.602,8.152,15.208251,0.0,58.082455,1015.78326,8.434629,11.988594
2019-03-01 18:30:00+00:00,20.702,11.602,15.801999,3.8,66.32638,1015.58746,7.5182266,16.923828
2019-03-02 18:30:00+00:00,22.252,11.152,15.908252,10.1,78.41983,1012.2625,9.182108,12.964998
2019-03-03 18:30:00+00:00,23.302,12.352,17.522837,0.3,77.243065,1009.4585,6.833059,11.298495
2019-03-04 18:30:00+00:00,22.702,12.252,16.89575,0.0,63.736893,1010.5251,11.78259,15.03835
2019-03-05 18:30:00+00:00,23.952,11.752,17.3145,0.0,55.78889,1011.5916,11.330136,18.581022
2019-03-06 18:30:00+00:00,25.202,11.252,18.104084,0.0,54.541992,1011.93317,5.6957164,9.6932955
2019-03-07 18:30:00+00:00,25.602,12.252,19.331167,0.0,54.451996,1013.43353,7.6252704,14.494192
2019-03-08 18:30:00+00:00,26.052,13.702,19.206167,0.0,58.70989,1013.52496,12.357631,16.808569
2019-03-09 18:30:00+00:00,25.602,12.402,18.772835,0.0,48.373005,1013.79584,8.972638,11.91812
2019-03-10 18:30:00+00:00,27.352,14.502,20.489502,0.0,50.048996,1012.76245,12.566859,20.774214
2019-03-11 18:30:00+00:00,27.152,14.002,20.206167,0.0,54.507145,1015.22504,10.850457,15.596767
2019-03-12 18:30:00+00:00,23.402,15.402,18.510336,0.0,59.22641,1015.60834,7.649488,12.768586
2019-03-13 18:30:00+00:00,24.252,13.202,17.991585,1.0,67.36602,1016.36237,11.56012,22.461807
2019-03-14 18:30:00+00:00,25.702,12.552,18.433249,0.0,61.594517,1017.7708,11.113831,16.263872
2019-03-15 18:30:00+00:00,25.852,12.652,18.610336,0.0,51.679234,1016.5291,9.642564,11.885453
2019-03-16 18:30:00+00:00,27.102,14.202,20.131166,0.0,46.77982,1014.41675,8.280829,12.55879
2019-03-17 18:30:00+00:00,28.102,13.052,20.510332,0.0,46.868465,1013.8667,6.659935,12.229406
2019-03-18 18:30:00+00:00,30.252,14.652,22.451998,0.0,45.219296,1010.1624,7.883263,10.853866
2019-03-19 18:30:00+00:00,30.402,16.252,22.806168,0.0,47.662502,1008.45,9.608703,17.076298
2019-03-20 18:30:00+00:00,30.452,16.302,23.326998,0.0,47.133,1011.64166,9.195515,14.145756
2019-03-21 18:30:00+00:00,29.752,17.402,22.751999,0.0,37.5925,1014.1126,14.006027,18.899143
2019-03-22 18:30:00+00:00,30.702,16.252,22.937418,0.0,36.8328,1013.40424,14.594775,21.38897
2019-03-23 18:30:00+00:00,32.302,17.902,24.616585,0.0,42.791935,1011.68756,12.009006,15.03835
2019-03-24 18:30:00+00:00,29.352,18.302,22.758253,0.4,57.415638,1012.0168,13.2151985,19.255793
2019-03-25 18:30:00+00:00,30.352,16.352,22.868668,0.0,54.258823,1013.44995,11.030049,15.683774
2019-03-26 18:30:00+00:00,31.802,15.902,24.14158,0.0,47.026333,1013.9041,7.7568974,11.183201
2019-03-27 18:30:00+00:00,34.851997,18.502,26.26867,0.0,49.405167,1011.5625,6.6220756,10.685391
2019-03-28 18:30:00+00:00,35.252,19.752,27.693665,0.0,49.132065,1008.5251,5.7627063,15.141414
2019-03-29 18:30:00+00:00,36.052,20.102,27.53325,0.1,48.948654,1007.6958,7.3620777,22.493519
2019-03-30 18:30:00+00:00,35.052,19.402,27.179085,0.0,37.355213,1008.12085,15.271999,22.45315
2019-03-31 18:30:00+00:00,33.901997,19.552,26.052002,0.0,28.230461,1008.825,12.972092,19.881649
2019-04-01 18:30:00+00:00,34.651997,17.952,26.064497,0.0,34.121677,1009.25836,6.763767,13.276144
2019-04-02 18:30:00+00:00,35.752,18.452,27.331163,0.0,33.8374,1008.3166,6.9031262,10.703569
2019-04-03 18:30:00+00:00,36.101997,19.852,28.374918,0.0,38.39894,1008.8667,6.2591743,8.669949
2019-04-04 18:30:00+00:00,37.452,22.902,29.629082,0.1,38.590206,1007.94586,6.2446823,21.749481
2019-04-05 18:30:00+00:00,37.752,21.052,29.097834,0.0,41.694386,1006.60425,7.510281,14.565548
2019-04-06 18:30:00+00:00,35.202,21.852,28.624922,0.4,48.258102,1005.52924,8.820667,24.023088
2019-04-07 18:30:00+00:00,35.802,20.502,27.233252,0.1,53.104977,1006.43335,8.900981,20.969807
2019-04-08 18:30:00+00:00,36.452,19.852,28.304083,0.0,45.70053,1006.2083,6.60273,10.163227
2019-04-09 18:30:00+00:00,37.702,22.002,29.8145,0.0,40.26151,1007.58746,5.751108,17.654686
2019-04-10 18:30:00+00:00,38.002,23.402,30.68117,0.0,32.648746,1007.2083,6.9820347,14.021525
2019-04-11 18:30:00+00:00,37.101997,23.052,30.124914,0.0,33.664852,1007.5417,9.024541,14.986553
2019-04-12 18:30:00+00:00,37.502,23.602,30.47492,0.0,35.416508,1008.2168,10.20365,15.986595
2019-04-13 18:30:00+00:00,38.101997,24.652,31.04783,0.0,32.585743,1008.04175,12.310795,14.84318
2019-04-14 18:30:00+00:00,38.651997,24.352,31.337416,0.0,29.998207,1006.27924,10.928165,14.345898
2019-04-15 18:30:00+00:00,31.102,21.352,26.483248,1.1,49.59766,1008.89166,14.030356,24.50381
2019-04-16 18:30:00+00:00,25.302,18.702,21.631166,7.0999994,75.14486,1010.99994,10.749572,17.673029
2019-04-17 18:30:00+00:00,28.002,16.752,22.754084,0.1,66.40072,1011.6333,5.0527186,8.654987
2019-04-18 18:30:00+00:00,29.752,19.152,24.639503,0.0,52.153027,1009.35834,9.092125,11.4862
2019-04-19 18:30:00+00:00,32.952,20.052,26.39158,0.0,47.594837,1006.8084,6.7461867,11.384199
2019-04-20 18:30:00+00:00,35.851997,21.202,28.783249,0.0,39.042557,1004.85834,8.0571,17.651016
2019-04-21 18:30:00+00:00,37.552,22.052,30.489502,0.0,35.847813,1004.7751,7.7796135,14.84318
2019-04-22 18:30:00+00:00,39.752,23.702,31.941587,0.0,33.782475,1005.53326,7.732825,16.62249
2019-04-23 18:30:00+00:00,39.901997,24.402,32.57075,0.0,33.914974,1006.57086,8.107026,15.629971
2019-04-24 18:30:00+00:00,40.101997,26.452,32.77283,0.0,35.68783,1006.2874,9.835275,24.014996
2019-04-25 18:30:00+00:00,40.052,25.902,33.137417,0.0,30.957344,1006.0041,11.4516945,18.161278
2019-04-26 18:30:00+00:00,40.252,26.402,33.347836,0.0,22.54893,1005.58325,16.351759,25.711662
2019-04-27 18:30:00+00:00,40.651997,26.552,33.535336,0.0,19.180637,1004.3459,16.492271,23.977188
2019-04-28 18:30:00+00:00,40.851997,25.902,33.877,0.0,18.891796,1003.24164,9.274318,15.7908325
2019-04-29 18:30:00+00:00,41.401997,24.302,33.602,0.0,21.991661,1000.3958,11.198712,23.686249
2019-04-30 18:30:00+00:00,40.401997,23.652,32.36867,0.0,25.31137,999.84174,6.1950927,13.1041975
2019-05-01 18:30:00+00:00,37.651997,27.352,31.5645,0.0,34.388325,1002.19586,13.051862,18.532133
2019-05-02 18:30:00+00:00,36.651997,25.102,30.772833,0.0,34.034985,1004.2251,9.061292,17.873556
2019-05-03 18:30:00+00:00,38.101997,24.752,31.399918,0.0,23.572893,1006.0208,13.716183,19.681828
2019-05-04 18:30:00+00:00,38.752,23.952,31.122831,0.0,18.34927,1006.4084,13.052471,22.771244
2019-05-05 18:30:00+00:00,40.202,23.902,31.854082,0.0,18.50773,1003.75,10.892529,22.180206
2019-05-06 18:30:00+00:00,40.702,24.102,32.63117,0.0,20.132692,1002.2415,13.8587,24.269983
2019-05-07 18:30:00+00:00,41.302,25.002,33.41658,0.0,17.92734,1002.40405,15.332871,23.224882
2019-05-08 18:30:00+00:00,40.802,29.602,34.71033,0.0,18.92668,1001.67505,18.009033,27.475807
2019-05-09 18:30:00+00:00,40.552,29.802,34.831165,0.0,19.81017,1002.3376,15.059796,22.530937
2019-05-10 18:30:00+00:00,38.552,25.902,32.529083,0.0,28.234781,1004.73334,11.353915,20.06334
2019-05-11 18:30:00+00:00,38.601997,26.052,32.160328,0.0,29.359161,1004.5208,10.001147,14.48972
2019-05-12 18:30:00+00:00,38.752,25.502,32.08117,0.0,29.769476,1003.22906,7.0667224,19.296133
2019-05-13 18:30:00+00:00,36.052,24.102,30.168669,0.0,41.793507,1003.83746,7.8454137,12.768586
2019-05-14 18:30:00+00:00,36.401997,24.202,30.168665,0.1,45.906265,1005.2,7.501495,22.450264
2019-05-15 18:30:00+00:00,36.901997,25.302,30.135332,0.0,45.507004,1006.12085,7.7306995,18.59845
2019-05-16 18:30:00+00:00,35.202,24.502,28.941584,1.0,52.74148,1006.06256,7.522927,17.339897
2019-05-17 18:30:00+00:00,33.702,22.502,27.929083,0.0,55.958984,1005.86676,12.465122,18.328207
2019-05-18 18:30:00+00:00,37.052,24.502,30.59575,0.0,40.42743,1006.2749,10.49686,14.186923
2019-05-19 18:30:00+00:00,38.802,24.002,32.320747,0.0,32.419758,1006.59174,9.549535,17.10284
2019-05-20 18:30:00+00:00,39.802,26.952,32.868668,0.0,31.414345,1005.3999,10.733586,19.486609
2019-05-21 18:30:00+00:00,38.601997,27.352,32.762417,0.0,37.04576,1003.5833,7.99122,13.755579
2019-05-22 18:30:00+00:00,39.952,27.002,32.902004,0.0,39.357506,1002.6709,6.5022864,11.631956
2019-05-23 18:30:00+00:00,36.452,26.252,31.312424,0.0,44.514057,1004.0083,11.567964,20.696085
2019-05-24 18:30:00+00:00,36.952,25.652,31.368668,0.0,39.569347,1003.84174,13.70633,20.46941
2019-05-25 18:30:00+00:00,38.651997,24.552,31.931166,0.0,34.915718,1002.40826,10.137916,15.192682
2019-05-26 18:30:00+00:00,40.702,26.452,33.872837,0.0,26.92423,1001.86255,10.26826,15.546833
2019-05-27 18:30:00+00:00,41.101997,26.052,33.931164,0.0,20.659185,1001.6999,11.153188,16.29174
2019-05-28 18:30:00+00:00,42.302,26.152,34.697834,0.0,22.241003,1000.2249,8.875367,12.43434
2019-05-29 18:30:00+00:00,43.552,27.552,35.80825,0.0,21.455194,998.71674,7.3647842,15.580141
2019-05-30 18:30:00+00:00,43.952,31.002,36.993668,0.0,19.222193,998.87506,12.865575,18.359999
2019-05-31 18:30:00+00:00,43.851997,28.902,36.293667,0.0,23.902847,998.97076,8.683048,18.36353
2019-06-01 18:30:00+00:00,43.052,27.752,35.479084,0.0,38.81986,998.97076,10.339131,19.513195
2019-06-02 18:30:00+00:00,41.552,29.902,35.172832,0.0,44.593517,999.69586,13.031913,22.782625
2019-06-03 18:30:00+00:00,41.002,29.752,34.841587,0.0,41.390392,1000.14996,11.199727,18.947083
2019-06-04 18:30:00+00:00,41.851997,29.002,35.249916,0.0,41.094944,999.67487,8.660052,11.681987
2019-06-05 18:30:00+00:00,41.502,30.152,35.82075,0.0,35.391903,999.94995,9.289958,20.150354
2019-06-06 18:30:00+00:00,41.252,26.952,33.958252,0.0,42.294098,1002.52075,8.250543,14.154915
2019-06-07 18:30:00+00:00,41.601997,27.602,35.302002,0.0,33.874805,1001.3918,7.054394,13.70839
2019-06-08 18:30:00+00:00,43.452,29.252,36.431168,0.0,24.863638,998.4834,7.0819545,16.299694
2019-06-09 18:30:00+00:00,44.351997,29.502,36.991585,0.0,23.62037,995.95,7.8218327,16.29174
2019-06-10 18:30:00+00:00,43.752,30.852,37.477,0.0,22.360445,995.79584,11.124379,18.844202
2019-06-11 18:30:00+00:00,39.552,29.802,34.610332,0.4,40.95161,998.21246,10.3703785,15.484185
2019-06-12 18:30:00+00:00,40.552,29.802,34.712418,0.0,40.216423,999.1375,11.087196,23.904108
2019-06-13 18:30:00+00:00,41.952,31.152,36.018673,0.0,30.794434,997.82086,14.406373,20.188908
2019-06-14 18:30:00+00:00,41.752,29.952,36.529087,0.0,25.810059,997.5667,16.338448,22.33161
2019-06-15 18:30:00+00:00,38.252,29.252,33.69575,0.1,45.091873,999.3916,19.903278,28.820242
2019-06-16 18:30:00+00:00,38.502,29.052,33.527,0.0,46.946903,999.1208,16.619913,29.620802
2019-06-17 18:30:00+00:00,36.202,25.302,31.054083,0.0,53.547287,1000.22925,7.046634,12.371645
2019-06-18 18:30:00+00:00,36.252,25.802,30.560333,0.0,55.16895,1000.05,7.623219,17.555305
2019-06-19 18:30:00+00:00,37.202,24.152,31.306168,0.0,50.251713,1000.93744,5.7921653,12.371645
2019-06-20 18:30:00+00:00,38.151997,27.452,32.739506,0.0,52.07779,1000.83734,5.096682,9.504272
2019-06-21 18:30:00+00:00,40.052,28.602,34.510334,0.0,41.175476,1000.1375,8.527879,14.77755
2019-06-22 18:30:00+00:00,38.752,29.202,33.929085,0.0,49.531345,1000.34174,12.272423,21.794127
2019-06-23 18:30:00+00:00,37.052,27.602,31.699915,0.3,60.689957,1002.0916,8.2241335,17.015474
2019-06-24 18:30:00+00:00,36.702,28.502,32.78742,0.6,61.52312,1001.4959,4.344896,8.39657
2019-06-25 18:30:00+00:00,39.901997,30.152,35.03741,0.0,47.352238,998.7668,7.0529647,17.193533
2019-06-26 18:30:00+00:00,40.702,29.402,35.399918,0.0,37.935722,996.38324,9.953891,19.319628
2019-06-27 18:30:00+00:00,41.851997,30.202,35.772835,0.0,37.773296,995.37103,12.854701,21.9718
2019-06-28 18:30:00+00:00,41.552,31.002,36.30825,0.0,36.110893,995.02924,12.727913,21.077686
2019-06-29 18:30:00+00:00,42.651997,32.901997,37.141582,0.0,34.334213,995.22095,14.7342615,20.808498
2019-06-30 18:30:00+00:00,41.202,30.352,36.102,0.0,39.293797,996.30835,8.094498,14.145756
2019-07-01 18:30:00+00:00,39.802,30.402,35.397835,0.0,44.657562,997.1584,7.737699,15.137133
2019-07-02 18:30:00+00:00,36.552,30.102,33.604088,0.0,56.53557,998.06665,11.222344,15.937878
2019-07-03 18:30:00+00:00,38.901997,29.502,33.199917,1.8000001,58.903927,996.98737,8.794033,15.509274
2019-07-04 18:30:00+00:00,33.702,27.602,30.820753,4.6000004,71.561874,995.3501,5.109268,11.620809
2019-07-05 18:30:00+00:00,35.202,27.252,30.92908,0.6,69.549805,994.47504,6.3000083,16.343367
2019-07-06 18:30:00+00:00,35.851997,27.052,31.672829,0.3,65.478584,995.05005,3.9480464,8.427383
2019-07-07 18:30:00+00:00,37.151997,28.402,32.127007,3.6999998,66.38782,995.42084,7.415959,12.864649
2019-07-08 18:30:00+00:00,34.952,27.202,30.293669,5.6,74.77712,995.26263,8.321058,12.57426
2019-07-09 18:30:00+00:00,37.052,26.802,31.718666,3.0999994,69.99265,994.57495,8.977666,15.683774
2019-07-10 18:30:00+00:00,38.601997,30.102,33.935337,0.1,53.219997,994.5625,14.077764,26.319422
2019-07-11 18:30:00+00:00,38.502,31.152,34.14783,1.9000001,47.497204,997.0667,15.3423195,22.218153
2019-07-12 18:30:00+00:00,38.651997,31.602,34.75408,0.0,42.687786,997.6082,20.487892,29.934166
2019-07-13 18:30:00+00:00,37.252,30.152,33.82283,0.1,46.41815,996.39594,17.130749,26.932714
2019-07-14 18:30:00+00:00,36.952,27.652,30.87075,0.7,66.44332,996.27924,9.462025,19.995398
2019-07-15 18:30:00+00:00,35.002,25.302,28.056168,19.000004,82.314156,999.71234,9.62033,18.0036
2019-07-16 18:30:00+00:00,32.351997,25.052,28.414497,6.0999994,79.804924,1000.8042,8.338792,17.462784
2019-07-17 18:30:00+00:00,33.452,25.302,28.381166,5.999999,79.818535,1000.7126,3.7069263,9.227524
2019-07-18 18:30:00+00:00,34.351997,25.602,29.6645,1.5000002,75.39193,1000.83325,4.4909177,8.311245
2019-07-19 18:30:00+00:00,34.552,26.952,30.452003,4.4,76.94762,1001.4084,6.5861506,12.979984
2019-07-20 18:30:00+00:00,33.802,27.402,30.043669,5.7999997,78.9997,1001.14594,7.949529,14.830076
2019-07-21 18:30:00+00:00,35.452,27.752,31.08742,0.90000004,76.17387,999.9626,5.638203,10.1887
2019-07-22 18:30:00+00:00,36.101997,28.552,31.670752,6.0,74.55463,998.69574,5.2975125,13.797912
2019-07-23 18:30:00+00:00,36.351997,27.802,31.9145,9.700001,71.62202,997.08746,9.806251,17.163355
2019-07-24 18:30:00+00:00,30.252,26.352,27.770752,18.400003,86.04862,999.00824,7.0565567,11.659777
2019-07-25 18:30:00+00:00,29.852,25.902,27.504082,6.999999,85.64353,996.9583,8.527878,16.179987
2019-07-26 18:30:00+00:00,28.702,25.202,26.69575,9.7,89.28647,997.1624,10.870316,15.273505
2019-07-27 18:30:00+00:00,31.602,25.652,28.074919,8.900001,86.07477,998.875,13.955443,21.325253
2019-07-28 18:30:00+00:00,33.002,26.502,29.258253,1.4000002,78.62165,1000.1001,13.59967,18.448023
2019-07-29 18:30:00+00:00,32.252,26.202,28.822836,0.4,79.00645,999.9749,10.433738,15.683776
2019-07-30 18:30:00+00:00,32.101997,27.052,29.29992,0.1,77.32603,999.3333,8.502804,12.371645
2019-07-31 18:30:00+00:00,32.802,26.752,29.333254,4.0,83.0495,998.7708,7.379482,11.923557
2019-08-01 18:30:00+00:00,31.502,25.952,28.602003,11.8,86.052765,998.0125,5.117172,9.107359
2019-08-02 18:30:00+00:00,31.302,26.252,28.201998,11.5,88.15986,997.9416,6.5467033,11.159999
2019-08-03 18:30:00+00:00,32.601997,26.202,28.943663,4.3999996,85.93082,996.99994,4.5706096,7.491114
2019-08-04 18:30:00+00:00,33.052,26.202,29.060331,10.0,86.662056,995.43744,5.254413,9.47012
2019-08-05 18:30:00+00:00,30.952,25.952,27.80825,10.7,88.63203,995.8459,6.320389,10.8955765
2019-08-06 18:30:00+00:00,31.352,25.402,28.064499,7.0,88.031075,995.48334,4.947836,11.119281
2019-08-07 18:30:00+00:00,33.651997,26.702,29.914495,0.0,79.930214,995.14594,9.181043,14.685176
2019-08-08 18:30:00+00:00,31.802,27.152,29.356169,1.4000001,74.08956,996.83746,21.111166,28.880886
2019-08-09 18:30:00+00:00,32.502,26.002,28.779083,2.3,78.4187,997.76245,17.866302,25.40743
2019-08-10 18:30:00+00:00,32.952,26.152,29.468666,0.4,76.81042,999.51666,7.385509,11.013882
2019-08-11 18:30:00+00:00,32.851997,26.452,29.624914,3.4,77.78199,999.72095,8.592832,13.746156
2019-08-12 18:30:00+00:00,33.401997,27.452,29.514503,12.199999,79.752426,999.90424,10.992349,20.771093
2019-08-13 18:30:00+00:00,31.902,25.302,28.391584,3.9999998,86.50027,1001.1751,4.141454,12.397806
2019-08-14 18:30:00+00:00,31.852,26.252,28.67491,11.500002,83.443825,1000.7209,12.871114,18.584509
2019-08-15 18:30:00+00:00,30.652,25.852,27.72075,4.2,83.511665,998.8376,16.429838,23.770906
2019-08-16 18:30:00+00:00,28.352,24.952,26.24575,12.200001,89.38412,998.27094,17.42038,26.574244
2019-08-17 18:30:00+00:00,31.102,24.602,27.068665,23.500002,85.62847,1002.175,9.737302,16.800856
2019-08-18 18:30:00+00:00,31.952,23.902,28.118668,0.6,82.57241,1004.375,5.8074183,10.685391
2019-08-19 18:30:00+00:00,32.752,25.902,28.860334,0.4,79.91541,1003.57916,10.180938,17.388409
2019-08-20 18:30:00+00:00,33.851997,24.752,29.399916,0.0,75.4634,1002.08746,10.252955,15.580141
2019-08-21 18:30:00+00:00,33.302,26.002,29.072836,0.8,79.25627,1002.35815,8.034522,15.349684
2019-08-22 18:30:00+00:00,33.401997,25.502,29.406168,0.1,79.463066,1002.2666,5.914784,9.793059
2019-08-23 18:30:00+00:00,33.702,26.702,29.352,0.4,78.718285,1002.4207,6.708443,14.345898
2019-08-24 18:30:00+00:00,30.502,26.002,27.583252,2.4,88.26246,1003.1042,7.0165634,10.028439
2019-08-25 18:30:00+00:00,32.052,25.502,28.32075,4.5,85.87563,1002.6834,7.6086845,15.281989
2019-08-26 18:30:00+00:00,33.252,26.002,29.627,0.1,81.1783,1001.6624,5.60529,9.449572
2019-08-27 18:30:00+00:00,33.502,26.702,30.218664,0.4,77.6814,1002.6541,8.635787,14.404499
2019-08-28 18:30:00+00:00,33.202,26.652,29.704086,2.0,83.236496,1003.7707,7.257667,12.287555
2019-08-29 18:30:00+00:00,33.302,26.402,29.84575,0.0,82.196785,1001.46246,4.6935353,7.172949
2019-08-30 18:30:00+00:00,34.101997,26.852,30.649916,2.2,76.383736,999.2876,5.186394,8.707237
2019-08-31 18:30:00+00:00,31.052,26.952,28.762419,4.4,85.78052,1001.35834,9.28818,15.281989
2019-09-01 18:30:00+00:00,33.151997,25.852,29.431168,0.70000005,83.06709,1001.69995,4.8909707,7.9932966
2019-09-02 18:30:00+00:00,34.101997,27.002,30.220749,3.9,81.17142,1000.53326,3.9343147,7.9036193
2019-09-03 18:30:00+00:00,32.302,25.652,28.93117,12.000002,86.10651,1000.325,6.453068,11.841756
2019-09-04 18:30:00+00:00,32.202,26.352,29.006166,2.6999998,85.38446,1000.35846,5.800672,11.659777
2019-09-05 18:30:00+00:00,32.952,26.702,29.647837,0.7,82.58806,999.37933,6.745811,9.673221
2019-09-06 18:30:00+00:00,31.552,26.502,28.808252,1.9000001,85.337685,999.9666,7.3429418,12.620554
2019-09-07 18:30:00+00:00,33.101997,26.052,29.11242,0.5,84.12856,1001.51666,5.3763733,8.4042845
2019-09-08 18:30:00+00:00,34.502,26.152,30.072832,0.1,78.87287,1000.10425,3.9705865,6.2145634
2019-09-09 18:30:00+00:00,35.502,26.502,30.60409,0.0,73.80529,999.57916,4.963105,7.69592
2019-09-10 18:30:00+00:00,35.651997,26.602,31.010332,0.3,73.883514,1000.7583,5.6781764,9.726664
2019-09-11 18:30:00+00:00,34.601997,27.252,30.352,0.8,78.99609,1002.3416,10.548394,15.9134655
2019-09-12 18:30:00+00:00,33.552,26.602,29.95825,0.4,77.83574,1003.2375,8.798562,14.05845
2019-09-13 18:30:00+00:00,31.752,25.802,28.685331,1.0,79.51099,1004.00415,10.602206,13.698934
2019-09-14 18:30:00+00:00,31.602,25.752,28.05617,8.399999,84.93984,1004.3166,6.929809,11.901798
2019-09-15 18:30:00+00:00,33.901997,25.152,29.38117,0.2,81.17147,1002.7459,4.693064,10.308831
2019-09-16 18:30:00+00:00,33.302,26.052,29.406168,3.6,79.57674,1003.75836,7.4034886,13.104198
2019-09-17 18:30:00+00:00,31.652,25.902,28.545752,2.3999999,81.71897,1007.55414,8.632898,16.981165
2019-09-18 18:30:00+00:00,30.252,24.702,26.810331,1.1,80.73384,1009.80414,11.356422,15.84
2019-09-19 18:30:00+00:00,30.552,23.202,26.906172,2.8,84.26068,1008.3457,6.2662606,13.661038
2019-09-20 18:30:00+00:00,30.452,24.702,27.229082,11.400001,85.330536,1007.24585,5.2793117,8.699793
2019-09-21 18:30:00+00:00,29.002,24.552,26.689499,15.8,85.84674,1008.89575,7.801977,13.779114
2019-09-22 18:30:00+00:00,30.552,23.452,26.479082,4.7,82.73464,1010.2292,6.8859353,14.8257065
2019-09-23 18:30:00+00:00,30.502,23.402,26.510336,4.0,83.9988,1010.4207,7.4118495,13.339445
2019-09-24 18:30:00+00:00,30.502,23.902,26.883253,3.1999998,83.146454,1011.65826,9.937266,13.905509
2019-09-25 18:30:00+00:00,30.802,25.052,27.368668,4.2,78.452354,1011.93335,13.42187,17.81909
2019-09-26 18:30:00+00:00,30.102,24.102,26.556166,0.6,79.514366,1010.7292,11.70976,17.974781
2019-09-27 18:30:00+00:00,28.802,23.102,25.695747,2.6,82.88369,1009.14594,11.085876,19.06301
2019-09-28 18:30:00+00:00,28.502,23.252,25.241585,3.3000002,84.61436,1009.66254,8.117178,11.113451
2019-09-29 18:30:00+00:00,30.352,22.402,25.818666,1.2,83.13429,1008.67914,6.410853,10.086427
2019-09-30 18:30:00+00:00,28.902,22.502,25.391586,2.1999998,86.15353,1008.21246,7.5309677,10.823973
2019-10-01 18:30:00+00:00,31.102,22.002,26.579084,0.0,80.4845,1009.10406,4.6245008,7.9526596
2019-10-02 18:30:00+00:00,32.302,23.352,27.531168,0.0,73.76033,1009.01263,3.8213196,6.8399997
2019-10-03 18:30:00+00:00,30.352,22.502,26.2145,3.1999998,74.79647,1010.0999,6.950418,15.683776
2019-10-04 18:30:00+00:00,31.802,22.252,26.410334,0.0,63.643723,1010.0,9.160181,13.830749
2019-10-05 18:30:00+00:00,32.202,21.202,26.422836,0.0,62.909576,1010.57916,6.7650266,10.787993
2019-10-06 18:30:00+00:00,31.952,22.852,26.854082,0.0,59.439266,1011.79596,11.073555,17.429354
2019-10-07 18:30:00+00:00,31.652,21.452,26.170752,0.0,58.48372,1011.3667,7.228437,10.587918
2019-10-08 18:30:00+00:00,29.702,21.002,25.935335,0.1,60.941578,1011.3709,4.968502,9.511088
2019-10-09 18:30:00+00:00,30.752,20.852,25.841583,0.1,64.019135,1010.8083,4.5243063,8.534353
2019-10-10 18:30:00+00:00,32.052,20.102,26.108253,0.0,56.52748,1010.2666,5.8277926,8.287822
2019-10-11 18:30:00+00:00,33.052,21.252,26.929083,0.0,56.145405,1011.0415,5.753019,8.825508
2019-10-12 18:30:00+00:00,33.502,23.002,27.435333,0.0,52.960052,1011.53754,5.851875,11.269782
2019-10-13 18:30:00+00:00,33.552,21.402,26.770752,0.0,56.50059,1012.2002,6.593163,11.013882
2019-10-14 18:30:00+00:00,32.752,21.452,27.40825,0.0,57.694668,1013.1001,4.980278,8.4963045
2019-10-15 18:30:00+00:00,32.952,21.052,27.179085,0.0,58.30248,1013.25836,5.155929,8.12197
2019-10-16 18:30:00+00:00,32.101997,20.902,26.027,0.0,66.96735,1013.21674,7.076342,13.1041975
2019-10-17 18:30:00+00:00,31.852,21.552,26.081171,0.2,65.72082,1013.3665,8.142253,12.55879
2019-10-18 18:30:00+00:00,30.352,21.752,25.412415,1.1,69.26575,1014.75,4.2807493,7.42159
2019-10-19 18:30:00+00:00,32.752,20.752,26.06867,0.0,49.62263,1014.23737,9.677597,12.229406
2019-10-20 18:30:00+00:00,32.401997,19.152,25.114502,0.0,49.434772,1012.6582,10.183244,18.075441
2019-10-21 18:30:00+00:00,31.652,19.652,24.629082,0.0,45.74213,1009.98334,10.8028,16.548256
2019-10-22 18:30:00+00:00,31.802,18.802,24.741585,0.0,49.762417,1009.07086,7.9536357,10.883676
2019-10-23 18:30:00+00:00,31.452,17.752,24.349916,0.0,61.058376,1010.1167,6.4271655,11.212135
2019-10-24 18:30:00+00:00,29.952,18.652,23.829084,0.0,64.82274,1011.6001,6.9793878,9.290511
2019-10-25 18:30:00+00:00,29.702,18.352,24.352,0.0,61.86411,1013.0291,5.592214,8.891343
2019-10-26 18:30:00+00:00,31.452,18.402,24.479082,0.0,56.15941,1012.4666,7.253056,9.021574
2019-10-27 18:30:00+00:00,30.802,18.752,24.53325,0.0,55.749493,1013.1125,6.1182265,10.296251
2019-10-28 18:30:00+00:00,29.802,20.302,24.83117,0.0,59.25264,1013.675,5.20871,7.8625183
2019-10-29 18:30:00+00:00,31.252,21.852,25.77075,0.0,59.67348,1012.52496,6.320599,10.00256
2019-10-30 18:30:00+00:00,31.852,19.802,25.333252,0.0,60.034687,1011.6917,7.343923,10.805998
2019-10-31 18:30:00+00:00,31.602,20.102,25.774918,0.0,61.83205,1011.70844,5.351031,9.605998
2019-11-01 18:30:00+00:00,30.852,20.452,24.78325,0.1,66.862144,1013.26245,8.358057,17.654688
2019-11-02 18:30:00+00:00,29.352,19.552,24.043665,0.2,69.19717,1014.42084,8.765935,14.003028
2019-11-03 18:30:00+00:00,29.552,19.952,24.166586,0.0,60.522903,1014.2,12.223088,17.377226
2019-11-04 18:30:00+00:00,29.652,18.602,23.354086,0.0,54.39262,1011.54156,11.5475645,16.434305
2019-11-05 18:30:00+00:00,29.952,17.252,23.493668,0.0,58.68722,1009.15424,7.2923713,11.113451
2019-11-06 18:30:00+00:00,26.152,19.352,22.01242,0.1,70.66331,1010.09174,6.7379174,12.594856
2019-11-07 18:30:00+00:00,26.952,17.602,22.206167,0.4,70.63519,1013.1667,7.278696,11.269782
2019-11-08 18:30:00+00:00,28.702,17.752,22.218668,0.0,59.754807,1013.80426,12.115212,14.4
2019-11-09 18:30:00+00:00,27.902,16.001999,21.352,0.0,57.743702,1013.8501,9.280715,11.983188
2019-11-10 18:30:00+00:00,27.452,16.502,21.272835,0.0,57.057755,1012.84174,7.832949,10.587918
2019-11-11 18:30:00+00:00,28.152,14.652,20.893667,0.0,56.204075,1013.75836,7.2712426,10.144082
2019-11-12 18:30:00+00:00,29.152,15.902,21.949915,0.0,60.55722,1015.50006,5.1855426,9.360001
2019-11-13 18:30:00+00:00,29.402,17.452,22.32075,0.0,64.87434,1016.23755,6.489226,14.764389
2019-11-14 18:30:00+00:00,27.602,17.202,21.6145,0.0,67.7012,1015.5999,9.722161,12.738099
2019-11-15 18:30:00+00:00,28.602,17.702,22.314499,0.0,64.10401,1015.18335,14.225093,19.376562
2019-11-16 18:30:00+00:00,27.852,17.802,21.924913,0.0,61.438328,1015.33344,18.353151,23.469128
2019-11-17 18:30:00+00:00,26.102,15.652,20.322834,0.0,64.67559,1014.87915,12.688771,16.575644
2019-11-18 18:30:00+00:00,25.902,14.802,19.760334,0.0,64.60519,1014.2126,9.202687,11.91812
2019-11-19 18:30:00+00:00,26.152,13.652,19.599916,0.0,64.13572,1014.6418,6.198728,9.422101
2019-11-20 18:30:00+00:00,26.552,14.002,19.889503,0.0,66.7668,1016.4876,5.7619305,8.825508
2019-11-21 18:30:00+00:00,27.852,16.402,21.331167,0.0,63.29813,1016.4709,4.657108,8.049845
2019-11-22 18:30:00+00:00,26.402,16.902,21.14575,0.0,61.97087,1016.1375,9.589836,14.291592
2019-11-23 18:30:00+00:00,26.152,16.702,21.0395,0.0,63.070736,1015.4832,11.447,15.072783
2019-11-24 18:30:00+00:00,25.752,16.001999,20.781168,0.0,65.54734,1015.9084,5.989237,9.220499
2019-11-25 18:30:00+00:00,26.102,16.652,20.881168,0.0,64.666214,1015.6665,7.0881257,13.217443
2019-11-26 18:30:00+00:00,24.202,14.752,18.88117,5.4,74.822266,1015.5166,6.7440696,12.371645
2019-11-27 18:30:00+00:00,22.802,15.702,18.524918,20.7,84.30659,1016.3291,10.855076,15.827721
2019-11-28 18:30:00+00:00,23.552,13.702,18.112417,0.0,79.993126,1016.8083,6.2871013,9.085988
2019-11-29 18:30:00+00:00,22.952,14.002,17.341583,0.0,77.63824,1017.15405,9.664144,11.298495
2019-11-30 18:30:00+00:00,22.302,11.902,16.056168,0.0,71.43015,1016.82074,9.124761,11.808878
2019-12-01 18:30:00+00:00,22.302,11.302,16.006168,0.0,66.09224,1017.5584,10.394311,12.7279215
2019-12-02 18:30:00+00:00,23.002,11.002,15.843669,0.0,62.87053,1016.98755,11.074534,15.042659
2019-12-03 18:30:00+00:00,22.802,10.502,15.668668,0.0,66.07875,1018.97504,7.5179467,10.308831
2019-12-04 18:30:00+00:00,22.052,9.802,15.7895,0.0,69.93522,1021.0,4.5074477,8.287822
2019-12-05 18:30:00+00:00,22.052,11.102,16.022833,0.0,79.1623,1020.15424,7.089123,9.422101
2019-12-06 18:30:00+00:00,22.502,11.402,16.524918,0.0,76.33599,1019.05835,5.8807564,9.931042
2019-12-07 18:30:00+00:00,22.702,10.952,16.141582,0.0,76.10465,1018.8291,6.026079,8.287822
2019-12-08 18:30:00+00:00,22.052,9.802,15.524917,0.0,72.161285,1018.17926,5.009324,7.9932966
2019-12-09 18:30:00+00:00,21.802,9.602,15.12075,0.0,71.84102,1015.6208,6.33415,9.504272
2019-12-10 18:30:00+00:00,21.652,10.952,16.129084,0.0,73.77182,1013.9624,4.9275756,8.311245
2019-12-11 18:30:00+00:00,19.502,12.952,15.443668,9.7,82.01664,1012.8416,10.05404,18.875126
2019-12-12 18:30:00+00:00,19.702,10.902,15.160336,5.2999997,85.40913,1013.44586,9.740698,13.755579
2019-12-13 18:30:00+00:00,18.302,10.152,13.335334,0.0,81.69546,1019.95,5.6592965,9.659814
2019-12-14 18:30:00+00:00,18.402,9.952,13.331166,0.0,78.33927,1019.72906,9.511752,11.792404
2019-12-15 18:30:00+00:00,18.052,9.102,12.149917,0.0,79.71683,1019.90424,10.915947,14.291592
2019-12-16 18:30:00+00:00,18.102,7.952,11.560334,0.0,79.70449,1021.00824,10.444215,12.594856
2019-12-17 18:30:00+00:00,18.152,8.202,12.106168,0.0,77.158615,1019.87494,9.234288,14.512064
2019-12-18 18:30:00+00:00,18.352,6.452,12.039501,0.0,76.58058,1018.3792,4.8000703,8.225035
2019-12-19 18:30:00+00:00,19.202,7.702,13.329082,0.0,75.92213,1016.05005,3.2520373,6.297428
2019-12-20 18:30:00+00:00,18.652,10.252,13.841587,1.2,78.791336,1017.03754,5.7462444,9.983106
2019-12-21 18:30:00+00:00,18.802,8.802,12.816583,0.0,80.924286,1018.3333,10.560197,13.246826
2019-12-22 18:30:00+00:00,18.852,7.852,12.024917,0.0,79.6103,1017.39996,10.834911,17.373497
2019-12-23 18:30:00+00:00,16.952,5.552,10.1645,0.0,86.9237,1019.1958,5.6341357,9.449572
2019-12-24 18:30:00+00:00,16.001999,5.602,9.220751,0.0,84.98707,1018.7209,10.191521,13.044722
2019-12-25 18:30:00+00:00,15.352,4.502,8.870749,0.0,82.40169,1018.29156,10.421576,13.551501
2019-12-26 18:30:00+00:00,14.902,4.002,8.091583,0.0,84.6424,1019.2708,6.9666276,9.085988
2019-12-27 18:30:00+00:00,13.802,3.152,6.8249154,0.0,90.17258,1020.10425,6.072594,8.78872
2019-12-28 18:30:00+00:00,13.852,3.2020001,7.4353333,0.0,87.1497,1020.40826,3.682232,8.759178
2019-12-29 18:30:00+00:00,11.752,2.7020001,6.122833,0.0,92.75396,1019.7334,5.7084804,8.707238
2019-12-30 18:30:00+00:00,12.802,2.402,7.3290844,0.0,80.43556,1020.7292,6.129171,9.504272
2019-12-31 18:30:00+00:00,16.952,3.352,9.6895,0.0,79.43123,1021.23755,7.0236754,9.178235
2020-01-01 18:30:00+00:00,18.952,6.052,12.30825,0.0,81.761604,1020.82086,7.7792983,10.365251
2020-01-02 18:30:00+00:00,19.352,9.002,14.110333,0.1,78.10752,1018.7959,6.398666,9.779817
2020-01-03 18:30:00+00:00,19.102,8.702,13.741585,0.2,79.0756,1017.625,4.802635,7.69592
2020-01-04 18:30:00+00:00,20.102,7.802,13.599917,0.0,73.727036,1018.1292,6.9547696,9.387651
2020-01-05 18:30:00+00:00,18.602,9.852,14.047833,0.0,74.545204,1018.9624,5.688431,11.609651
2020-01-06 18:30:00+00:00,18.052,11.252,13.99575,6.8,84.85294,1016.37915,7.7338066,11.525623
2020-01-07 18:30:00+00:00,17.052,10.602,13.272834,14.200001,89.62919,1014.30817,9.622463,16.563911
2020-01-08 18:30:00+00:00,15.752,7.302,10.5686655,0.0,79.99671,1019.6335,12.501615,16.055355
2020-01-09 18:30:00+00:00,16.702,5.902,10.049917,0.0,77.8995,1020.175,11.640658,15.7908325
2020-01-10 18:30:00+00:00,17.102,5.452,10.541584,0.0,74.915985,1019.62494,8.351734,10.97262
2020-01-11 18:30:00+00:00,20.752,6.502,12.741584,0.0,73.305855,1016.55005,6.647404,9.19939
2020-01-12 18:30:00+00:00,20.552,7.202,13.981167,6.899999,84.529564,1011.67914,10.529952,17.287498
2020-01-13 18:30:00+00:00,18.602,10.452,13.902001,0.2,80.70049,1015.21674,11.129283,16.923828
2020-01-14 18:30:00+00:00,19.002,7.752,12.916583,0.0,81.9377,1016.3501,10.044289,12.758432
2020-01-15 18:30:00+00:00,16.001999,10.002,12.660333,11.200001,88.92639,1015.3083,8.512576,11.631956
2020-01-16 18:30:00+00:00,17.952,10.502,13.472836,0.6,87.09507,1016.33325,8.206052,13.0447235
2020-01-17 18:30:00+00:00,17.452,8.552,12.562416,0.3,88.82665,1018.229,5.7739167,10.308831
2020-01-18 18:30:00+00:00,17.402,8.352,11.920753,0.0,82.923164,1019.1667,9.858187,13.104198
2020-01-19 18:30:00+00:00,17.452,7.202,11.912417,0.0,82.36629,1018.0542,7.9426723,13.0447235
2020-01-20 18:30:00+00:00,18.152,9.002,12.6895,0.0,83.33341,1018.62933,5.2798944,9.585739
2020-01-21 18:30:00+00:00,18.952,7.752,12.437416,0.0,81.93136,1020.5085,10.419123,16.641972
2020-01-22 18:30:00+00:00,18.152,8.402,12.5790825,0.0,65.481865,1019.425,16.927036,21.313093
2020-01-23 18:30:00+00:00,19.102,8.752,13.062417,0.0,58.341335,1016.7166,17.366793,21.26744
2020-01-24 18:30:00+00:00,19.102,6.402,12.606168,0.0,70.66568,1016.7166,7.9286294,12.096214
2020-01-25 18:30:00+00:00,20.852,7.902,13.962418,0.0,75.788826,1014.82495,6.343317,9.0645685
2020-01-26 18:30:00+00:00,19.552,10.702,14.966584,2.5,77.34606,1012.0542,7.3183074,14.408997
2020-01-27 18:30:00+00:00,19.702,10.802,14.347835,7.3,84.33838,1010.45416,9.804062,16.923828
2020-01-28 18:30:00+00:00,18.552,10.052,13.310333,0.0,78.01842,1016.54584,7.668995,10.308831
2020-01-29 18:30:00+00:00,18.502,8.852,12.827001,0.0,76.07458,1017.92487,11.681596,16.641972
2020-01-30 18:30:00+00:00,18.202,7.952,12.2895,0.0,74.9539,1015.74585,10.2088785,12.287555
2020-01-31 18:30:00+00:00,18.702,6.552,12.135334,0.0,73.81012,1018.3499,6.9776263,10.630672
2020-02-01 18:30:00+00:00,18.302,7.052,11.941585,0.0,74.40249,1020.11664,9.696925,12.55879
2020-02-02 18:30:00+00:00,19.002,7.002,12.53325,0.0,70.30565,1018.77075,7.5669246,10.163227
2020-02-03 18:30:00+00:00,19.802,6.552,13.258251,0.0,73.002716,1016.875,7.362566,11.119281
2020-02-04 18:30:00+00:00,19.502,8.702,13.585332,0.0,72.255714,1017.17505,10.229697,15.03835
2020-02-05 18:30:00+00:00,17.952,7.252,11.958249,0.0,73.45129,1016.7458,7.9631543,10.799999
2020-02-06 18:30:00+00:00,18.702,8.102,13.010334,0.2,69.82966,1019.00415,6.497501,10.587918
2020-02-07 18:30:00+00:00,19.352,7.802,12.708251,0.0,73.18498,1021.02924,8.446647,10.383987
2020-02-08 18:30:00+00:00,20.102,7.752,13.372834,0.0,70.97384,1021.41235,7.6232967,10.144082
2020-02-09 18:30:00+00:00,20.452,7.852,13.695751,0.0,69.92505,1019.46674,8.022816,11.113451
2020-02-10 18:30:00+00:00,21.302,7.052,14.0645,0.0,70.37131,1019.50006,6.0611053,9.504273
2020-02-11 18:30:00+00:00,23.902,10.002,16.347834,0.0,65.8383,1018.76245,11.510075,16.87398
2020-02-12 18:30:00+00:00,26.652,13.752,19.493668,0.0,54.76253,1015.75836,18.584776,23.166218
2020-02-13 18:30:00+00:00,24.352,14.152,18.893667,0.0,48.807632,1013.08325,20.747553,28.162954
2020-02-14 18:30:00+00:00,24.752,12.702,17.89575,0.0,43.522312,1013.2542,15.991382,20.447239
2020-02-15 18:30:00+00:00,25.352,11.302,17.5395,0.0,52.50291,1016.12067,10.630002,14.24163
2020-02-16 18:30:00+00:00,25.752,10.002,17.579084,0.0,52.498814,1017.2832,9.8673115,15.072783
2020-02-17 18:30:00+00:00,25.852,11.102,17.649918,0.0,44.375103,1014.5583,12.315963,17.709658
2020-02-18 18:30:00+00:00,24.752,9.502,18.2395,0.0,54.52568,1013.07904,12.087035,18.58451
2020-02-19 18:30:00+00:00,26.502,13.802,19.445751,9.0,64.0034,1012.43744,14.531039,22.45315
2020-02-20 18:30:00+00:00,20.452,13.502,16.522835,3.1,83.46575,1016.4041,15.032265,26.437336
2020-02-21 18:30:00+00:00,22.402,13.052,17.708248,0.0,80.327484,1020.11237,8.551394,11.252519
2020-02-22 18:30:00+00:00,23.202,14.302,18.202002,2.5,80.42173,1018.1917,6.690348,18.448023
2020-02-23 18:30:00+00:00,24.052,13.252,18.199915,0.0,76.38229,1014.77075,9.088102,12.181625
2020-02-24 18:30:00+00:00,25.002,13.602,18.718668,0.0,68.26791,1013.6333,9.64488,14.182355
2020-02-25 18:30:00+00:00,25.952,12.952,18.727,0.0,68.654976,1014.12506,6.7327476,10.086427
2020-02-26 18:30:00+00:00,26.152,13.552,19.616587,0.0,74.261986,1014.54584,6.9867,9.605998
2020-02-27 18:30:00+00:00,26.102,15.802,20.497835,0.0,72.778435,1013.0083,13.19078,17.477621
2020-02-28 18:30:00+00:00,23.402,16.052,18.785334,5.9999995,82.40295,1012.5666,11.57138,19.191748
2020-02-29 18:30:00+00:00,25.152,14.452,19.110334,0.0,79.10292,1013.33325,7.8387218,13.708391
2020-03-01 18:30:00+00:00,25.852,14.652,20.066584,0.0,76.93874,1012.7124,5.234795,8.217153
2020-03-02 18:30:00+00:00,26.852,15.002,20.483252,0.0,67.37642,1011.11237,5.4836845,8.766573
2020-03-03 18:30:00+00:00,25.202,15.202,19.6645,0.70000005,71.05235,1010.32495,8.607418,15.042659
2020-03-04 18:30:00+00:00,25.602,13.852,19.127,3.9,73.373024,1009.88336,11.408238,22.81957
2020-03-05 18:30:00+00:00,21.952,13.552,16.433249,28.200003,86.71517,1009.39575,12.87521,27.666182
2020-03-06 18:30:00+00:00,20.402,12.702,15.727001,1.5,85.29732,1013.90826,8.263118,13.661038
2020-03-07 18:30:00+00:00,24.102,10.802,16.9145,0.0,73.940544,1015.8958,7.836239,19.878391
2020-03-08 18:30:00+00:00,24.452,12.302,17.410334,0.0,63.20723,1013.3625,13.050152,18.075441
2020-03-09 18:30:00+00:00,23.402,10.952,17.285334,0.0,63.69293,1011.8,7.578983,10.514218
2020-03-10 18:30:00+00:00,24.052,14.302,18.84575,3.8,70.16306,1009.2749,11.147004,21.142147
2020-03-11 18:30:00+00:00,26.402,13.452,19.379084,0.0,66.42681,1011.3875,10.569534,19.85556
2020-03-12 18:30:00+00:00,25.452,13.202,18.979082,0.0,57.241577,1013.1709,9.138026,20.380579
2020-03-13 18:30:00+00:00,22.602,14.102,17.4395,1.1,77.57925,1015.0959,10.964072,17.84816
2020-03-14 18:30:00+00:00,22.702,11.102,17.016584,0.1,72.01655,1016.73755,6.8752713,12.015589
2020-03-15 18:30:00+00:00,24.502,12.952,18.472834,0.0,69.54841,1016.39594,9.61788,12.984975
2020-03-16 18:30:00+00:00,26.852,14.102,19.952002,0.0,65.00393,1016.22076,9.781253,13.570615
2020-03-17 18:30:00+00:00,28.852,14.302,21.431168,0.0,60.939938,1014.3625,9.9977045,13.084402
2020-03-18 18:30:00+00:00,29.302,16.001999,22.124916,0.0,61.18993,1011.14996,7.4025674,14.934577
2020-03-19 18:30:00+00:00,30.152,15.302,21.960335,0.6,65.07412,1010.0583,7.255361,13.339445
2020-03-20 18:30:00+00:00,29.402,16.652,22.543669,1.1,64.30352,1010.325,5.54194,9.422101
2020-03-21 18:30:00+00:00,30.502,15.802,22.918669,0.0,60.277363,1012.0793,7.631182,15.580141
2020-03-22 18:30:00+00:00,30.902,18.052,23.9145,0.0,55.524357,1011.74585,5.194088,9.0
2020-03-23 18:30:00+00:00,31.252,18.552,23.999918,0.8,58.499317,1010.2957,8.559542,28.137632
2020-03-24 18:30:00+00:00,31.352,17.252,24.122831,0.0,59.98914,1011.03754,8.746148,15.530151
2020-03-25 18:30:00+00:00,30.552,20.352,24.593666,0.0,53.249508,1011.89996,12.168206,15.575981
2020-03-26 18:30:00+00:00,25.302,18.552,21.70825,4.6000004,72.501366,1013.9917,10.171382,15.137133
2020-03-27 18:30:00+00:00,28.102,16.552,21.80825,0.0,64.8267,1014.2209,10.067967,15.978486
2020-03-28 18:30:00+00:00,29.252,16.852,22.762415,0.0,52.94719,1012.34595,14.759664,20.523157
2020-03-29 18:30:00+00:00,30.252,16.502,23.045753,0.0,48.617126,1012.30426,12.821881,18.0
2020-03-30 18:30:00+00:00,31.502,16.352,23.654085,0.0,50.796017,1010.8667,9.975776,17.388409
2020-03-31 18:30:00+00:00,31.652,17.602,24.681173,0.0,50.574844,1009.93335,8.379806,16.919998
2020-04-01 18:30:00+00:00,30.702,18.502,24.197832,0.0,47.405087,1010.37494,14.87082,19.134262
2020-04-02 18:30:00+00:00,30.452,17.302,23.374916,0.0,39.800144,1011.9709,12.495524,17.610588
2020-04-03 18:30:00+00:00,32.151997,16.902,24.43325,0.0,41.948433,1011.7207,11.727214,15.990646
2020-04-04 18:30:00+00:00,33.151997,17.602,25.408249,0.0,44.717422,1012.2251,8.219419,18.947083
2020-04-05 18:30:00+00:00,34.401997,19.102,26.712416,0.0,43.67435,1010.80835,8.794915,17.76081
2020-04-06 18:30:00+00:00,33.151997,18.852,25.681168,0.0,42.129513,1009.07916,13.478232,19.809813
2020-04-07 18:30:00+00:00,32.601997,19.452,25.602,0.0,43.3456,1009.67914,12.50055,17.551615
2020-04-08 18:30:00+00:00,32.601997,18.452,25.231169,0.0,42.27313,1010.39594,10.0723095,15.349684
2020-04-09 18:30:00+00:00,34.351997,18.702,26.268667,0.0,41.27461,1011.0459,7.4986973,18.678415
2020-04-10 18:30:00+00:00,35.601997,21.152,28.131165,0.0,37.128563,1011.9043,8.116318,16.700275
2020-04-11 18:30:00+00:00,35.601997,21.602,28.589499,0.0,38.808743,1009.8208,10.383517,12.984975
2020-04-12 18:30:00+00:00,37.752,21.452,30.129082,0.0,37.343864,1007.60834,9.857144,18.947083
2020-04-13 18:30:00+00:00,38.302,24.002,30.487417,0.0,38.52888,1007.8293,7.0209675,15.328561
2020-04-14 18:30:00+00:00,38.151997,24.402,30.739496,0.0,34.007168,1007.3542,9.453491,17.163355
2020-04-15 18:30:00+00:00,38.552,24.752,31.24575,0.0,31.589066,1006.0415,10.591311,17.581125
2020-04-16 18:30:00+00:00,35.901997,25.302,30.30825,0.0,30.24547,1005.82495,11.069182,17.429354
2020-04-17 18:30:00+00:00,36.401997,24.402,29.874916,0.0,34.672756,1007.0627,11.855259,22.73707
2020-04-18 18:30:00+00:00,34.752,22.702,28.835333,0.0,37.288612,1007.2915,10.095294,16.29174
2020-04-19 18:30:00+00:00,34.252,21.952,27.262419,0.0,40.51598,1008.2292,9.430604,19.64228
2020-04-20 18:30:00+00:00,33.252,20.252,26.931168,0.0,46.437473,1008.53345,8.373756,15.03835
2020-04-21 18:30:00+00:00,34.851997,20.752,28.58117,0.0,36.205364,1007.03754,6.9329953,13.276144
2020-04-22 18:30:00+00:00,35.052,24.452,29.27075,0.1,35.36108,1006.55,7.9211364,14.512064
2020-04-23 18:30:00+00:00,35.702,22.302,29.458252,0.0,37.71054,1004.75415,5.124969,9.0
2020-04-24 18:30:00+00:00,33.601997,23.402,28.385332,0.0,41.655582,1005.5251,7.168913,17.373497
2020-04-25 18:30:00+00:00,33.702,23.002,27.262419,1.6,53.416584,1008.0293,10.587991,17.786331
2020-04-26 18:30:00+00:00,31.302,20.952,25.704084,0.90000004,67.38549,1010.9041,13.822534,21.710716
2020-04-27 18:30:00+00:00,32.552,21.802,26.466585,0.6,63.8172,1010.89996,7.1692424,12.287555
2020-04-28 18:30:00+00:00,34.851997,21.352,28.626999,0.0,54.4932,1008.24585,5.8393826,11.966953
2020-04-29 18:30:00+00:00,36.401997,24.202,29.720755,0.0,48.335308,1007.7834,8.685479,23.565569
2020-04-30 18:30:00+00:00,39.151997,22.302,30.974916,0.0,50.86409,1005.9084,9.751213,18.0036
2020-05-01 18:30:00+00:00,37.601997,24.802,30.335333,0.5,52.817047,1005.196,15.60707,28.772987
2020-05-02 18:30:00+00:00,36.401997,23.452,28.25617,37.899998,64.483086,1006.27075,13.570702,36.77114
2020-05-03 18:30:00+00:00,33.802,21.402,27.797834,0.0,62.84473,1007.8374,6.163387,17.10284
2020-05-04 18:30:00+00:00,35.252,23.502,29.337418,0.0,47.847713,1006.98334,7.4346147,18.751125
2020-05-05 18:30:00+00:00,35.552,23.552,29.56659,0.0,37.702564,1005.96674,6.626735,25.264202
2020-05-06 18:30:00+00:00,36.601997,22.452,29.064499,0.0,42.405914,1006.71246,9.017085,15.683776
2020-05-07 18:30:00+00:00,38.601997,22.602,30.776995,0.0,37.05617,1005.0417,8.5201845,13.896187
2020-05-08 18:30:00+00:00,39.952,23.702,31.610336,0.0,38.875423,1005.4333,8.039266,12.096214
2020-05-09 18:30:00+00:00,37.002,24.002,30.297834,0.0,49.029633,1006.5417,10.202143,19.969458
2020-05-10 18:30:00+00:00,36.552,23.202,29.787415,0.1,53.647816,1008.00836,9.607854,13.849477
2020-05-11 18:30:00+00:00,37.052,24.002,30.566584,0.0,48.34886,1007.1416,9.018822,14.565548
2020-05-12 18:30:00+00:00,36.452,26.152,30.747833,0.0,49.984013,1006.0251,6.266031,10.805998
2020-05-13 18:30:00+00:00,38.002,25.202,30.09992,0.1,54.688114,1005.50415,8.197194,22.828087
2020-05-14 18:30:00+00:00,38.401997,24.952,31.472834,0.0,41.74239,1004.7083,10.1043625,15.986593
2020-05-15 18:30:00+00:00,38.502,25.302,32.016582,0.0,30.685984,1004.00824,11.972641,15.782622
2020-05-16 18:30:00+00:00,38.851997,25.102,32.056164,0.0,29.766518,1002.63336,7.232571,19.721298
2020-05-17 18:30:00+00:00,39.502,25.352,32.37492,0.0,24.84227,1001.62085,8.378943,17.713316
2020-05-18 18:30:00+00:00,40.151997,24.252,32.004086,0.0,22.11628,1000.95825,8.570018,19.70815
2020-05-19 18:30:00+00:00,38.802,24.552,31.67283,0.0,22.339958,1000.73334,13.7625885,20.26899
2020-05-20 18:30:00+00:00,41.302,24.952,33.631165,0.0,20.495033,999.8,13.63988,21.650938
2020-05-21 18:30:00+00:00,43.302,26.152,35.06658,0.0,21.24802,999.52094,7.392687,13.849477
2020-05-22 18:30:00+00:00,43.401997,27.352,35.987415,0.0,22.374222,1000.8374,9.678376,21.413193
2020-05-23 18:30:00+00:00,44.151997,29.752,36.916584,0.0,18.79677,1001.1125,13.442741,24.863466
2020-05-24 18:30:00+00:00,44.151997,29.102,36.618664,0.0,19.182787,1001.0249,11.958367,24.063513
2020-05-25 18:30:00+00:00,44.601997,31.502,37.56867,0.0,17.010998,999.2209,13.698298,31.883888
2020-05-26 18:30:00+00:00,44.752,28.802,37.08533,0.0,16.229933,997.5,11.690249,20.929594
2020-05-27 18:30:00+00:00,40.351997,29.502,34.14159,0.0,36.13941,998.8874,16.508884,31.716797
2020-05-28 18:30:00+00:00,37.002,25.252,29.781172,19.9,61.177982,1002.40424,16.023777,23.507751
2020-05-29 18:30:00+00:00,32.401997,23.952,28.252,0.1,61.584827,1004.9792,11.3054085,18.775301
2020-05-30 18:30:00+00:00,32.601997,22.652,26.83117,0.90000004,70.48934,1006.7583,7.441021,15.629972
2020-05-31 18:30:00+00:00,34.302,21.902,28.154083,0.0,65.83281,1007.15845,4.39126,8.4042845
2020-06-01 18:30:00+00:00,35.151997,23.802,28.937414,1.3,61.653393,1005.33344,4.7017517,10.495713
2020-06-02 18:30:00+00:00,35.552,24.152,29.999916,0.0,56.076405,1003.1584,5.969876,11.525623
2020-06-03 18:30:00+00:00,34.101997,25.602,29.697836,0.0,56.32182,1002.3623,5.422526,11.808878
2020-06-04 18:30:00+00:00,34.752,24.702,29.068666,0.6,59.210205,1002.4041,7.2931747,13.684735
2020-06-05 18:30:00+00:00,34.601997,24.402,29.227,0.0,60.543644,1001.80835,6.310484,13.246826
2020-06-06 18:30:00+00:00,36.651997,26.352,30.822838,0.0,57.56422,1001.49994,8.036029,15.1884165
2020-06-07 18:30:00+00:00,36.401997,25.152,31.224915,0.0,56.616825,1001.16656,6.158394,12.984975
2020-06-08 18:30:00+00:00,38.752,27.002,33.00617,0.0,50.515198,1000.92487,6.494513,14.003029
2020-06-09 18:30:00+00:00,39.502,28.202,33.947834,0.1,48.593403,1000.24585,7.3189073,14.512064
2020-06-10 18:30:00+00:00,38.052,27.952,33.622837,0.0,52.907444,999.0625,5.9126487,8.854829
2020-06-11 18:30:00+00:00,38.651997,28.702,33.80408,0.0,51.602676,998.05414,6.880403,12.904882
2020-06-12 18:30:00+00:00,38.351997,29.252,33.53117,0.0,54.40945,998.4084,7.68046,14.658676
2020-06-13 18:30:00+00:00,38.502,29.202,33.791588,0.0,54.921356,999.9375,7.577892,11.966953
2020-06-14 18:30:00+00:00,40.202,28.852,34.418667,0.0,47.210083,998.03345,7.3682365,17.106628
2020-06-15 18:30:00+00:00,39.401997,27.502,33.441586,0.0,50.506603,995.79156,8.334643,13.324863
2020-06-16 18:30:00+00:00,40.202,28.852,34.072838,0.0,50.09946,995.25415,9.447822,14.05845
2020-06-17 18:30:00+00:00,41.202,28.402,34.739506,0.0,48.568295,995.86664,8.1364155,11.720751
2020-06-18 18:30:00+00:00,42.002,30.252,35.654087,0.0,49.23961,997.57495,12.020932,23.424908
2020-06-19 18:30:00+00:00,39.601997,29.902,33.868664,0.2,52.84019,999.45,10.581872,23.686249
2020-06-20 18:30:00+00:00,38.802,28.902,33.43325,0.0,53.286133,999.0667,7.8340898,15.530151
2020-06-21 18:30:00+00:00,36.351997,27.702,31.80825,0.8000001,60.46665,999.2124,6.1926007,11.609651
2020-06-22 18:30:00+00:00,35.002,28.602,31.5645,1.3000001,63.927837,1001.33746,12.228377,16.981165
2020-06-23 18:30:00+00:00,33.702,28.352,30.470749,1.2,71.77743,1002.34174,10.104389,13.708391
2020-06-24 18:30:00+00:00,37.502,26.902,32.016582,0.0,66.72375,999.7581,4.6905217,10.144082
2020-06-25 18:30:00+00:00,37.202,28.252,32.779083,0.9,63.620174,998.87067,9.68349,20.898613
2020-06-26 18:30:00+00:00,38.601997,29.402,33.760334,0.0,56.820965,998.07086,12.451297,27.06472
2020-06-27 18:30:00+00:00,39.552,30.102,34.870747,0.8,50.077778,997.23755,12.982942,24.023088
2020-06-28 18:30:00+00:00,40.202,30.702,35.03742,0.3,49.850636,998.8125,10.4190645,25.20257
2020-06-29 18:30:00+00:00,37.351997,27.802,32.697838,0.1,61.819546,1000.3499,11.63742,15.192682
2020-06-30 18:30:00+00:00,38.202,28.102,33.206165,1.5000001,60.5852,999.31244,6.662254,10.630672
2020-07-01 18:30:00+00:00,40.052,29.652,35.062416,0.0,52.793888,996.80414,7.6558666,15.03835
2020-07-02 18:30:00+00:00,41.151997,30.702,35.316586,0.0,54.319614,996.22504,10.48765,19.296135
2020-07-03 18:30:00+00:00,39.151997,29.602,33.868668,0.0,60.51135,996.54584,12.527538,19.486609
2020-07-04 18:30:00+00:00,35.151997,25.502,30.604088,1.9,67.47949,997.2002,9.862942,15.716793
2020-07-05 18:30:00+00:00,35.202,26.802,30.779083,0.8,70.51394,997.22504,9.625608,14.84318
2020-07-06 18:30:00+00:00,33.002,27.102,29.631166,1.1,71.7335,1000.06256,13.056817,22.668568
2020-07-07 18:30:00+00:00,32.651997,26.402,28.552002,10.100001,84.69446,1001.4041,10.092114,14.689588
2020-07-08 18:30:00+00:00,32.702,26.352,29.906168,8.099999,80.80471,998.20844,6.838878,11.503113
2020-07-09 18:30:00+00:00,37.502,29.652,33.21034,0.2,58.400684,995.76666,15.869523,25.068514
2020-07-10 18:30:00+00:00,36.802,27.102,32.360332,0.0,62.332294,996.3667,9.341837,18.161278
2020-07-11 18:30:00+00:00,34.302,28.402,30.837416,2.0,70.50132,997.96246,7.8151336,11.808878
2020-07-12 18:30:00+00:00,35.851997,26.202,31.297834,0.0,68.87433,998.2917,8.705653,15.716793
2020-07-13 18:30:00+00:00,36.552,28.552,32.235332,0.1,65.86945,998.9873,5.7927585,10.1376915
2020-07-14 18:30:00+00:00,35.401997,28.102,31.679085,0.1,69.04503,999.59174,11.910264,14.417988
2020-07-15 18:30:00+00:00,34.202,28.002,30.837418,2.9999998,72.78875,998.7625,12.387984,16.485485
2020-07-16 18:30:00+00:00,34.702,26.552,30.858252,9.8,75.60734,999.51666,10.111592,15.509274
2020-07-17 18:30:00+00:00,37.002,26.652,31.708246,8.5,73.89428,1000.3208,8.533245,11.91812
2020-07-18 18:30:00+00:00,35.002,26.752,30.887419,16.5,77.111824,999.14594,10.268009,19.272614
2020-07-19 18:30:00+00:00,33.302,26.852,29.768667,7.7999988,77.72938,997.7041,11.137843,16.075521
2020-07-20 18:30:00+00:00,32.752,25.152,28.574915,11.799999,81.20918,1000.53326,6.72703,13.441071
2020-07-21 18:30:00+00:00,31.152,25.152,27.197832,12.000001,87.02027,1002.02924,8.240672,15.905319
2020-07-22 18:30:00+00:00,33.502,24.652,28.86033,0.4,78.02282,1000.82495,6.255629,9.387651
2020-07-23 18:30:00+00:00,33.202,26.002,28.997833,1.9000001,77.58326,1003.5667,6.016695,11.252519
2020-07-24 18:30:00+00:00,32.952,25.902,28.891584,1.6000003,82.8397,1004.97925,8.226926,12.096214
2020-07-25 18:30:00+00:00,34.101997,26.502,30.266584,0.6,78.37906,1004.74994,4.8591437,8.534353
2020-07-26 18:30:00+00:00,35.002,28.252,31.3645,0.5,71.55078,1002.37915,11.094436,15.463246
2020-07-27 18:30:00+00:00,35.601997,28.902,32.1395,0.1,64.984474,1000.14154,12.5275755,21.129883
2020-07-28 18:30:00+00:00,34.002,27.752,30.849915,0.4,70.170555,1000.5708,9.474996,16.279802
2020-07-29 18:30:00+00:00,33.002,26.202,29.14783,3.1999998,78.52459,1002.25824,7.4315205,12.031756
2020-07-30 18:30:00+00:00,33.101997,25.802,29.472834,16.7,82.333725,1001.5332,4.754289,7.8625183
2020-07-31 18:30:00+00:00,33.651997,26.852,29.714506,5.7999997,82.7894,1000.88763,4.240073,7.8625183
2020-08-01 18:30:00+00:00,35.952,27.402,31.435333,0.7,71.978584,998.94586,8.39434,15.315873
2020-08-02 18:30:00+00:00,35.851997,29.052,31.968668,1.8000001,68.63181,995.06256,10.929504,19.201874
2020-08-03 18:30:00+00:00,37.502,27.852,32.43117,0.3,68.060425,993.05,8.304677,16.08761
2020-08-04 18:30:00+00:00,33.952,28.302,30.764503,6.1,78.06559,994.39594,10.008662,17.057314
2020-08-05 18:30:00+00:00,34.702,28.102,30.822832,1.3000001,70.81593,996.9875,21.740171,30.124065
2020-08-06 18:30:00+00:00,33.552,26.402,29.64367,3.6,79.547615,1000.0791,15.14907,25.6233
2020-08-07 18:30:00+00:00,33.952,27.352,30.552004,5.4,79.97834,998.60834,3.4315875,7.2359104
2020-08-08 18:30:00+00:00,33.202,26.952,29.904083,18.4,82.39568,997.7749,6.3745427,11.177405
2020-08-09 18:30:00+00:00,31.802,26.052,28.70825,10.9,87.8628,999.00824,6.434683,11.298495
2020-08-10 18:30:00+00:00,32.552,26.252,29.02075,19.4,86.90295,998.95,5.3162804,15.941944
2020-08-11 18:30:00+00:00,34.002,26.752,29.939499,11.399999,81.14068,998.03754,10.319383,14.618837
2020-08-12 18:30:00+00:00,28.252,26.202,26.904085,62.000004,94.27358,997.304,7.475815,11.252519
2020-08-13 18:30:00+00:00,30.602,25.852,27.797834,5.5999994,88.66327,996.56256,10.605105,18.0
2020-08-14 18:30:00+00:00,32.351997,25.952,28.816584,3.2999997,85.20168,996.5667,9.762061,13.70839
2020-08-15 18:30:00+00:00,32.502,26.252,29.039503,2.0,85.80005,997.77094,8.065103,11.298495
2020-08-16 18:30:00+00:00,33.052,26.752,29.462418,6.0,86.10574,998.09595,8.164789,12.224107
2020-08-17 18:30:00+00:00,32.601997,27.452,29.924917,3.7999997,83.53625,998.68335,5.7525177,12.620554
2020-08-18 18:30:00+00:00,29.302,25.952,27.035337,21.300001,92.431465,998.8918,6.1123376,10.182337
2020-08-19 18:30:00+00:00,29.902,25.352,26.94992,2.0000002,90.34146,1000.89154,7.7070827,11.770403
2020-08-20 18:30:00+00:00,32.151997,25.852,28.58325,1.0,79.71634,1002.075,12.317048,18.486622
2020-08-21 18:30:00+00:00,31.552,26.152,28.47908,0.4,76.354965,1001.3918,16.544981,24.64094
2020-08-22 18:30:00+00:00,31.502,26.052,28.085333,2.1000001,81.522835,1000.1082,16.400906,22.81957
2020-08-23 18:30:00+00:00,30.602,25.552,27.649916,1.7000002,82.88263,1000.44586,14.530948,21.900904
2020-08-24 18:30:00+00:00,30.902,25.502,28.314499,2.4,79.952415,1002.62067,9.742757,16.1198
2020-08-25 18:30:00+00:00,32.052,26.052,28.906164,1.0,78.44616,1003.92505,6.8437,11.525623
2020-08-26 18:30:00+00:00,31.852,26.552,29.104086,1.8000002,74.9839,1003.3582,6.4649487,13.18308
2020-08-27 18:30:00+00:00,33.502,26.152,28.891584,1.1,81.455315,1001.4292,6.785233,13.089354
2020-08-28 18:30:00+00:00,32.552,25.552,28.679087,2.1999998,82.844795,1001.06256,7.4590664,13.75558
2020-08-29 18:30:00+00:00,30.502,26.302,27.885332,2.8,79.99018,1000.4543,17.627062,27.74103
2020-08-30 18:30:00+00:00,31.952,25.452,28.085333,2.4000003,76.229515,1002.97504,15.836272,20.46941
2020-08-31 18:30:00+00:00,32.502,24.902,28.431168,1.6,76.05486,1004.6792,8.865033,13.1041975
2020-09-01 18:30:00+00:00,32.502,25.702,29.012419,1.6,73.85479,1006.5667,6.498259,12.229406
2020-09-02 18:30:00+00:00,31.202,26.202,28.447836,7.1,84.03016,1006.98755,8.843077,17.974781
2020-09-03 18:30:00+00:00,32.452,25.852,28.691582,6.3,82.7161,1006.06665,8.374892,14.689588
2020-09-04 18:30:00+00:00,32.502,25.202,28.097834,8.4,85.2844,1004.45416,5.7148247,13.708391
2020-09-05 18:30:00+00:00,31.952,25.652,28.152,8.300001,84.728355,1003.3416,5.9191856,10.483357
2020-09-06 18:30:00+00:00,32.252,25.652,28.34575,9.4,84.155785,1003.89166,3.9065726,10.296251
2020-09-07 18:30:00+00:00,33.351997,25.952,29.285334,2.3,79.99589,1004.49164,5.3414836,8.759178
2020-09-08 18:30:00+00:00,34.601997,25.852,30.02075,0.0,73.36123,1004.11664,6.2209306,11.609651
2020-09-09 18:30:00+00:00,34.901997,25.502,30.020752,0.0,70.13937,1001.77496,7.341247,14.113652
2020-09-10 18:30:00+00:00,35.601997,25.602,30.179083,0.0,69.13999,1001.9834,7.1028266,12.9249525
2020-09-11 18:30:00+00:00,35.052,26.702,30.654083,0.0,67.39118,1004.61664,5.0730596,10.105681
2020-09-12 18:30:00+00:00,34.502,26.952,30.383247,0.0,68.01124,1004.70844,5.770571,11.542478
2020-09-13 18:30:00+00:00,34.851997,26.252,30.426996,0.0,71.017365,1003.5833,4.72853,11.367109
2020-09-14 18:30:00+00:00,35.952,26.152,30.89575,0.0,67.04406,1002.95416,5.605221,13.708391
2020-09-15 18:30:00+00:00,36.901997,26.602,31.429085,0.0,63.07416,1002.64996,5.709662,11.183201
2020-09-16 18:30:00+00:00,37.101997,28.052,32.216587,0.0,56.851048,1002.22504,9.962317,16.923828
2020-09-17 18:30:00+00:00,37.351997,28.852,32.579082,0.0,54.045364,1001.24994,10.685,14.982228
2020-09-18 18:30:00+00:00,36.502,27.652,31.689499,0.0,61.031647,1001.4834,5.5469823,12.074766
2020-09-19 18:30:00+00:00,36.651997,26.652,31.102003,0.0,62.94946,1001.1001,8.31745,16.520823
2020-09-20 18:30:00+00:00,36.151997,25.902,31.072836,0.0,59.210007,999.8918,7.3625317,10.446206
2020-09-21 18:30:00+00:00,33.651997,26.652,30.327003,5.0999994,71.66476,1000.4416,6.8665347,12.245293
2020-09-22 18:30:00+00:00,33.901997,26.352,30.237421,2.2,68.62865,1000.7541,7.914646,12.224107
2020-09-23 18:30:00+00:00,36.252,26.302,30.274918,0.1,65.11103,1002.42914,6.913653,15.683774
2020-09-24 18:30:00+00:00,37.502,25.902,30.870749,0.0,55.35135,1002.1125,8.889449,17.148247
2020-09-25 18:30:00+00:00,34.502,24.852,29.747835,0.2,52.265835,1002.40424,9.279564,18.678415
2020-09-26 18:30:00+00:00,34.851997,25.052,29.20825,0.0,55.78607,1005.0625,8.49338,11.165805
2020-09-27 18:30:00+00:00,35.552,23.752,29.2395,0.0,52.058285,1006.2041,9.543356,17.58481
2020-09-28 18:30:00+00:00,35.252,23.352,28.835333,0.0,52.731373,1005.9292,9.51778,18.374111
2020-09-29 18:30:00+00:00,35.052,23.302,28.393667,0.0,48.793507,1004.73737,11.40749,19.969458
2020-09-30 18:30:00+00:00,35.802,22.552,28.654081,0.0,49.94737,1004.27496,10.086572,17.566378
2020-10-01 18:30:00+00:00,35.202,22.052,28.154089,0.0,52.491684,1004.8708,7.775534,11.753876
2020-10-02 18:30:00+00:00,34.651997,21.452,27.822836,0.0,51.369537,1005.9666,7.575113,13.746156
2020-10-03 18:30:00+00:00,34.202,21.652,27.345749,0.0,46.01051,1006.87915,6.4123826,13.004922
2020-10-04 18:30:00+00:00,34.802,21.452,27.408249,0.0,44.52068,1006.50836,11.2067795,20.08916
2020-10-05 18:30:00+00:00,34.901997,20.802,27.493668,0.0,46.367218,1006.91656,10.0764885,17.174677
2020-10-06 18:30:00+00:00,35.052,19.902,27.358252,0.0,50.05247,1008.65826,6.532436,13.551501
2020-10-07 18:30:00+00:00,34.702,20.252,27.102,0.0,51.069546,1009.1418,6.8888874,13.896187
2020-10-08 18:30:00+00:00,34.202,19.602,26.956163,0.0,51.356556,1009.3791,5.8117175,11.440978
2020-10-09 18:30:00+00:00,34.452,20.402,27.364502,0.0,50.8287,1008.15424,6.4511776,13.684735
2020-10-10 18:30:00+00:00,34.351997,21.602,27.622831,0.0,46.763515,1006.18744,7.996532,15.042659
2020-10-11 18:30:00+00:00,33.952,20.302,26.877,0.0,54.48875,1004.6291,6.526085,11.183201
2020-10-12 18:30:00+00:00,34.202,20.952,27.516584,0.0,58.845703,1005.38324,7.235089,9.504272
2020-10-13 18:30:00+00:00,33.752,22.702,27.993666,0.0,61.178303,1006.8125,5.9936147,8.707238
2020-10-14 18:30:00+00:00,34.252,23.002,28.152,0.0,49.875965,1007.3833,7.4742064,14.458382
2020-10-15 18:30:00+00:00,33.452,19.452,26.118668,0.0,43.286594,1007.3625,5.8565745,9.693296
2020-10-16 18:30:00+00:00,33.802,19.252,26.843668,0.0,42.327816,1008.1167,5.723923,10.483357
2020-10-17 18:30:00+00:00,33.552,20.602,26.758253,0.0,37.678677,1008.2458,7.4351077,12.031756
2020-10-18 18:30:00+00:00,32.702,21.902,26.416582,0.0,31.158457,1008.0125,9.251519,12.594856
2020-10-19 18:30:00+00:00,33.101997,17.302,25.060333,0.0,32.693848,1007.6834,8.329679,12.979984
2020-10-20 18:30:00+00:00,32.851997,20.202,25.929083,0.0,35.85387,1008.82074,5.787028,10.1376915
2020-10-21 18:30:00+00:00,32.302,20.052,26.093664,0.0,42.40841,1007.4001,6.670042,13.358861
2020-10-22 18:30:00+00:00,32.601997,20.802,25.641584,0.0,40.84969,1007.29987,6.384426,10.464797
2020-10-23 18:30:00+00:00,32.901997,17.752,24.972834,0.0,39.123695,1008.23755,6.904199,10.990322
2020-10-24 18:30:00+00:00,33.302,19.502,25.966583,0.0,37.65893,1010.60834,4.6975636,9.178235
2020-10-25 18:30:00+00:00,32.302,17.252,25.154085,0.0,40.035385,1012.0334,6.374487,11.525623
2020-10-26 18:30:00+00:00,30.752,17.902,23.583254,0.0,36.156128,1011.9373,10.248889,13.896187
2020-10-27 18:30:00+00:00,30.252,16.452,22.629082,0.0,38.95693,1012.60834,7.368133,10.931203
2020-10-28 18:30:00+00:00,30.402,15.952,23.027,0.0,42.786953,1013.5251,6.1137795,8.759178
2020-10-29 18:30:00+00:00,29.752,15.902,22.885336,0.0,41.81733,1013.3958,8.3942,12.979984
2020-10-30 18:30:00+00:00,29.902,15.852,22.160334,0.0,38.39055,1013.2541,12.052819,16.87398
2020-10-31 18:30:00+00:00,28.802,14.802,21.460335,0.0,30.296888,1013.88324,11.164295,15.530151
2020-11-01 18:30:00+00:00,29.302,13.852,21.481169,0.0,30.407557,1014.5999,10.371178,16.179987
2020-11-02 18:30:00+00:00,29.452,13.802,20.947832,0.0,33.858505,1013.88745,7.2671223,11.457958
2020-11-03 18:30:00+00:00,29.052,14.052,21.199919,0.0,38.987072,1012.75006,8.2223215,12.287555
2020-11-04 18:30:00+00:00,30.502,15.202,22.510336,0.0,37.980167,1013.8291,7.5380282,10.8955765
2020-11-05 18:30:00+00:00,30.552,15.202,22.70617,0.0,39.50432,1016.57495,6.7867303,10.799999
2020-11-06 18:30:00+00:00,29.802,15.652,21.983248,0.0,42.983093,1017.5207,9.197845,13.608762
2020-11-07 18:30:00+00:00,29.502,13.952,21.299917,0.0,45.61049,1018.1958,6.748653,10.990322
2020-11-08 18:30:00+00:00,28.952,14.352,21.252,0.0,48.869724,1016.7625,5.8546424,10.883676
2020-11-09 18:30:00+00:00,27.802,13.502,20.937418,0.0,54.991898,1015.4832,5.9022784,9.028754
2020-11-10 18:30:00+00:00,27.902,14.202,20.783249,0.0,57.639908,1017.1792,7.542067,9.957108
2020-11-11 18:30:00+00:00,27.002,14.752,21.220753,0.0,53.853207,1018.675,5.003102,9.021574
2020-11-12 18:30:00+00:00,27.202,14.052,20.547836,0.0,53.361923,1017.3374,6.017655,9.178235
2020-11-13 18:30:00+00:00,28.052,14.802,21.285332,0.0,49.35866,1014.8958,5.024588,9.47012
2020-11-14 18:30:00+00:00,28.602,14.252,20.481165,4.9,66.056694,1014.3416,10.812065,17.283749
2020-11-15 18:30:00+00:00,25.602,16.602,20.068666,4.0,78.6447,1016.05,8.91867,16.595179
2020-11-16 18:30:00+00:00,24.802,15.052,19.322836,0.0,73.37389,1014.80414,8.743567,12.7279215
2020-11-17 18:30:00+00:00,24.502,14.002,18.68325,0.0,65.61567,1013.48334,7.509037,10.514218
2020-11-18 18:30:00+00:00,24.102,13.252,18.11867,0.0,58.683807,1013.9834,7.061503,9.659814
2020-11-19 18:30:00+00:00,23.802,11.302,16.952,0.0,55.029552,1015.72504,11.138364,15.696165
2020-11-20 18:30:00+00:00,23.102,11.752,16.631166,0.0,52.70619,1016.22504,13.437661,19.881649
2020-11-21 18:30:00+00:00,22.802,10.702,16.14575,0.0,54.054188,1016.74164,9.737303,13.392774
2020-11-22 18:30:00+00:00,23.602,9.752,16.127,0.0,57.332077,1016.8667,5.9218144,9.957108
2020-11-23 18:30:00+00:00,23.502,11.802,16.772835,0.0,57.66305,1016.39594,5.8628106,10.182337
2020-11-24 18:30:00+00:00,23.202,12.752,17.24575,0.0,60.509678,1016.56665,8.373258,13.854155
2020-11-25 18:30:00+00:00,22.452,13.702,17.443668,1.9000001,69.88841,1018.97504,7.28829,13.527572
2020-11-26 18:30:00+00:00,24.302,12.502,17.437416,0.0,65.672554,1020.6873,13.476796,19.134262
2020-11-27 18:30:00+00:00,24.152,12.152,16.874914,0.0,59.822815,1019.6458,12.162827,15.990646
2020-11-28 18:30:00+00:00,23.802,10.502,16.058252,0.0,59.625195,1018.2834,8.149741,11.252519
2020-11-29 18:30:00+00:00,24.502,9.902,16.610334,0.0,61.640186,1017.22076,6.66161,8.669949
2020-11-30 18:30:00+00:00,25.052,11.302,17.370752,0.0,63.220505,1017.38336,7.7975082,10.1887
2020-12-01 18:30:00+00:00,26.202,11.802,18.306166,0.0,61.977367,1015.3625,10.091468,13.584932
2020-12-02 18:30:00+00:00,26.502,11.952,18.666582,0.0,61.92107,1014.2832,6.2748604,9.565437
2020-12-03 18:30:00+00:00,26.902,13.352,18.824917,0.0,62.107975,1012.76666,6.6089463,11.252519
2020-12-04 18:30:00+00:00,26.552,11.502,17.960335,0.0,69.468056,1013.09174,7.922895,11.013882
2020-12-05 18:30:00+00:00,26.952,12.102,18.372835,0.0,71.65479,1015.37915,7.159511,11.480557
2020-12-06 18:30:00+00:00,26.402,13.552,18.631166,0.0,72.970985,1017.02924,8.990961,12.245293
2020-12-07 18:30:00+00:00,26.302,12.052,18.826998,0.0,70.354294,1016.98755,4.647121,9.227524
2020-12-08 18:30:00+00:00,26.652,13.152,19.422834,0.0,67.89297,1015.12915,4.413669,9.686609
2020-12-09 18:30:00+00:00,26.652,14.002,19.576998,0.0,65.69679,1014.70844,6.9716225,10.233123
2020-12-10 18:30:00+00:00,24.602,14.702,19.1895,0.1,69.0165,1014.5876,6.800335,11.753877
2020-12-11 18:30:00+00:00,23.452,14.752,18.158253,0.4,80.34198,1015.0666,6.4163113,9.178235
2020-12-12 18:30:00+00:00,21.352,11.152,15.272835,0.0,67.63044,1015.65424,12.618772,16.135872
2020-12-13 18:30:00+00:00,20.252,8.352,12.972836,0.0,68.1023,1016.80005,10.580052,15.2947035
2020-12-14 18:30:00+00:00,19.102,7.252,11.968667,0.0,71.096825,1019.14166,7.9545918,10.966713
2020-12-15 18:30:00+00:00,19.152,7.602,12.152,0.0,68.44657,1021.1917,11.115597,14.168641
2020-12-16 18:30:00+00:00,16.352,5.252,10.131167,0.0,65.11854,1020.75006,12.699622,16.08761
2020-12-17 18:30:00+00:00,18.002,6.402,11.458251,0.0,56.47958,1018.8459,14.301937,17.555307
2020-12-18 18:30:00+00:00,20.052,7.252,12.916584,0.0,57.173336,1019.2751,13.145256,17.25373
2020-12-19 18:30:00+00:00,21.502,7.702,14.245751,0.0,57.84097,1019.4543,12.360757,15.077082
2020-12-20 18:30:00+00:00,19.652,9.002,13.976998,0.0,67.388664,1017.55817,9.390492,13.527572
2020-12-21 18:30:00+00:00,22.102,9.302,14.564502,0.0,69.29808,1016.17487,6.4111514,8.78872
2020-12-22 18:30:00+00:00,22.002,7.152,14.124917,0.0,69.57521,1015.23755,4.6458983,8.089993
2020-12-23 18:30:00+00:00,22.152,8.202,14.322834,0.0,65.46247,1015.67487,7.2217927,9.220499
2020-12-24 18:30:00+00:00,21.202,8.352,14.0061655,0.0,61.14841,1016.87494,8.941846,12.313894
2020-12-25 18:30:00+00:00,21.152,7.952,13.777001,0.0,62.9803,1016.1167,8.589831,12.181625
2020-12-26 18:30:00+00:00,22.002,9.402,14.987418,0.2,63.529087,1013.58325,8.923082,18.584509
2020-12-27 18:30:00+00:00,18.052,6.802,12.127002,0.0,49.48326,1016.7043,10.579981,14.480773
2020-12-28 18:30:00+00:00,16.652,5.002,10.408251,0.0,65.94583,1018.0876,11.105019,15.124284
2020-12-29 18:30:00+00:00,16.752,5.352,10.018666,0.0,73.79023,1019.5334,10.565326,13.324863
2020-12-30 18:30:00+00:00,16.952,5.352,9.837417,0.0,76.58669,1018.8335,8.74989,12.475961
2020-12-31 18:30:00+00:00,18.102,3.852,10.945751,0.0,69.62072,1017.84595,5.67989,8.287822
2021-01-01 18:30:00+00:00,19.902,9.702,13.939502,4.5,75.343094,1016.32074,8.618334,14.291592
2021-01-02 18:30:00+00:00,20.502,12.552,15.979083,3.8,85.80542,1014.42487,12.210965,21.203358
2021-01-03 18:30:00+00:00,20.852,11.152,15.989503,8.1,90.29681,1015.7417,8.670031,14.007655
2021-01-04 18:30:00+00:00,23.202,13.202,17.495752,2.8000002,84.63004,1015.2166,8.737982,16.055353
2021-01-05 18:30:00+00:00,21.702,14.402,17.474918,1.2,85.92215,1014.97076,6.899362,12.7279215
2021-01-06 18:30:00+00:00,19.402,10.852,15.083251,0.0,84.086235,1015.0833,10.297936,15.530151
2021-01-07 18:30:00+00:00,19.902,9.352,13.806167,0.0,84.531715,1014.6208,5.1080356,7.5685663
2021-01-08 18:30:00+00:00,20.102,11.902,15.358251,0.0,80.91851,1015.5916,12.516663,16.375053
2021-01-09 18:30:00+00:00,18.002,8.552,12.645749,0.0,71.547966,1016.23334,13.746834,16.87398
2021-01-10 18:30:00+00:00,18.102,7.452,11.687417,0.0,78.369286,1016.7293,12.753647,17.610588
2021-01-11 18:30:00+00:00,18.802,7.202,12.03325,0.0,70.86082,1016.93335,12.424569,17.709658
2021-01-12 18:30:00+00:00,19.302,6.452,11.495749,0.0,72.85462,1015.9333,10.55688,14.021525
2021-01-13 18:30:00+00:00,18.602,5.902,11.38325,0.0,76.17498,1016.38336,5.10617,8.707238
2021-01-14 18:30:00+00:00,19.402,8.252,12.564499,0.0,81.03773,1014.69165,5.4459705,9.422101
2021-01-15 18:30:00+00:00,18.252,6.502,11.0895,0.0,85.83097,1013.4668,6.662582,10.703569
2021-01-16 18:30:00+00:00,19.102,5.702,11.179085,0.0,84.34557,1015.51654,10.095065,15.629971
2021-01-17 18:30:00+00:00,19.352,10.752,14.26242,1.1,82.04706,1016.2041,9.178102,11.966954
2021-01-18 18:30:00+00:00,21.152,10.702,15.004083,0.0,82.61074,1014.0376,9.95543,14.20062
2021-01-19 18:30:00+00:00,19.902,10.752,14.385334,0.0,83.17802,1014.44165,15.533839,19.171478
2021-01-20 18:30:00+00:00,21.252,9.452,13.954085,0.0,73.99865,1013.554,13.690571,17.902534
2021-01-21 18:30:00+00:00,21.502,7.552,13.239501,0.0,77.11434,1014.55,8.174248,12.181624
2021-01-22 18:30:00+00:00,21.152,8.502,13.891583,0.0,79.79858,1012.93744,10.5177145,15.807239
2021-01-23 18:30:00+00:00,19.552,8.852,13.343667,0.0,76.99255,1015.9373,10.788207,14.88242
2021-01-24 18:30:00+00:00,18.252,7.002,11.566583,0.0,76.95538,1018.1875,8.807405,12.538134
2021-01-25 18:30:00+00:00,18.552,7.802,12.179084,0.0,74.53764,1017.83325,9.24611,11.681987
2021-01-26 18:30:00+00:00,19.202,7.102,12.179084,0.0,71.59371,1017.5291,10.517237,14.773164
2021-01-27 18:30:00+00:00,18.802,6.102,11.718669,0.0,72.14585,1018.2502,6.719011,9.346143
2021-01-28 18:30:00+00:00,19.002,6.502,12.152,0.0,68.84636,1018.78326,10.564252,15.03835
2021-01-29 18:30:00+00:00,19.352,7.102,12.495749,0.0,61.926533,1017.20013,12.496895,16.645864
2021-01-30 18:30:00+00:00,21.302,5.302,13.110333,0.0,60.229862,1017.4373,6.641829,9.339208
2021-01-31 18:30:00+00:00,23.652,7.452,15.260335,0.0,66.48493,1018.86255,5.402228,9.007196
2021-02-01 18:30:00+00:00,24.202,8.802,16.062418,0.0,71.35435,1017.32916,5.800841,9.9571085
2021-02-02 18:30:00+00:00,24.652,10.602,16.699917,0.0,73.9689,1015.7292,8.574343,10.883676
2021-02-03 18:30:00+00:00,21.352,10.902,15.687419,5.7000003,82.364914,1016.2041,9.477448,22.55106
2021-02-04 18:30:00+00:00,20.052,9.302,13.764501,0.0,81.56562,1017.74164,9.190277,12.72283
2021-02-05 18:30:00+00:00,20.402,9.452,14.391585,0.0,70.96381,1018.2334,12.12291,15.408671
2021-02-06 18:30:00+00:00,21.602,9.402,14.741585,0.0,70.07389,1018.1125,11.320656,17.057314
2021-02-07 18:30:00+00:00,23.102,8.852,15.435334,0.0,70.62451,1017.8665,7.255608,11.966954
2021-02-08 18:30:00+00:00,24.852,10.402,16.866587,0.0,66.859566,1014.6541,8.489266,10.805998
2021-02-09 18:30:00+00:00,25.702,11.852,17.610334,0.0,71.559395,1013.1001,6.9267426,10.233123
2021-02-10 18:30:00+00:00,24.502,11.252,17.202,0.0,73.78494,1013.8542,6.0837216,9.19939
2021-02-11 18:30:00+00:00,24.552,11.452,17.262415,0.0,74.33326,1014.90424,5.3383555,7.628263
2021-02-12 18:30:00+00:00,24.752,11.402,17.610336,0.0,72.78703,1015.07086,4.9535475,8.905908
2021-02-13 18:30:00+00:00,25.702,12.202,18.272835,0.0,70.53819,1014.5042,5.687079,8.891344
2021-02-14 18:30:00+00:00,26.802,14.302,19.256166,0.1,65.65752,1012.7751,5.927559,9.673221
2021-02-15 18:30:00+00:00,27.302,13.102,19.093668,0.0,69.83867,1012.2707,6.719377,11.165805
2021-02-16 18:30:00+00:00,25.902,13.252,18.672834,0.0,68.32878,1014.0959,7.5266423,10.296251
2021-02-17 18:30:00+00:00,25.902,12.052,18.410336,0.0,70.88508,1016.91254,7.044969,11.923557
2021-02-18 18:30:00+00:00,25.852,11.602,18.281168,0.0,71.35368,1019.3792,7.290652,12.984975
2021-02-19 18:30:00+00:00,26.152,12.402,18.502,0.0,66.80206,1019.0041,8.156394,10.296251
2021-02-20 18:30:00+00:00,26.252,12.402,18.81867,0.0,63.400604,1017.38763,9.707414,12.599998
2021-02-21 18:30:00+00:00,27.852,12.902,20.056168,0.0,58.589066,1015.36664,9.804104,14.654254
2021-02-22 18:30:00+00:00,30.002,13.402,21.389498,0.0,53.11517,1012.7832,7.0307307,9.449572
2021-02-23 18:30:00+00:00,30.352,13.252,22.329084,0.0,48.651287,1011.0459,7.533777,12.0694
2021-02-24 18:30:00+00:00,30.502,15.102,22.34575,0.0,51.660095,1009.875,8.956179,14.57889
2021-02-25 18:30:00+00:00,31.302,16.502,23.285334,0.0,51.192554,1007.5459,10.8362,15.0038395
2021-02-26 18:30:00+00:00,30.902,19.602,24.447832,0.0,40.455948,1006.95844,10.9736395,21.603
2021-02-27 18:30:00+00:00,29.602,17.602,22.45825,0.0,49.37459,1009.9334,7.6061745,16.454008
2021-02-28 18:30:00+00:00,28.002,14.452,20.779085,0.0,43.77949,1014.04987,12.238892,19.35314
2021-03-01 18:30:00+00:00,27.802,15.152,20.693666,0.0,39.48596,1014.45,15.189036,21.889065
2021-03-02 18:30:00+00:00,29.652,15.252,21.743666,0.0,40.13017,1012.41254,10.862033,14.336861
2021-03-03 18:30:00+00:00,31.152,13.952,23.233248,0.0,43.092438,1011.6917,5.385404,10.144082
2021-03-04 18:30:00+00:00,30.302,15.902,22.420752,0.0,44.86733,1011.52496,13.46555,21.892027
2021-03-05 18:30:00+00:00,31.452,15.502,23.018667,0.0,40.664936,1010.8499,10.422374,14.33234
2021-03-06 18:30:00+00:00,33.252,15.852,25.04992,0.0,40.506725,1009.04175,7.6035576,13.849476
2021-03-07 18:30:00+00:00,31.302,17.902,24.172834,0.0,50.826435,1010.39996,10.267815,15.496736
2021-03-08 18:30:00+00:00,32.452,18.302,23.845749,0.6,63.800655,1011.7209,7.514955,13.53236
2021-03-09 18:30:00+00:00,31.002,17.902,24.19367,0.0,57.434307,1011.71686,6.819874,14.689588
2021-03-10 18:30:00+00:00,32.752,17.302,24.424917,0.0,53.964355,1012.7292,6.2004256,10.685391
2021-03-11 18:30:00+00:00,30.002,17.752,23.08742,1.8,55.12824,1014.68744,11.73518,21.791153
2021-03-12 18:30:00+00:00,30.202,16.602,23.372833,0.0,61.37025,1015.5959,6.2880425,10.636766
2021-03-13 18:30:00+00:00,30.252,16.802,23.556173,0.0,52.830555,1012.70416,9.685764,14.186923
2021-03-14 18:30:00+00:00,31.752,17.802,24.256166,0.0,50.920116,1011.62085,9.761558,15.459054
2021-03-15 18:30:00+00:00,32.351997,17.802,24.52492,0.0,48.23798,1011.71246,10.691443,16.563911
2021-03-16 18:30:00+00:00,32.752,17.752,25.39575,0.0,43.28682,1010.2708,7.635164,11.165805
2021-03-17 18:30:00+00:00,32.752,18.152,24.772833,0.3,47.80464,1010.78754,5.8374386,11.304229
2021-03-18 18:30:00+00:00,31.702,19.752,24.69575,0.6,52.64478,1010.32513,7.9345365,10.799999
2021-03-19 18:30:00+00:00,32.101997,18.152,24.906164,0.0,43.8821,1008.80426,9.982966,14.904173
2021-03-20 18:30:00+00:00,33.952,18.352,25.956163,0.0,41.540695,1008.0833,7.879761,15.542662
2021-03-21 18:30:00+00:00,33.252,19.202,25.068666,0.3,47.522827,1011.37915,11.3163185,18.751125
2021-03-22 18:30:00+00:00,31.902,18.802,24.2395,0.1,48.86973,1012.87915,9.981378,29.6383
2021-03-23 18:30:00+00:00,30.652,17.402,24.09575,0.5,46.310764,1013.47925,8.554421,17.555305
2021-03-24 18:30:00+00:00,30.402,17.552,23.358252,0.0,41.595898,1013.21246,14.944152,20.88
2021-03-25 18:30:00+00:00,30.452,16.752,23.368668,0.0,49.693798,1011.46655,12.044376,17.935081
2021-03-26 18:30:00+00:00,33.151997,17.402,25.210335,0.0,48.754047,1009.34155,6.540915,13.004921
2021-03-27 18:30:00+00:00,35.752,19.752,27.412415,0.0,44.47307,1006.6042,6.562359,11.620809
2021-03-28 18:30:00+00:00,39.202,18.752,28.14158,0.0,39.002342,1003.78754,6.7669125,12.371645
2021-03-29 18:30:00+00:00,37.302,21.802,29.577005,0.0,31.028368,1000.1084,18.270773,32.37999
2021-03-30 18:30:00+00:00,33.851997,22.152,27.552004,0.0,23.048532,1001.61664,18.860666,23.557316
2021-03-31 18:30:00+00:00,33.401997,19.902,26.21242,0.0,17.153461,1002.6875,20.13301,27.333935
2021-04-01 18:30:00+00:00,32.802,17.202,24.787416,0.0,19.589828,1005.8833,10.457258,13.479583
2021-04-02 18:30:00+00:00,33.151997,16.652,25.018667,0.0,20.021963,1008.62085,5.8903413,9.885262
2021-04-03 18:30:00+00:00,34.851997,17.902,26.418665,0.0,23.41323,1009.2126,8.072195,12.324414
2021-04-04 18:30:00+00:00,37.702,19.902,29.256166,0.0,24.950682,1007.3249,9.069779,13.979872
2021-04-05 18:30:00+00:00,37.502,20.902,29.287415,0.0,29.260271,1005.61255,7.985,12.904882
2021-04-06 18:30:00+00:00,34.901997,21.202,28.24158,0.0,32.076122,1008.4417,13.541897,24.48
2021-04-07 18:30:00+00:00,33.502,20.602,27.04158,0.0,25.184275,1008.39594,12.680415,15.986595
2021-04-08 18:30:00+00:00,34.802,18.602,27.087416,0.0,20.893217,1009.1958,10.628432,15.315873
2021-04-09 18:30:00+00:00,35.901997,19.752,28.1895,0.0,19.080221,1010.6999,10.331967,15.9134655
2021-04-10 18:30:00+00:00,36.901997,21.002,28.958252,0.0,19.950056,1010.61676,9.017447,13.324863
2021-04-11 18:30:00+00:00,37.901997,21.652,29.94575,0.0,19.7576,1010.97504,8.542932,19.881649
2021-04-12 18:30:00+00:00,38.151997,21.902,30.479086,0.0,21.0655,1009.41254,10.402617,17.114204
2021-04-13 18:30:00+00:00,38.202,22.202,30.479088,0.0,21.127697,1008.21246,11.8144455,23.084955
2021-04-14 18:30:00+00:00,38.302,23.052,30.856169,0.0,18.910374,1006.9207,10.536702,15.03835
2021-04-15 18:30:00+00:00,38.101997,22.652,28.49575,1.8,33.71579,1006.4126,11.62864,32.04202
2021-04-16 18:30:00+00:00,35.252,19.752,27.347832,0.0,45.442905,1008.9167,10.080359,16.520823
2021-04-17 18:30:00+00:00,35.351997,21.152,28.349916,0.0,30.483446,1010.7043,7.2086797,13.684735
2021-04-18 18:30:00+00:00,37.252,21.752,29.929083,0.0,27.274984,1006.60425,9.6586685,14.618837
2021-04-19 18:30:00+00:00,35.052,22.452,28.254084,0.0,28.449541,1005.625,12.897376,22.33161
2021-04-20 18:30:00+00:00,31.952,19.102,26.16658,0.0,40.023365,1007.6374,13.387143,20.991426
2021-04-21 18:30:00+00:00,33.002,19.802,26.714502,0.0,41.061153,1010.07495,7.8030705,18.289274
2021-04-22 18:30:00+00:00,34.401997,22.202,27.852,0.3,34.231945,1008.25,13.2190275,18.79255
2021-04-23 18:30:00+00:00,33.252,19.502,26.52075,0.0,34.982746,1009.59174,13.631093,17.57744
2021-04-24 18:30:00+00:00,36.502,20.902,28.660334,0.0,25.5515,1009.2874,13.207722,20.364674
2021-04-25 18:30:00+00:00,38.101997,21.352,30.58533,0.0,20.730007,1007.3169,8.197867,12.496718
2021-04-26 18:30:00+00:00,40.901997,23.552,32.470745,0.0,19.334673,1006.1165,9.3545265,17.581125
2021-04-27 18:30:00+00:00,41.502,24.552,33.408253,0.0,19.430979,1006.6958,7.718385,15.782622
2021-04-28 18:30:00+00:00,40.702,25.202,33.668667,0.0,19.8798,1006.7959,9.336066,20.799152
2021-04-29 18:30:00+00:00,39.101997,24.252,32.431164,0.0,27.177795,1006.48334,6.6912313,16.267857
2021-04-30 18:30:00+00:00,38.552,24.952,32.29367,0.0,27.824602,1006.2708,7.328184,15.696165
2021-05-01 18:30:00+00:00,37.901997,25.452,31.545753,0.1,29.907951,1006.74994,7.910526,14.512064
2021-05-02 18:30:00+00:00,37.151997,25.602,31.618668,0.0,29.787935,1005.43335,8.174059,15.827721
2021-05-03 18:30:00+00:00,39.702,25.252,32.962414,0.0,23.838404,1003.86255,8.984643,15.9134655
2021-05-04 18:30:00+00:00,38.702,25.752,31.910332,0.0,35.865654,1004.72504,10.796216,22.73707
2021-05-05 18:30:00+00:00,38.202,24.652,29.94783,0.4,47.116558,1006.7,13.527069,25.570139
2021-05-06 18:30:00+00:00,36.552,22.502,28.629082,10.2,55.315998,1008.82495,7.3584404,23.966375
2021-05-07 18:30:00+00:00,37.101997,24.602,31.377,0.0,36.500057,1007.27924,6.797232,11.177405
2021-05-08 18:30:00+00:00,37.851997,24.652,31.17283,0.0,38.216007,1005.40826,7.298981,19.319628
2021-05-09 18:30:00+00:00,38.052,24.552,30.868668,0.2,38.326664,1003.77905,8.196616,18.847641
2021-05-10 18:30:00+00:00,38.101997,25.102,31.770752,0.0,35.44005,1002.69165,9.209268,22.682856
2021-05-11 18:30:00+00:00,36.252,25.152,30.38325,0.2,40.249878,1001.33746,8.994368,18.089775
2021-05-12 18:30:00+00:00,33.351997,23.602,28.399916,0.2,52.61946,1002.8166,11.794032,19.652176
2021-05-13 18:30:00+00:00,36.952,23.852,30.379084,0.0,44.670048,1002.90826,7.5756974,13.246826
2021-05-14 18:30:00+00:00,35.351997,24.252,30.09575,1.3,43.14897,1004.17084,6.7480416,12.661564
2021-05-15 18:30:00+00:00,39.552,24.352,32.84992,0.0,31.730658,1005.03326,7.3864646,12.074766
2021-05-16 18:30:00+00:00,37.952,28.152,32.843666,0.0,32.99078,1005.47095,6.737549,14.934577
2021-05-17 18:30:00+00:00,28.652,22.702,25.802,1.4,62.88123,1006.20013,10.981385,20.969805
2021-05-18 18:30:00+00:00,23.052,20.652,21.422836,103.299995,89.265755,1003.51654,15.294952,21.203358
2021-05-19 18:30:00+00:00,29.652,20.602,24.656172,18.0,75.23461,1001.74585,14.59121,22.450264
2021-05-20 18:30:00+00:00,32.452,21.002,26.468668,0.3,76.038734,1004.4375,8.638192,14.77755
2021-05-21 18:30:00+00:00,33.702,23.552,28.454084,0.1,69.625206,1003.90424,4.697903,12.313893
2021-05-22 18:30:00+00:00,34.101997,23.502,28.720747,0.0,53.867367,1004.89594,9.680629,14.618837
2021-05-23 18:30:00+00:00,35.401997,23.102,28.74575,0.0,44.103016,1005.125,13.356831,21.67487
2021-05-24 18:30:00+00:00,36.952,23.802,30.001999,0.0,38.008274,1001.6916,12.7475,17.429354
2021-05-25 18:30:00+00:00,37.502,22.502,30.57075,0.0,41.435154,999.3,6.7650185,11.770403
2021-05-26 18:30:00+00:00,38.351997,24.002,30.49575,0.0,49.340405,999.46246,6.472779,10.538843
2021-05-27 18:30:00+00:00,37.101997,24.102,30.360338,0.0,57.74966,1000.8501,10.30862,18.844202
2021-05-28 18:30:00+00:00,37.651997,26.202,31.462418,0.0,54.045773,1002.2332,13.250493,18.899143
2021-05-29 18:30:00+00:00,36.302,26.002,30.89158,0.2,60.453762,1002.39996,10.12699,15.459054
2021-05-30 18:30:00+00:00,36.901997,26.202,31.770754,0.0,58.943356,999.4416,6.658728,11.457958
2021-05-31 18:30:00+00:00,34.351997,22.752,28.820753,0.7,65.73379,1002.0083,7.81815,20.68356
2021-06-01 18:30:00+00:00,35.101997,23.902,29.458252,2.7,61.48821,1003.9375,5.577348,12.904882
2021-06-02 18:30:00+00:00,35.502,24.952,30.460335,0.0,55.859684,1004.7624,4.4558153,7.289445
2021-06-03 18:30:00+00:00,36.351997,25.902,30.789505,0.0,59.281754,1004.66254,5.81538,11.609651
2021-06-04 18:30:00+00:00,36.151997,25.702,30.918669,0.3,58.379818,1003.15845,8.321971,14.007655
2021-06-05 18:30:00+00:00,37.101997,27.102,31.82075,0.0,51.07306,1002.50824,8.254968,14.05845
2021-06-06 18:30:00+00:00,38.952,26.902,33.060333,0.0,48.221134,1000.2874,8.478665,13.049689
2021-06-07 18:30:00+00:00,40.651997,29.702,35.00825,0.0,38.862476,998.02924,15.881206,26.200977
2021-06-08 18:30:00+00:00,41.002,31.802,35.901997,0.0,38.5162,996.4168,15.434643,24.535524
2021-06-09 18:30:00+00:00,38.802,29.352,33.70617,0.0,53.384827,996.71674,8.655192,17.555305
2021-06-10 18:30:00+00:00,38.401997,27.552,33.043667,0.0,55.34109,996.65015,10.229692,16.263872
2021-06-11 18:30:00+00:00,37.802,29.452,32.999912,0.0,55.29985,997.72076,12.380801,18.391737
2021-06-12 18:30:00+00:00,36.452,25.752,31.13117,1.4,65.182915,998.79596,8.042102,15.941944
2021-06-13 18:30:00+00:00,36.901997,26.752,31.624916,0.0,61.115402,996.94995,6.2609005,10.805998
2021-06-14 18:30:00+00:00,36.002,25.952,30.220749,2.5,66.87209,994.44995,7.659188,21.924562
2021-06-15 18:30:00+00:00,34.851997,25.702,29.945747,2.6999998,68.3559,996.67096,8.025134,16.1198
2021-06-16 18:30:00+00:00,35.101997,26.552,30.622833,0.0,64.26432,998.75006,7.8131385,14.241629
2021-06-17 18:30:00+00:00,34.752,26.252,30.11242,0.1,66.231834,999.4499,10.706571,16.45007
2021-06-18 18:30:00+00:00,33.851997,25.752,29.299917,0.70000005,67.56597,999.5249,10.436921,17.84816
2021-06-19 18:30:00+00:00,34.702,24.952,29.654083,0.70000005,69.10441,1000.11664,8.213242,10.829959
2021-06-20 18:30:00+00:00,36.651997,25.852,31.227,0.0,61.32607,1000.99585,8.021265,13.797913
2021-06-21 18:30:00+00:00,39.252,28.152,33.39992,0.0,48.58804,1000.3042,7.593466,17.429354
2021-06-22 18:30:00+00:00,39.901997,28.702,34.33533,0.0,42.0873,1000.3042,7.0249867,14.33234
2021-06-23 18:30:00+00:00,39.502,28.502,33.1645,0.0,54.191174,1000.4624,10.39381,18.089775
2021-06-24 18:30:00+00:00,39.302,28.102,32.34158,0.90000004,57.32958,999.81665,8.397159,24.119999
2021-06-25 18:30:00+00:00,37.601997,26.252,31.777002,0.0,56.40231,1001.32495,4.0308137,7.7043357
2021-06-26 18:30:00+00:00,38.651997,28.852,33.491585,0.5,52.117847,1003.73334,8.017782,13.5515
2021-06-27 18:30:00+00:00,39.802,28.952,34.3895,0.0,47.259953,1002.3748,6.2681756,12.879752
2021-06-28 18:30:00+00:00,42.252,28.902,35.491585,0.0,40.68537,999.10004,9.612091,17.713316
2021-06-29 18:30:00+00:00,42.401997,31.402,36.974915,0.0,31.072264,996.37085,18.946169,32.409996
2021-06-30 18:30:00+00:00,40.802,32.702,36.59575,0.1,36.20705,994.9917,15.221522,24.442911
2021-07-01 18:30:00+00:00,40.502,30.052,34.66033,0.90000004,47.195217,996.56665,14.154518,22.007162
2021-07-02 18:30:00+00:00,38.101997,29.502,33.13533,0.0,50.84139,999.71246,9.90404,20.140705
2021-07-03 18:30:00+00:00,39.802,27.752,33.756165,0.1,49.478043,1000.88745,8.453954,20.188908
2021-07-04 18:30:00+00:00,39.101997,30.902,34.668667,0.0,44.901093,1001.23334,11.509709,18.25026
2021-07-05 18:30:00+00:00,39.351997,29.452,34.889503,0.0,46.363598,999.83765,11.608785,18.888851
2021-07-06 18:30:00+00:00,41.052,31.302,36.272835,0.0,38.61928,998.40405,13.0175705,19.008547
2021-07-07 18:30:00+00:00,40.002,32.601997,35.987415,0.0,38.556446,998.39996,12.578513,20.907913
2021-07-08 18:30:00+00:00,38.151997,29.302,33.681168,0.0,55.594955,999.57495,10.183404,17.786331
2021-07-09 18:30:00+00:00,37.202,29.002,33.38117,3.1000001,58.20252,999.4876,9.415273,14.404499
2021-07-10 18:30:00+00:00,35.502,29.152,32.356167,1.4000001,63.107586,1000.8665,15.596986,21.194187
2021-07-11 18:30:00+00:00,34.252,27.752,30.420748,5.0999994,70.64947,1002.875,16.551317,21.2522
2021-07-12 18:30:00+00:00,33.702,27.152,30.024916,5.5000005,77.142166,1002.25006,10.789655,13.37825
2021-07-13 18:30:00+00:00,34.901997,28.552,30.26867,4.9999995,76.11755,1001.60004,10.31292,16.73516
2021-07-14 18:30:00+00:00,36.002,27.952,31.576998,0.5,70.520195,1001.92084,11.08249,15.978484
2021-07-15 18:30:00+00:00,35.351997,28.002,31.910334,2.7999995,69.45307,1003.4666,10.206679,13.276144
2021-07-16 18:30:00+00:00,38.151997,28.552,33.204082,0.5,64.4717,1001.0833,6.6528664,10.1376915
2021-07-17 18:30:00+00:00,34.851997,27.202,30.570753,8.7,76.46771,998.45013,10.278472,17.992796
2021-07-18 18:30:00+00:00,27.302,26.002,26.606169,81.30001,95.3064,997.9668,6.4620547,12.10157
2021-07-19 18:30:00+00:00,31.502,25.952,28.262419,10.400001,86.44434,997.8416,5.922795,10.308831
2021-07-20 18:30:00+00:00,33.002,25.852,29.120749,2.6999996,82.88714,996.83765,5.975059,11.480557
2021-07-21 18:30:00+00:00,32.351997,25.652,28.47075,5.0999994,85.051384,995.6707,6.5335355,10.805998
2021-07-22 18:30:00+00:00,32.052,25.902,28.941584,6.9,84.27796,997.0042,7.594579,13.276144
2021-07-23 18:30:00+00:00,33.952,26.702,30.243668,0.4,81.870575,998.08344,5.3175216,9.673221
2021-07-24 18:30:00+00:00,34.601997,27.302,30.989502,0.0,77.16899,997.6416,7.4840217,10.685391
2021-07-25 18:30:00+00:00,31.302,27.802,29.376999,1.5000001,81.80562,996.73334,6.659828,9.504273
2021-07-26 18:30:00+00:00,29.402,26.352,27.814499,42.099995,90.96397,995.175,7.792433,13.324863
2021-07-27 18:30:00+00:00,30.002,25.902,27.45617,31.999998,89.15606,996.4666,7.7225914,13.397612
2021-07-28 18:30:00+00:00,30.052,25.702,27.627005,9.700003,85.92895,997.175,6.6883945,10.948973
2021-07-29 18:30:00+00:00,30.652,25.502,27.204086,3.6000001,90.00656,998.0249,5.346512,11.631956
2021-07-30 18:30:00+00:00,31.502,25.352,28.158255,6.2999988,87.05603,998.2834,8.431746,15.328561
2021-07-31 18:30:00+00:00,32.351997,26.202,29.072836,6.399999,83.42943,997.4873,5.537516,9.422101
2021-08-01 18:30:00+00:00,29.902,24.702,27.25409,45.3,89.95165,998.5542,7.8525004,14.007655
2021-08-02 18:30:00+00:00,31.352,25.702,28.324915,11.200001,84.75643,999.14594,11.718487,16.904673
2021-08-03 18:30:00+00:00,31.702,26.202,28.466585,0.70000005,79.2221,999.8333,11.40833,19.06301
2021-08-04 18:30:00+00:00,32.802,25.752,29.052,0.0,79.49182,999.82916,5.456349,7.42159
2021-08-05 18:30:00+00:00,32.802,26.252,29.626999,9.099999,81.32177,999.6917,3.19913,6.6087217
2021-08-06 18:30:00+00:00,32.351997,27.252,28.945747,2.5,85.501595,1001.2957,3.921193,10.805999
2021-08-07 18:30:00+00:00,32.601997,26.352,28.389503,6.5,88.13395,1002.92084,3.7887747,7.342588
2021-08-08 18:30:00+00:00,31.452,26.202,28.470749,1.0,88.13889,1003.1209,4.800093,7.5942082
2021-08-09 18:30:00+00:00,35.252,26.552,30.114502,0.4,73.74732,1001.3708,10.286369,20.140705
2021-08-10 18:30:00+00:00,34.802,27.902,30.491585,0.0,64.15782,1001.6501,14.529827,21.077686
2021-08-11 18:30:00+00:00,34.552,27.002,30.260332,0.0,64.73437,1002.8416,11.593656,18.806337
2021-08-12 18:30:00+00:00,35.151997,26.702,30.627,0.0,64.19623,1001.10834,11.0261,16.327497
2021-08-13 18:30:00+00:00,34.802,27.852,30.729082,0.0,62.86218,999.04584,13.972237,21.129885
2021-08-14 18:30:00+00:00,34.901997,27.152,30.554087,0.0,62.213383,1000.50006,9.630809,15.815435
2021-08-15 18:30:00+00:00,35.651997,27.102,30.776999,0.0,63.46748,1003.40015,7.94063,11.177405
2021-08-16 18:30:00+00:00,36.052,25.902,30.879084,0.0,66.23997,1003.07074,8.117419,12.245293
2021-08-17 18:30:00+00:00,35.702,26.802,31.127,0.0,67.55492,1001.20416,5.82696,9.422101
2021-08-18 18:30:00+00:00,34.651997,27.902,31.212423,0.2,70.47017,1000.3916,6.0966105,11.609651
2021-08-19 18:30:00+00:00,29.852,26.252,27.885332,5.6,86.867485,1003.0168,9.739654,13.891522
2021-08-20 18:30:00+00:00,29.052,24.852,26.637415,20.7,90.79645,1004.72076,9.818891,14.044615
2021-08-21 18:30:00+00:00,31.302,24.902,27.599916,12.000001,88.26227,1004.57916,9.084134,14.336861
2021-08-22 18:30:00+00:00,30.952,25.652,28.285334,3.7999995,87.82342,1002.47925,4.533601,9.227524
2021-08-23 18:30:00+00:00,32.351997,26.252,29.28533,2.1000001,85.18815,1001.10016,4.8757033,8.12197
2021-08-24 18:30:00+00:00,34.851997,28.202,30.702003,0.0,64.879196,998.9709,14.879974,27.181787
2021-08-25 18:30:00+00:00,34.252,27.652,30.218666,0.0,63.292755,998.2415,14.334358,23.42491
2021-08-26 18:30:00+00:00,34.101997,26.002,29.741583,0.0,64.87252,1000.3918,8.793471,15.815435
2021-08-27 18:30:00+00:00,33.802,26.402,29.429083,0.3,72.1737,1001.20825,4.8182435,7.968939
2021-08-28 18:30:00+00:00,31.252,25.952,28.526995,0.6,84.779686,1002.0833,6.779691,11.440979
2021-08-29 18:30:00+00:00,30.502,25.152,27.608252,1.6,85.69898,1005.2,9.110503,12.758432
2021-08-30 18:30:00+00:00,30.352,24.902,26.995752,2.6000001,87.04653,1006.946,10.684489,14.707222
2021-08-31 18:30:00+00:00,30.552,24.202,26.616585,5.2999997,89.3108,1006.59174,9.291915,13.849476
2021-09-01 18:30:00+00:00,32.052,24.502,27.552004,3.2999997,87.5254,1004.45,6.112726,8.714677
2021-09-02 18:30:00+00:00,30.002,24.402,27.08117,11.400002,88.53951,1003.01245,5.3237414,15.815435
2021-09-03 18:30:00+00:00,31.252,25.102,27.599916,6.5,89.03011,1002.75,4.307194,9.726664
2021-09-04 18:30:00+00:00,32.252,25.402,28.399918,3.3000002,86.1622,1002.7624,2.9549363,4.73506
2021-09-05 18:30:00+00:00,33.351997,26.202,29.074915,1.7,84.98602,1004.05,4.708543,11.885453
2021-09-06 18:30:00+00:00,30.152,26.552,28.289503,5.3,87.17451,1005.4583,9.825988,17.026896
2021-09-07 18:30:00+00:00,30.802,26.302,28.204086,2.6,80.121826,1004.19165,15.650485,22.530937
2021-09-08 18:30:00+00:00,30.802,24.802,27.639498,8.7,85.35424,1003.35406,10.174488,17.373497
2021-09-09 18:30:00+00:00,30.102,24.652,26.616583,19.999998,89.49865,1003.3167,11.971082,16.595179
2021-09-10 18:30:00+00:00,29.052,24.152,25.9645,29.599998,91.24372,1003.1916,15.74115,21.53089
2021-09-11 18:30:00+00:00,30.052,24.352,26.599916,11.000002,90.13974,1001.52094,7.9421253,12.661564
2021-09-12 18:30:00+00:00,32.151997,25.552,27.614504,18.1,88.272736,1001.64166,5.8816705,8.0899935
2021-09-13 18:30:00+00:00,32.002,25.852,28.58742,2.4999998,81.16452,1003.6125,10.663365,17.873556
2021-09-14 18:30:00+00:00,32.452,25.452,28.591583,0.1,74.56869,1004.76666,11.338574,18.03237
2021-09-15 18:30:00+00:00,32.752,25.902,28.147835,2.6,72.44595,1002.97925,14.089825,20.774214
2021-09-16 18:30:00+00:00,29.202,24.402,26.379084,9.500001,78.31695,1002.44165,14.422474,28.33957
2021-09-17 18:30:00+00:00,31.002,24.402,27.181166,0.7,83.57013,1004.7043,11.443093,17.31746
2021-09-18 18:30:00+00:00,31.402,25.102,27.822832,1.1,82.33567,1006.47095,9.4037695,14.372974
2021-09-19 18:30:00+00:00,31.952,24.852,28.147837,0.8000001,81.75155,1005.5583,7.454743,14.081477
2021-09-20 18:30:00+00:00,31.802,25.602,27.874922,1.8,84.177605,1004.65424,7.460872,14.264361
2021-09-21 18:30:00+00:00,30.102,24.452,26.429083,11.499999,89.81064,1004.57495,9.727468,14.003028
2021-09-22 18:30:00+00:00,29.752,24.402,26.793669,7.7,87.36859,1006.0208,8.498826,14.529915
2021-09-23 18:30:00+00:00,30.402,24.652,26.885338,3.7,85.554726,1006.91656,8.813861,16.09969
2021-09-24 18:30:00+00:00,30.752,24.702,27.022833,3.5,86.41382,1005.7334,6.4738736,8.707237
2021-09-25 18:30:00+00:00,30.202,24.452,26.924917,2.0,84.43604,1005.45416,8.906509,14.587776
2021-09-26 18:30:00+00:00,31.752,24.352,27.935335,0.2,81.65897,1005.8166,5.7419453,9.021574
2021-09-27 18:30:00+00:00,32.052,25.452,28.093668,4.6,82.233215,1006.45416,9.980458,18.455048
2021-09-28 18:30:00+00:00,31.502,25.202,28.199915,0.6,80.27411,1007.5791,11.105583,15.379206
2021-09-29 18:30:00+00:00,31.652,25.102,28.216585,0.3,82.423584,1008.9668,6.1135335,9.028754
2021-09-30 18:30:00+00:00,32.552,25.602,28.751997,0.3,79.759895,1008.5583,3.4563837,5.8603754
2021-10-01 18:30:00+00:00,33.401997,25.752,29.260336,0.0,74.0458,1007.13324,7.585161,10.315115
2021-10-02 18:30:00+00:00,34.151997,26.252,29.606169,0.0,70.95893,1005.3335,9.292261,14.658676
2021-10-03 18:30:00+00:00,33.252,25.852,29.520754,0.0,65.34407,1005.0916,5.01343,11.367109
2021-10-04 18:30:00+00:00,32.752,25.002,28.5895,0.2,74.08724,1007.63763,3.8723154,6.12
2021-10-05 18:30:00+00:00,32.601997,25.502,28.489502,0.4,75.36505,1007.9251,4.711926,9.504273
2021-10-06 18:30:00+00:00,33.202,23.752,27.670752,0.0,68.76506,1006.6167,7.249663,10.703569
2021-10-07 18:30:00+00:00,33.952,22.552,27.749916,0.0,66.89181,1005.4749,6.584808,11.720751
2021-10-08 18:30:00+00:00,34.952,22.702,28.177004,0.0,61.154926,1005.72906,7.2149677,11.988594
2021-10-09 18:30:00+00:00,35.552,23.002,28.599915,0.0,57.45755,1006.06256,6.2562885,9.885262
2021-10-10 18:30:00+00:00,35.002,22.302,27.885336,0.0,57.68637,1005.76245,6.687713,9.6932955
2021-10-11 18:30:00+00:00,34.702,22.102,27.543665,0.0,55.630962,1006.10834,6.913587,9.565437
2021-10-12 18:30:00+00:00,33.601997,22.352,27.079084,0.0,48.990906,1007.0168,12.091268,18.668005
2021-10-13 18:30:00+00:00,32.452,20.552,25.685333,0.0,49.996784,1007.0083,11.115401,16.704155
2021-10-14 18:30:00+00:00,33.351997,20.652,26.270746,0.0,49.56401,1004.84595,9.666021,14.57889
2021-10-15 18:30:00+00:00,33.502,21.152,27.049917,0.0,59.67462,1004.93335,6.0775914,8.557102
2021-10-16 18:30:00+00:00,31.602,24.052,26.835335,2.5,75.03972,1006.21246,10.014389,18.504139
2021-10-17 18:30:00+00:00,25.002,20.952,23.074919,17.000002,91.161804,1005.24176,9.775588,13.797913
2021-10-18 18:30:00+00:00,29.502,19.952,24.335333,0.0,77.78638,1007.30414,13.459914,17.673029
2021-10-19 18:30:00+00:00,31.602,20.652,25.027,0.0,63.822903,1010.38324,10.545984,13.089354
2021-10-20 18:30:00+00:00,30.402,19.302,24.05825,0.0,53.73273,1010.1458,13.912407,23.210928
2021-10-21 18:30:00+00:00,31.152,20.952,25.187418,0.0,53.102276,1010.3499,12.3974695,19.13426
2021-10-22 18:30:00+00:00,29.802,18.602,23.891584,0.0,62.160023,1011.9666,7.992805,13.450708
2021-10-23 18:30:00+00:00,27.852,18.252,22.666582,1.1,69.92263,1013.62067,7.9103603,19.483284
2021-10-24 18:30:00+00:00,27.852,17.952,22.470749,0.0,74.40174,1014.2708,5.507976,8.311245
2021-10-25 18:30:00+00:00,27.502,17.502,21.535332,0.0,67.46264,1013.54156,9.020375,11.988594
2021-10-26 18:30:00+00:00,28.052,16.502,21.479086,0.0,61.205334,1015.2251,9.16555,12.979984
2021-10-27 18:30:00+00:00,28.102,16.502,21.277,0.0,58.204254,1015.3457,10.016549,12.768586
2021-10-28 18:30:00+00:00,28.502,16.352,21.681168,0.0,55.742535,1016.7375,7.6067233,11.384198
2021-10-29 18:30:00+00:00,29.152,16.602,21.802002,0.0,51.842026,1016.2876,11.116459,15.617529
2021-10-30 18:30:00+00:00,29.402,17.402,22.602003,0.0,47.354115,1013.92896,10.333928,13.049689
2021-10-31 18:30:00+00:00,29.402,15.302,21.4645,0.0,55.791412,1013.2375,8.000409,11.090103
2021-11-01 18:30:00+00:00,28.002,14.652,20.69575,0.0,64.67248,1014.90424,9.066335,14.689589
2021-11-02 18:30:00+00:00,28.502,14.802,21.285334,0.0,60.85638,1014.64594,7.85996,12.387348
2021-11-03 18:30:00+00:00,27.702,16.102,21.27075,0.0,62.15625,1013.8,6.7156396,10.514218
2021-11-04 18:30:00+00:00,27.252,15.702,20.845753,0.0,61.78581,1013.80414,6.193749,10.739832
2021-11-05 18:30:00+00:00,28.702,15.202,21.416582,0.0,52.84891,1012.1458,12.046697,17.566378
2021-11-06 18:30:00+00:00,28.852,16.001999,21.76658,0.0,54.844753,1011.9041,10.185062,12.849528
2021-11-07 18:30:00+00:00,28.802,15.352,21.606169,0.0,58.03528,1013.69586,9.492995,11.770403
2021-11-08 18:30:00+00:00,28.402,16.402,21.501999,0.0,58.92334,1014.43744,9.129378,12.768586
2021-11-09 18:30:00+00:00,29.002,14.652,21.15825,0.0,57.42899,1013.7834,7.813549,10.97262
2021-11-10 18:30:00+00:00,28.702,14.402,20.941586,0.0,55.89917,1013.2876,6.5132294,10.495713
2021-11-11 18:30:00+00:00,28.402,14.102,20.431168,0.0,59.721893,1013.66254,7.3377557,10.495713
2021-11-12 18:30:00+00:00,27.252,14.302,19.962416,0.0,57.63185,1013.7292,8.614284,11.792404
2021-11-13 18:30:00+00:00,26.402,13.302,19.187416,0.0,51.0058,1012.8584,7.0315914,11.298495
2021-11-14 18:30:00+00:00,26.002,13.152,18.710335,0.0,51.335567,1012.1667,7.659483,10.296251
2021-11-15 18:30:00+00:00,25.452,12.952,18.402,0.0,51.658325,1013.1877,8.635063,10.97262
2021-11-16 18:30:00+00:00,24.852,11.902,18.183249,0.0,60.147366,1015.18744,7.3109455,10.805998
2021-11-17 18:30:00+00:00,24.252,11.902,18.708252,0.0,67.56962,1014.04175,4.2384076,6.8777895
2021-11-18 18:30:00+00:00,24.952,13.852,19.631165,0.8,63.641724,1011.5125,6.378041,10.883676
2021-11-19 18:30:00+00:00,24.652,16.452,19.452,1.8,65.78072,1011.8916,5.4611225,9.178235
2021-11-20 18:30:00+00:00,26.152,14.702,19.69992,0.0,57.64912,1013.4668,10.302367,13.979872
2021-11-21 18:30:00+00:00,26.302,14.052,19.356169,0.0,48.410038,1013.27924,16.38835,20.87379
2021-11-22 18:30:00+00:00,26.202,13.002,18.664501,0.0,50.550518,1012.12494,11.363139,14.654254
2021-11-23 18:30:00+00:00,26.152,13.752,19.266582,0.0,55.02682,1013.375,6.554392,10.086427
2021-11-24 18:30:00+00:00,24.852,11.802,17.760336,0.0,69.324196,1014.7666,6.6469593,8.905908
2021-11-25 18:30:00+00:00,25.552,12.002,18.406164,0.0,72.31007,1014.51245,6.3775,9.686609
2021-11-26 18:30:00+00:00,25.352,12.802,18.997835,0.0,74.37583,1015.5125,7.1382117,11.298495
2021-11-27 18:30:00+00:00,25.102,12.602,18.597834,0.0,76.8673,1017.24164,6.7928233,9.339208
2021-11-28 18:30:00+00:00,25.252,13.252,18.641584,0.0,65.28121,1017.69183,8.328772,12.538134
2021-11-29 18:30:00+00:00,24.752,12.852,18.2395,0.0,64.06032,1016.96246,11.025115,14.81259
2021-11-30 18:30:00+00:00,22.402,14.052,17.766584,0.0,68.48346,1017.20013,6.4504566,9.107359
2021-12-01 18:30:00+00:00,19.552,14.852,16.831167,2.1,79.79816,1017.35425,8.955094,15.281989
2021-12-02 18:30:00+00:00,23.052,12.452,17.027002,0.0,75.81025,1017.4375,6.8703322,10.587918
2021-12-03 18:30:00+00:00,24.102,12.602,17.58117,0.0,73.507416,1016.17487,6.757759,9.504272
2021-12-04 18:30:00+00:00,23.552,12.852,18.706171,0.6,72.57203,1016.24994,4.9513993,14.021525
2021-12-05 18:30:00+00:00,23.352,15.052,18.404083,0.70000005,77.67335,1016.59985,8.167261,10.587917
2021-12-06 18:30:00+00:00,23.202,13.152,17.118668,0.0,70.01638,1017.77924,11.867156,14.84318
2021-12-07 18:30:00+00:00,22.402,11.952,16.062416,0.0,65.70617,1017.7375,10.328525,13.202726
2021-12-08 18:30:00+00:00,22.102,10.202,15.577003,0.0,66.55575,1019.94995,7.218181,9.19939
2021-12-09 18:30:00+00:00,22.002,10.802,15.689502,0.0,65.01074,1020.1458,10.260028,11.726277
2021-12-10 18:30:00+00:00,22.052,10.052,15.122833,0.0,61.58267,1019.0959,9.18008,13.138765
2021-12-11 18:30:00+00:00,20.852,9.252,14.445751,0.0,64.23349,1019.5166,6.080839,9.178235
2021-12-12 18:30:00+00:00,19.452,9.552,14.712417,0.0,67.07841,1018.28754,4.673367,8.39657
2021-12-13 18:30:00+00:00,20.852,9.202,14.683251,0.0,71.24715,1017.42505,7.046699,9.0
2021-12-14 18:30:00+00:00,20.902,10.002,14.649918,0.0,67.38446,1017.90405,7.4018035,10.587917
2021-12-15 18:30:00+00:00,19.152,9.502,13.960334,0.70000005,68.82957,1018.63727,8.421294,14.458382
2021-12-16 18:30:00+00:00,18.102,8.402,12.585335,0.0,56.822662,1020.84595,14.86377,19.64228
2021-12-17 18:30:00+00:00,17.902,6.602,11.385334,0.0,63.347637,1020.9043,15.298939,20.12461
2021-12-18 18:30:00+00:00,17.702,6.252,11.25825,0.0,59.236496,1020.43335,13.215569,15.94601
2021-12-19 18:30:00+00:00,18.802,5.902,11.770752,0.0,64.49886,1019.2,8.397277,12.758432
2021-12-20 18:30:00+00:00,20.302,6.652,12.689503,0.0,66.31265,1017.55,5.205035,8.766573
2021-12-21 18:30:00+00:00,21.402,7.052,14.156166,0.0,64.35305,1015.18335,4.761725,7.8954163
2021-12-22 18:30:00+00:00,20.802,8.102,14.318668,0.0,73.091835,1014.42487,6.141173,9.36
2021-12-23 18:30:00+00:00,21.202,9.252,14.743669,0.0,76.01065,1014.25006,6.7586613,8.557102
2021-12-24 18:30:00+00:00,21.052,9.952,15.489499,0.0,72.833786,1016.17914,4.3542438,10.24578
2021-12-25 18:30:00+00:00,19.402,11.202,15.2145,6.3,79.85724,1017.91254,7.3301454,15.137133
2021-12-26 18:30:00+00:00,19.802,11.402,14.795751,1.1,77.72828,1019.29596,6.0231605,11.988594
2021-12-27 18:30:00+00:00,19.302,10.902,14.447833,0.0,75.1789,1018.4666,5.6427865,7.653705
2021-12-28 18:30:00+00:00,19.302,8.852,12.841584,0.0,74.375015,1019.3708,8.095612,14.021525
2021-12-29 18:30:00+00:00,18.402,6.852,11.612418,0.0,61.498646,1023.5208,6.925055,8.707237
2021-12-30 18:30:00+00:00,17.452,5.902,10.877,0.0,66.70931,1023.50006,8.424525,11.4862
2021-12-31 18:30:00+00:00,18.052,6.402,11.560333,0.0,71.166466,1022.1333,7.0857525,10.365251
2022-01-01 18:30:00+00:00,18.902,7.652,12.391585,0.0,75.28628,1020.6999,7.439182,10.464797
2022-01-02 18:30:00+00:00,20.302,8.402,13.112416,0.0,73.86552,1018.77075,8.062413,12.387348
2022-01-03 18:30:00+00:00,21.952,8.802,14.856166,0.0,69.512695,1017.80005,5.5287933,9.19939
2022-01-04 18:30:00+00:00,15.202,12.002,13.724918,10.000001,85.98193,1016.6875,9.176394,16.704155
2022-01-05 18:30:00+00:00,17.952,11.052,14.031167,0.1,87.15006,1016.64575,8.850013,14.20062
2022-01-06 18:30:00+00:00,20.102,13.252,15.777003,1.6000001,86.99145,1015.99585,12.518191,17.193533
2022-01-07 18:30:00+00:00,17.802,14.102,15.429081,39.100006,92.02402,1015.4041,13.211465,18.59845
2022-01-08 18:30:00+00:00,16.702,10.252,14.016585,1.4000001,89.26855,1015.3291,11.419621,15.408671
2022-01-09 18:30:00+00:00,16.902,7.852,11.531166,0.0,79.89409,1018.10004,9.478412,11.792404
2022-01-10 18:30:00+00:00,17.402,7.852,11.695751,0.0,77.78436,1018.1624,10.33094,13.324863
2022-01-11 18:30:00+00:00,17.302,6.802,11.199916,0.0,78.74361,1017.62915,7.6303673,11.726277
2022-01-12 18:30:00+00:00,17.252,6.902,12.314499,0.0,73.76563,1017.8625,3.653124,6.638072
2022-01-13 18:30:00+00:00,17.002,6.302,11.383248,0.0,76.884026,1018.45844,5.1784406,9.47012
2022-01-14 18:30:00+00:00,16.352,6.202,10.074918,0.0,84.90035,1020.19165,6.7459235,9.585739
2022-01-15 18:30:00+00:00,16.252,6.002,9.679082,0.0,87.520935,1020.9834,6.420004,9.19939
2022-01-16 18:30:00+00:00,14.352,5.852,9.906166,0.0,86.17468,1021.65845,3.5489824,6.489992
2022-01-17 18:30:00+00:00,16.552,5.852,9.904084,0.0,86.08758,1019.4917,7.664526,10.464797
2022-01-18 18:30:00+00:00,18.202,7.202,11.685334,0.1,87.617836,1016.23334,5.074498,8.854829
2022-01-19 18:30:00+00:00,17.652,8.902,12.702,0.0,86.5581,1012.09576,5.533037,7.928178
2022-01-20 18:30:00+00:00,17.702,7.452,11.829085,0.0,87.06482,1012.03326,6.457005,10.315115
2022-01-21 18:30:00+00:00,16.001999,11.602,13.216584,29.800003,90.235725,1007.44574,14.0594015,23.893261
2022-01-22 18:30:00+00:00,16.752,9.202,12.795753,3.3,83.76825,1010.0125,6.530048,9.779817
2022-01-23 18:30:00+00:00,16.452,7.402,11.166584,0.8,82.09569,1014.09174,8.668435,13.004922
2022-01-24 18:30:00+00:00,16.352,6.752,10.604083,0.0,81.684044,1015.175,8.968354,14.113652
2022-01-25 18:30:00+00:00,16.602,6.752,10.949918,0.0,79.903404,1016.1958,11.129243,17.84816
2022-01-26 18:30:00+00:00,17.752,7.602,11.699917,0.0,73.3147,1017.4041,12.67151,19.406637
2022-01-27 18:30:00+00:00,18.052,6.852,11.666585,0.0,69.11846,1017.3333,12.651772,18.359999
2022-01-28 18:30:00+00:00,20.052,7.652,12.918666,0.0,68.161644,1017.02094,9.090675,10.799999
2022-01-29 18:30:00+00:00,20.402,9.152,13.941585,0.0,68.40329,1012.6916,14.446213,20.608229
2022-01-30 18:30:00+00:00,20.952,7.652,13.822834,0.0,77.65773,1011.80414,5.607439,8.905908
2022-01-31 18:30:00+00:00,22.002,9.402,14.712417,0.0,82.09774,1011.3709,7.731747,12.768586
2022-02-01 18:30:00+00:00,21.002,9.202,14.520752,0.0,75.06997,1011.20416,9.3581915,14.689589
2022-02-02 18:30:00+00:00,17.302,10.852,13.18325,5.2,84.0041,1007.2082,15.94337,24.149532
2022-02-03 18:30:00+00:00,17.202,8.752,11.949917,0.0,81.952126,1010.14575,13.685906,18.64369
2022-02-04 18:30:00+00:00,17.552,6.952,11.052001,0.0,83.96186,1014.19586,6.3761773,9.0645685
2022-02-05 18:30:00+00:00,20.202,6.552,12.8395,0.0,79.98477,1016.15845,7.372111,11.525623
2022-02-06 18:30:00+00:00,22.452,8.102,15.15825,0.0,78.26443,1015.0957,7.4076037,10.1376915
2022-02-07 18:30:00+00:00,22.702,10.702,16.235334,0.0,82.42367,1013.26245,4.781823,9.0
2022-02-08 18:30:00+00:00,18.852,10.202,14.831168,2.6999998,82.53136,1015.05005,8.868685,15.580141
2022-02-09 18:30:00+00:00,20.452,8.202,14.143668,0.0,71.77863,1017.81665,9.757262,17.84816
2022-02-10 18:30:00+00:00,20.502,10.152,14.3145,0.0,62.974613,1016.59155,13.984603,20.68356
2022-02-11 18:30:00+00:00,21.702,9.902,14.772834,0.0,64.80918,1015.00415,11.815933,16.375053
2022-02-12 18:30:00+00:00,22.852,8.752,15.662417,0.0,65.80761,1013.54584,5.619213,10.086427
2022-02-13 18:30:00+00:00,23.702,10.902,16.318668,0.0,66.5116,1013.52075,5.6614017,9.746631
2022-02-14 18:30:00+00:00,23.152,10.152,16.474918,0.0,64.30336,1013.4709,6.476498,10.823973
2022-02-15 18:30:00+00:00,24.252,10.852,16.766584,0.0,66.03184,1011.38745,7.4139323,12.096214
2022-02-16 18:30:00+00:00,24.952,10.452,17.08325,0.0,63.572895,1011.0417,6.517635,10.685391
2022-02-17 18:30:00+00:00,25.852,10.702,17.452002,0.0,58.157032,1012.30414,6.6243,11.525623
2022-02-18 18:30:00+00:00,24.602,11.852,17.33117,0.0,57.633972,1013.75,11.210441,15.876775
2022-02-19 18:30:00+00:00,24.402,12.602,17.34575,0.0,57.026245,1008.84595,13.931111,22.66857
2022-02-20 18:30:00+00:00,25.252,11.702,17.574917,0.0,52.00435,1008.32086,9.523453,12.6462
2022-02-21 18:30:00+00:00,25.302,11.002,17.999918,0.0,60.458942,1010.0542,15.488263,25.1614
2022-02-22 18:30:00+00:00,23.702,14.052,18.237417,0.0,68.61579,1013.84576,9.521166,14.8257065
2022-02-23 18:30:00+00:00,25.752,13.002,18.633253,0.0,69.68888,1015.58765,6.3556767,14.021525
2022-02-24 18:30:00+00:00,25.002,12.702,18.297834,0.1,69.9575,1016.0876,7.767153,15.986593
2022-02-25 18:30:00+00:00,24.252,14.402,18.110334,0.1,69.19788,1016.4958,15.832713,24.144167
2022-02-26 18:30:00+00:00,23.602,12.652,17.324919,0.0,63.834854,1018.17084,10.193643,12.55879
2022-02-27 18:30:00+00:00,23.202,11.252,16.497831,0.0,61.6124,1016.8584,11.606491,14.291592
2022-02-28 18:30:00+00:00,24.802,10.852,17.560333,0.0,61.858067,1016.81683,8.238895,10.233123
2022-03-01 18:30:00+00:00,25.752,12.352,18.639502,0.0,62.909657,1016.46246,5.994018,10.144082
2022-03-02 18:30:00+00:00,26.652,13.352,18.691584,5.2,66.05018,1015.19586,7.9726872,20.268991
2022-03-03 18:30:00+00:00,25.002,13.752,18.964502,0.0,70.30538,1016.26245,14.838898,17.81909
2022-03-04 18:30:00+00:00,25.602,13.402,18.97075,0.0,65.06531,1014.7332,13.735443,17.654688
2022-03-05 18:30:00+00:00,26.252,14.152,19.812418,0.0,64.51109,1013.43335,6.9091697,10.514218
2022-03-06 18:30:00+00:00,27.552,14.652,20.633253,0.0,60.567474,1014.6875,6.5684533,11.457958
2022-03-07 18:30:00+00:00,29.402,14.902,21.499918,0.0,57.313614,1013.89996,8.237765,11.792404
2022-03-08 18:30:00+00:00,29.952,16.152,22.343668,0.0,50.953907,1012.82495,10.0529375,13.246826
2022-03-09 18:30:00+00:00,29.252,16.752,22.333252,0.0,51.040356,1012.92487,12.226304,17.49615
2022-03-10 18:30:00+00:00,29.102,15.402,22.04783,0.0,55.98398,1012.9792,12.273594,18.075441
2022-03-11 18:30:00+00:00,29.902,15.652,22.256166,0.0,51.114136,1011.5959,10.593287,14.05845
2022-03-12 18:30:00+00:00,32.252,16.802,23.83117,0.0,56.162655,1010.9417,9.849556,15.7908325
2022-03-13 18:30:00+00:00,32.401997,17.202,24.339502,0.0,63.651337,1010.45844,6.615997,10.636766
2022-03-14 18:30:00+00:00,33.901997,18.802,26.051996,0.0,61.88992,1007.75006,8.39103,14.003028
2022-03-15 18:30:00+00:00,35.401997,20.452,27.499914,0.0,54.20488,1005.52924,15.194261,22.565422
2022-03-16 18:30:00+00:00,33.952,21.602,27.012415,0.0,59.916687,1006.17084,9.325157,12.7279215
2022-03-17 18:30:00+00:00,33.952,20.402,26.874916,0.0,67.65682,1007.25,8.046458,11.753876
2022-03-18 18:30:00+00:00,35.651997,21.102,27.910337,0.0,55.823658,1005.25415,7.305118,11.631956
2022-03-19 18:30:00+00:00,36.601997,20.252,27.616585,0.0,47.54479,1003.6624,8.042365,20.188908
2022-03-20 18:30:00+00:00,35.552,20.952,27.520746,0.0,41.657925,1006.1291,11.5712,15.0038395
2022-03-21 18:30:00+00:00,35.202,21.302,27.729086,0.0,41.539536,1007.1873,14.714145,22.039528
2022-03-22 18:30:00+00:00,35.202,19.452,27.34575,0.0,39.697983,1006.7791,8.821187,11.27553
2022-03-23 18:30:00+00:00,35.752,22.252,28.281166,0.0,30.527983,1004.87494,13.267203,21.194187
2022-03-24 18:30:00+00:00,34.601997,20.902,27.374916,0.0,30.458605,1006.68756,13.101815,18.075441
2022-03-25 18:30:00+00:00,35.052,20.202,27.501999,0.0,27.061516,1008.6084,15.765099,26.42753
2022-03-26 18:30:00+00:00,37.202,21.652,28.235336,0.0,28.113182,1008.1291,12.724706,18.723461
2022-03-27 18:30:00+00:00,38.101997,19.702,28.241585,0.0,26.140366,1007.0916,8.156636,15.696165
2022-03-28 18:30:00+00:00,39.052,22.252,29.864496,0.0,23.563787,1004.99585,10.024376,15.30741
2022-03-29 18:30:00+00:00,38.552,20.302,29.343666,0.0,26.352287,1005.15826,8.108325,12.904882
2022-03-30 18:30:00+00:00,39.202,19.802,29.44367,0.0,33.099247,1005.7,7.5956616,13.202726
2022-03-31 18:30:00+00:00,36.351997,22.202,29.052,0.0,25.29651,1006.66656,13.597392,19.174856
2022-04-01 18:30:00+00:00,38.202,19.602,29.187422,0.0,22.645224,1007.72906,7.060753,11.159999
2022-04-02 18:30:00+00:00,40.052,19.902,29.631166,0.0,16.939487,1006.9292,11.117588,20.991426
2022-04-03 18:30:00+00:00,38.002,22.452,29.522837,0.0,16.525915,1007.0459,12.831848,19.469976
2022-04-04 18:30:00+00:00,38.302,21.902,29.772833,0.0,20.061316,1009.93744,10.025163,16.641972
2022-04-05 18:30:00+00:00,38.851997,21.202,30.435333,0.0,18.480204,1009.76245,9.724315,14.565548
2022-04-06 18:30:00+00:00,39.452,21.702,30.904083,0.0,17.890865,1008.875,10.4924,17.377226
2022-04-07 18:30:00+00:00,41.252,22.502,31.937422,0.0,15.316932,1006.21246,8.909123,16.563911
2022-04-08 18:30:00+00:00,42.452,24.152,33.006165,0.0,14.170663,1004.31256,9.891305,18.079027
2022-04-09 18:30:00+00:00,41.552,26.752,33.291584,0.0,15.106003,1003.7334,14.698098,23.4
2022-04-10 18:30:00+00:00,41.752,24.452,33.062412,0.0,16.600256,1003.05005,10.827477,16.80857
2022-04-11 18:30:00+00:00,40.302,26.202,32.668667,0.0,17.705673,1003.01263,10.567469,17.595861
2022-04-12 18:30:00+00:00,40.252,23.452,32.227,0.0,17.460886,1002.5833,8.434487,20.929594
2022-04-13 18:30:00+00:00,39.452,25.802,32.58534,0.0,17.349464,1002.31256,13.669005,17.31746
2022-04-14 18:30:00+00:00,39.252,24.752,31.8395,0.0,17.84131,1002.10004,11.201221,22.314194
2022-04-15 18:30:00+00:00,40.351997,22.602,32.20617,0.0,16.687689,1001.7583,10.260362,26.795223
2022-04-16 18:30:00+00:00,41.351997,22.652,32.99575,0.0,16.284063,1002.60834,7.7538743,18.733839
2022-04-17 18:30:00+00:00,41.702,24.702,32.762417,0.0,19.634474,1004.59576,7.9761815,17.31746
2022-04-18 18:30:00+00:00,41.851997,26.652,34.387417,0.0,16.426651,1006.2834,15.722446,22.702845
2022-04-19 18:30:00+00:00,40.901997,27.802,33.99159,0.0,17.34017,1005.06683,15.36021,21.382906
2022-04-20 18:30:00+00:00,37.202,26.952,31.852,0.0,21.55549,1005.88336,14.381825,27.684914
2022-04-21 18:30:00+00:00,38.702,23.052,31.091583,0.0,27.275618,1007.0417,10.092079,18.844202
2022-04-22 18:30:00+00:00,39.202,23.402,31.456167,0.0,20.075525,1007.0833,8.962114,14.529915
2022-04-23 18:30:00+00:00,40.052,24.602,32.381165,0.0,18.189535,1005.37494,15.209569,25.305208
2022-04-24 18:30:00+00:00,40.351997,25.052,32.89575,0.0,19.747177,1004.14575,12.495717,29.533169
2022-04-25 18:30:00+00:00,40.802,24.852,33.17492,0.0,19.04671,1004.2959,11.042389,19.602652
2022-04-26 18:30:00+00:00,41.552,25.052,33.53117,0.0,17.097054,1003.9458,10.480243,21.175837
2022-04-27 18:30:00+00:00,43.101997,25.952,35.058254,0.0,15.646218,1003.66656,10.092585,14.57889
2022-04-28 18:30:00+00:00,43.351997,30.152,36.46033,0.0,12.801109,1003.22076,16.069881,21.638964
2022-04-29 18:30:00+00:00,43.002,29.152,35.622837,0.0,14.6074295,1000.50415,11.106492,15.141414
2022-04-30 18:30:00+00:00,42.401997,25.052,33.712418,0.0,25.49494,999.6084,12.335044,23.110207
2022-05-01 18:30:00+00:00,41.601997,25.852,33.041584,0.0,33.902596,1000.05853,12.309611,21.434364
2022-05-02 18:30:00+00:00,40.351997,26.302,33.185333,0.0,39.159973,1002.66656,7.7010064,14.007655
2022-05-03 18:30:00+00:00,40.502,26.302,31.799913,0.0,41.212975,1005.02924,9.482223,24.651457
2022-05-04 18:30:00+00:00,37.851997,24.502,30.82492,0.0,45.14279,1005.4709,7.025764,13.513193
2022-05-05 18:30:00+00:00,39.401997,25.752,32.593666,0.0,33.12663,1004.87915,7.57665,15.137133
2022-05-06 18:30:00+00:00,39.452,24.952,32.77492,0.0,27.266708,1004.4749,9.482853,18.971008
2022-05-07 18:30:00+00:00,41.702,25.052,33.12492,0.0,32.174904,1002.6916,10.840396,20.316889
2022-05-08 18:30:00+00:00,40.901997,27.052,33.635334,0.0,42.266262,1002.37085,11.766341,19.35314
2022-05-09 18:30:00+00:00,39.702,28.152,33.324913,0.0,44.47046,1002.5959,9.737044,15.141414
2022-05-10 18:30:00+00:00,42.002,27.752,34.37908,0.0,41.189213,1000.8084,9.955433,22.26768
2022-05-11 18:30:00+00:00,43.151997,28.702,35.324917,0.0,38.6029,999.3333,11.602704,22.768396
2022-05-12 18:30:00+00:00,44.252,27.602,35.247837,0.0,38.384228,996.62067,11.702079,24.850431
2022-05-13 18:30:00+00:00,44.151997,28.802,36.187416,0.0,23.355698,996.8916,9.384934,18.864824
2022-05-14 18:30:00+00:00,46.202,29.702,38.231167,0.0,12.432205,997.82495,10.33854,24.472057
2022-05-15 18:30:00+00:00,42.452,31.452,36.96867,0.0,16.409494,998.3709,14.340779,24.569836
2022-05-16 18:30:00+00:00,40.651997,27.252,34.1645,0.0,30.832703,999.3918,10.095937,21.67786
2022-05-17 18:30:00+00:00,42.401997,27.202,35.064503,0.0,31.413727,1000.77075,7.42471,14.689589
2022-05-18 18:30:00+00:00,43.802,26.852,35.58533,0.0,27.45353,1000.4709,8.587405,19.296135
2022-05-19 18:30:00+00:00,45.101997,30.452,37.43742,0.0,17.65306,997.37915,11.845288,21.746502
2022-05-20 18:30:00+00:00,41.052,30.402,35.341583,0.0,25.022062,995.63763,12.135081,27.74103
2022-05-21 18:30:00+00:00,40.952,26.452,33.80825,0.0,30.368437,994.3542,7.620234,14.471821
2022-05-22 18:30:00+00:00,32.401997,22.302,26.433252,37.1,64.81126,998.2708,16.898914,25.49908
2022-05-23 18:30:00+00:00,35.401997,20.852,27.94158,0.2,59.65836,1003.27924,10.386838,19.022177
2022-05-24 18:30:00+00:00,36.101997,24.052,29.74575,0.0,52.073887,1004.42505,7.534222,16.418526
2022-05-25 18:30:00+00:00,38.101997,24.002,31.137415,0.0,45.179165,1002.2959,7.3804245,14.84318
2022-05-26 18:30:00+00:00,39.452,26.352,31.927002,0.0,48.276123,999.50836,8.729735,21.599998
2022-05-27 18:30:00+00:00,41.552,28.002,34.30617,0.0,41.267185,997.23334,8.202668,13.358861
2022-05-28 18:30:00+00:00,41.401997,28.652,34.579082,0.0,41.159424,997.4958,13.688582,20.771093
2022-05-29 18:30:00+00:00,41.151997,26.802,33.302,0.0,44.845028,998.8127,9.283359,23.510508
2022-05-30 18:30:00+00:00,39.901997,26.502,33.354084,0.0,32.014156,998.91254,12.714508,21.194187
2022-05-31 18:30:00+00:00,41.052,26.352,34.074917,0.0,30.68207,999.85425,9.583367,20.674158
2022-06-01 18:30:00+00:00,40.851997,28.602,34.762413,0.0,25.402403,999.2039,12.438582,19.602652
2022-06-02 18:30:00+00:00,42.202,28.452,35.279087,0.0,21.81132,998.3335,10.559173,17.339897
2022-06-03 18:30:00+00:00,42.802,27.352,35.431164,0.0,20.277327,998.52924,8.137396,13.479583
2022-06-04 18:30:00+00:00,43.252,29.402,35.899914,0.0,19.061245,998.95416,12.340661,19.211996
2022-06-05 18:30:00+00:00,42.401997,29.252,35.54575,0.0,17.480377,998.2666,11.941653,15.986595
2022-06-06 18:30:00+00:00,43.101997,31.002,36.462414,0.0,20.932657,997.71246,16.136972,26.208395
2022-06-07 18:30:00+00:00,43.302,32.452,37.016586,0.0,18.161732,997.53754,19.064056,27.248457
2022-06-08 18:30:00+00:00,42.202,30.452,36.291584,0.0,23.392244,996.64996,12.641609,21.611998
2022-06-09 18:30:00+00:00,43.052,31.352,37.083252,0.0,22.296583,997.321,16.650867,22.450264
2022-06-10 18:30:00+00:00,43.401997,31.952,37.67075,0.0,20.174202,997.63763,18.906,23.686249
2022-06-11 18:30:00+00:00,42.651997,30.652,36.706165,0.0,23.212439,998.8709,14.796248,23.47741
2022-06-12 18:30:00+00:00,42.351997,30.252,36.989502,0.0,28.280182,1000.5749,17.398619,24.195107
2022-06-13 18:30:00+00:00,37.901997,31.352,34.15617,0.0,41.57074,1000.60834,21.596954,26.420174
2022-06-14 18:30:00+00:00,41.601997,29.702,35.49158,0.0,40.791214,998.6833,19.431925,23.795427
2022-06-15 18:30:00+00:00,38.101997,31.502,34.08117,1.6,45.515717,999.5542,11.156406,18.430452
2022-06-16 18:30:00+00:00,37.601997,25.902,30.58325,3.5,61.692535,1000.6001,8.538909,14.081478
2022-06-17 18:30:00+00:00,35.452,27.052,29.983252,0.70000005,62.37706,1001.2332,8.167514,18.0
2022-06-18 18:30:00+00:00,31.552,23.152,26.158249,10.900001,82.50174,1001.3293,9.616905,16.179985
2022-06-19 18:30:00+00:00,32.002,22.602,27.231169,0.3,76.376175,999.28326,4.8347044,13.905509
2022-06-20 18:30:00+00:00,32.101997,24.852,28.074919,8.6,70.72448,998.54584,6.012563,11.792404
2022-06-21 18:30:00+00:00,34.851997,25.402,29.73533,1.2,63.789566,1002.7041,7.2878633,18.486622
2022-06-22 18:30:00+00:00,36.401997,26.752,31.133253,0.0,52.772144,1003.69165,12.314504,18.844202
2022-06-23 18:30:00+00:00,36.851997,24.452,30.795752,0.0,48.085796,1001.21234,10.660304,16.641972
2022-06-24 18:30:00+00:00,37.901997,26.502,32.387417,0.0,40.447834,998.50824,5.786558,13.441071
2022-06-25 18:30:00+00:00,38.752,28.102,33.491585,0.0,50.78713,999.37085,11.647884,18.58451
2022-06-26 18:30:00+00:00,38.351997,30.302,34.302,0.0,53.493458,1000.179,10.610054,16.263872
2022-06-27 18:30:00+00:00,40.952,30.402,34.868664,0.0,52.99356,997.50415,8.439822,16.09969
2022-06-28 18:30:00+00:00,41.601997,29.852,35.016582,0.2,50.056305,994.94586,14.558037,23.770906
2022-06-29 18:30:00+00:00,32.302,26.552,28.247839,17.6,81.96597,998.2791,6.9055047,14.512064
2022-06-30 18:30:00+00:00,31.852,25.252,28.141584,5.9999995,79.26011,998.8708,4.0150485,7.386582
2022-07-01 18:30:00+00:00,34.702,26.152,29.97075,0.5,72.12061,997.4084,6.856446,15.986593
2022-07-02 18:30:00+00:00,34.351997,25.802,29.710335,2.1,77.63939,998.52924,9.297477,14.021525
2022-07-03 18:30:00+00:00,35.101997,25.902,30.833246,12.5,74.98148,998.0208,4.6047025,10.239453
2022-07-04 18:30:00+00:00,36.702,26.702,32.095745,0.0,68.84313,997.59985,8.5938835,13.905509
2022-07-05 18:30:00+00:00,34.401997,28.802,31.377,4.2,72.13962,1000.66254,11.9317255,18.455048
2022-07-06 18:30:00+00:00,35.651997,27.052,31.58742,2.6,69.68835,1002.33344,10.236798,15.034041
2022-07-07 18:30:00+00:00,36.901997,29.102,32.8645,0.0,62.19257,999.5833,9.57036,15.459054
2022-07-08 18:30:00+00:00,35.651997,28.402,31.254087,0.3,67.64444,998.08746,10.184203,16.375053
2022-07-09 18:30:00+00:00,33.802,25.802,29.906166,8.4,74.389496,999.7292,6.9510627,11.609651
2022-07-10 18:30:00+00:00,35.601997,26.402,31.068666,3.6000001,70.61647,1000.2668,5.295123,8.714677
2022-07-11 18:30:00+00:00,36.101997,28.752,31.545748,1.9000001,69.666046,999.41675,6.356837,9.178235
2022-07-12 18:30:00+00:00,35.151997,27.202,30.947832,10.4,73.30128,997.55426,7.223509,15.408671
2022-07-13 18:30:00+00:00,34.802,28.152,30.660337,18.9,72.66179,997.34576,9.868726,14.336861
2022-07-14 18:30:00+00:00,36.601997,28.752,31.943666,0.70000005,63.85612,998.75,13.412335,20.870687
2022-07-15 18:30:00+00:00,33.452,27.152,28.968664,10.9,79.08655,1000.27496,8.142848,15.463244
2022-07-16 18:30:00+00:00,33.351997,25.352,29.208252,23.300005,82.273705,1001.9792,7.5205903,13.608762
2022-07-17 18:30:00+00:00,35.302,26.252,30.908249,7.1999993,76.22636,1000.6543,6.6291237,11.720751
2022-07-18 18:30:00+00:00,35.452,28.002,31.210335,10.2,75.83094,999.425,5.8331966,12.849528
2022-07-19 18:30:00+00:00,32.851997,25.952,28.839502,20.4,85.163704,999.5417,9.875197,18.58451
2022-07-20 18:30:00+00:00,32.101997,24.602,27.439499,24.200003,86.58929,1001.93335,5.425752,11.384199
2022-07-21 18:30:00+00:00,31.802,25.302,27.687422,6.6,86.76264,1003.15424,5.3698335,14.291592
2022-07-22 18:30:00+00:00,29.802,24.952,27.224913,20.100002,86.98281,1001.75836,11.333472,19.33639
2022-07-23 18:30:00+00:00,32.651997,25.152,28.470757,6.999999,82.56709,1001.28754,13.795535,22.366402
2022-07-24 18:30:00+00:00,32.151997,25.152,28.0395,13.5,83.0965,1003.6292,13.580261,21.461555
2022-07-25 18:30:00+00:00,31.252,25.152,28.031166,3.1,81.37348,1004.66235,12.863921,18.847641
2022-07-26 18:30:00+00:00,31.852,25.402,28.19158,6.3999996,81.95041,1004.5417,11.635173,15.349684
2022-07-27 18:30:00+00:00,31.402,24.902,27.16242,29.2,87.203094,1005.7917,4.98231,15.745627
2022-07-28 18:30:00+00:00,30.452,25.102,27.49575,15.8,86.09782,1005.075,6.118225,13.779114
2022-07-29 18:30:00+00:00,32.151997,25.452,28.4145,8.599999,81.86057,1003.0666,5.605968,11.620809
2022-07-30 18:30:00+00:00,33.252,25.602,28.9395,1.9000001,77.70115,1000.60406,7.26724,11.792404
2022-07-31 18:30:00+00:00,31.602,25.852,28.32075,3.1,81.29971,1000.91656,6.380852,10.829958
2022-08-01 18:30:00+00:00,33.252,26.102,29.141584,1.1,78.01214,1000.4751,9.206533,13.513193
2022-08-02 18:30:00+00:00,33.101997,26.052,29.116587,0.2,79.63709,1001.8499,7.0171533,14.48972
2022-08-03 18:30:00+00:00,31.202,26.502,28.072838,1.7,84.99435,1002.4751,6.962809,10.464797
2022-08-04 18:30:00+00:00,31.352,24.452,27.689499,4.3999996,86.274635,1001.05,7.109854,10.383987
2022-08-05 18:30:00+00:00,32.502,25.552,28.852,0.2,83.229965,999.02905,3.1201582,6.379216
2022-08-06 18:30:00+00:00,31.402,25.652,27.941587,6.0,85.9422,999.08344,6.267132,12.682018
2022-08-07 18:30:00+00:00,33.052,24.952,28.862413,0.3,82.150536,998.74994,5.8709455,8.587338
2022-08-08 18:30:00+00:00,33.752,27.002,30.214499,1.4000001,76.74491,998.3167,9.034126,16.808569
2022-08-09 18:30:00+00:00,34.252,27.852,30.88325,0.6,70.89132,996.7209,11.752944,17.64
2022-08-10 18:30:00+00:00,30.102,27.102,28.1645,2.9999998,80.931435,998.9292,16.90796,26.341572
2022-08-11 18:30:00+00:00,33.052,25.802,28.616585,2.9,78.23248,998.9333,13.705579,26.478973
2022-08-12 18:30:00+00:00,32.351997,25.852,28.635332,1.5,81.5032,998.8957,11.129127,18.359999
2022-08-13 18:30:00+00:00,31.952,25.902,27.799913,4.8999996,84.37856,1001.67096,7.165604,15.315873
2022-08-14 18:30:00+00:00,30.502,24.752,27.22075,5.8,85.722725,1002.7707,10.438968,19.70815
2022-08-15 18:30:00+00:00,28.702,24.702,26.531168,13.5,85.05701,1001.1082,20.908447,30.903435
2022-08-16 18:30:00+00:00,31.402,25.102,27.952003,0.6,76.954124,1002.34576,15.537914,22.238562
2022-08-17 18:30:00+00:00,32.452,24.952,28.622835,0.0,76.00552,1001.7666,7.632643,12.24
2022-08-18 18:30:00+00:00,33.302,26.452,29.441582,0.3,71.8097,1001.67914,12.474074,16.746773
2022-08-19 18:30:00+00:00,31.202,24.302,27.856169,7.7999997,82.019356,1002.92084,5.5239205,13.661038
2022-08-20 18:30:00+00:00,32.752,25.752,28.431166,6.7,80.4023,1001.04156,7.7628655,11.609651
2022-08-21 18:30:00+00:00,31.802,25.252,28.533249,10.7,78.69335,998.94165,11.122208,17.917007
2022-08-22 18:30:00+00:00,31.402,25.652,28.539503,2.1,74.8185,1000.25415,21.319376,31.154043
2022-08-23 18:30:00+00:00,31.902,25.352,28.26242,0.2,75.09183,1004.65405,11.582799,16.279802
2022-08-24 18:30:00+00:00,32.502,24.452,28.389502,0.2,76.10823,1004.18756,4.7754655,6.924738
2022-08-25 18:30:00+00:00,33.651997,26.152,29.63742,0.5,67.90926,1003.4709,10.931598,16.1198
2022-08-26 18:30:00+00:00,34.002,27.152,30.093666,0.3,62.58971,1002.7375,16.308382,19.211996
2022-08-27 18:30:00+00:00,34.101997,26.952,29.995752,0.0,60.277008,1003.25,14.586876,20.523157
2022-08-28 18:30:00+00:00,33.401997,26.802,29.829084,0.1,62.910954,1006.8501,7.683962,13.910169
2022-08-29 18:30:00+00:00,35.002,26.202,29.997835,0.1,69.312996,1007.38745,5.0532994,12.313894
2022-08-30 18:30:00+00:00,35.601997,27.302,30.40825,0.4,67.06972,1004.7458,8.235617,13.627795
2022-08-31 18:30:00+00:00,35.502,27.552,31.070753,0.3,64.461624,1004.62494,7.3512254,11.367109
2022-09-01 18:30:00+00:00,35.952,26.952,31.083252,0.0,63.340214,1005.7959,7.0827713,11.525623
2022-09-02 18:30:00+00:00,36.151997,27.502,31.437416,0.0,54.9617,1003.3625,14.074342,18.448023
2022-09-03 18:30:00+00:00,35.901997,27.452,31.233252,0.0,56.55371,1002.27496,13.750352,18.64369
2022-09-04 18:30:00+00:00,34.351997,26.502,30.266584,0.0,59.295517,1003.9873,8.248702,14.003029
2022-09-05 18:30:00+00:00,35.952,26.302,30.702002,0.0,56.014668,1005.10834,6.2144723,12.245293
2022-09-06 18:30:00+00:00,36.151997,26.352,31.014498,0.0,56.645054,1006.79175,4.8026013,7.653705
2022-09-07 18:30:00+00:00,35.351997,26.352,31.024918,0.0,56.918186,1007.49585,5.5772996,11.792404
2022-09-08 18:30:00+00:00,34.351997,26.852,30.804085,0.0,66.93893,1007.0623,6.4265447,9.085988
2022-09-09 18:30:00+00:00,33.552,25.052,29.714502,2.8999999,71.77477,1006.2834,7.5402102,20.073025
2022-09-10 18:30:00+00:00,33.502,24.402,29.514502,4.0,69.83729,1004.17914,8.497672,19.469975
2022-09-11 18:30:00+00:00,34.351997,27.002,30.08533,0.8000001,65.232285,1002.3166,9.669775,15.496736
2022-09-12 18:30:00+00:00,33.101997,25.002,29.135332,5.299999,68.3439,1003.0042,16.842709,28.521906
2022-09-13 18:30:00+00:00,31.152,25.302,27.079084,16.0,79.88537,1003.5208,17.029009,24.280659
2022-09-14 18:30:00+00:00,30.102,24.552,26.387413,9.1,84.5464,1001.95013,12.849846,19.602652
2022-09-15 18:30:00+00:00,32.452,23.402,26.541582,7.2000003,81.42522,999.75415,11.112424,19.161337
2022-09-16 18:30:00+00:00,34.151997,23.702,27.977,0.0,75.74055,1001.8416,8.791771,15.542662
2022-09-17 18:30:00+00:00,34.202,23.402,28.627,0.2,73.17994,1004.8084,7.076519,13.104198
2022-09-18 18:30:00+00:00,34.101997,24.902,28.756165,0.3,71.79688,1005.17084,6.4857564,13.397612
2022-09-19 18:30:00+00:00,32.651997,23.902,27.25617,13.1,82.22846,1005.10004,5.2026277,12.181625
2022-09-20 18:30:00+00:00,32.302,24.502,26.883253,4.4,85.69433,1005.03326,4.4093595,14.113653
2022-09-21 18:30:00+00:00,25.902,23.802,24.67492,60.199997,93.751465,1004.26245,11.286742,20.111729
2022-09-22 18:30:00+00:00,26.852,23.602,24.73742,44.5,94.31933,1003.3582,10.72594,15.192682
2022-09-23 18:30:00+00:00,27.052,23.552,24.906168,23.300001,92.95291,1001.88336,12.930375,18.584509
2022-09-24 18:30:00+00:00,31.352,23.652,26.443666,0.2,82.8362,1004.6919,8.900147,16.981165
2022-09-25 18:30:00+00:00,31.452,22.902,26.810335,0.0,80.6813,1008.27905,8.647117,15.349684
2022-09-26 18:30:00+00:00,32.252,22.602,26.970749,0.0,76.175835,1006.9124,7.5533824,11.246759
2022-09-27 18:30:00+00:00,32.702,23.202,27.424917,0.0,72.41231,1005.7917,6.950529,11.841756
2022-09-28 18:30:00+00:00,32.851997,22.802,27.412415,0.0,71.09638,1005.82916,7.7098145,15.530151
2022-09-29 18:30:00+00:00,32.401997,22.802,27.547834,0.0,73.021736,1006.22906,7.1359954,14.336861
2022-09-30 18:30:00+00:00,33.252,23.352,27.981165,0.0,70.298645,1005.26263,6.452123,11.457958
2022-10-01 18:30:00+00:00,33.351997,23.102,27.822832,0.0,61.430065,1005.7417,9.252643,14.57889
2022-10-02 18:30:00+00:00,33.552,23.202,27.79158,0.0,58.55955,1006.58344,13.627402,22.401142
2022-10-03 18:30:00+00:00,33.302,23.752,28.049917,0.0,62.204914,1007.93335,10.907463,17.208603
2022-10-04 18:30:00+00:00,31.552,23.102,26.749918,0.1,79.36996,1007.7415,5.9968066,9.885262
2022-10-05 18:30:00+00:00,30.552,22.702,26.010336,0.0,76.493675,1008.17084,8.773225,13.708391
2022-10-06 18:30:00+00:00,27.302,23.202,24.777002,4.0,82.3971,1009.30426,10.209552,13.202726
2022-10-07 18:30:00+00:00,24.252,21.902,22.910334,43.3,94.01165,1009.90424,14.493767,17.81909
2022-10-08 18:30:00+00:00,27.502,21.152,23.21034,30.1,91.52946,1008.86664,10.305804,18.25026
2022-10-09 18:30:00+00:00,28.602,21.052,24.20617,0.3,85.68206,1010.29584,5.8212466,11.246759
2022-10-10 18:30:00+00:00,27.552,20.552,23.716585,1.0,86.973045,1009.77496,5.7784004,10.464798
2022-10-11 18:30:00+00:00,28.852,20.002,23.791586,0.0,81.43418,1010.90826,7.3080273,9.659814
2022-10-12 18:30:00+00:00,29.452,19.152,23.97492,0.0,72.53565,1012.075,8.59377,13.276144
2022-10-13 18:30:00+00:00,29.702,19.452,23.970749,0.0,67.747314,1011.9333,9.159812,11.808878
2022-10-14 18:30:00+00:00,29.952,19.302,24.237413,0.0,65.82394,1011.1125,8.363589,10.787993
2022-10-15 18:30:00+00:00,30.102,19.352,24.097832,0.0,67.57689,1013.35016,4.6362133,8.311245
2022-10-16 18:30:00+00:00,30.652,19.052,24.14367,0.0,62.37082,1013.44995,7.1208434,9.0645685
2022-10-17 18:30:00+00:00,30.652,18.252,24.574919,0.0,57.6404,1011.8875,6.265337,10.446206
2022-10-18 18:30:00+00:00,31.602,18.702,24.162416,0.0,61.62917,1011.55005,7.4682727,9.659814
2022-10-19 18:30:00+00:00,30.902,18.202,23.514498,0.2,64.31737,1013.1667,5.8358154,9.114471
2022-10-20 18:30:00+00:00,31.052,17.602,23.972837,0.0,62.405273,1015.30414,7.2574954,10.086427
2022-10-21 18:30:00+00:00,29.502,18.352,23.00617,0.0,62.697796,1016.5168,9.682119,14.081477
2022-10-22 18:30:00+00:00,28.602,17.052,22.216585,0.0,57.107178,1015.52496,7.383764,10.464797
2022-10-23 18:30:00+00:00,29.302,17.452,22.368668,0.0,60.306805,1011.0251,10.677498,13.779114
2022-10-24 18:30:00+00:00,29.602,16.952,22.333252,0.0,54.68799,1009.27496,11.341198,19.174856
2022-10-25 18:30:00+00:00,30.352,16.352,22.94575,0.0,62.687954,1012.69574,6.081346,9.726664
2022-10-26 18:30:00+00:00,30.602,17.152,23.541586,0.0,64.87621,1012.8999,5.0945277,10.948973
2022-10-27 18:30:00+00:00,30.052,17.552,23.299917,0.0,69.99387,1012.825,5.6877875,10.495713
2022-10-28 18:30:00+00:00,29.452,17.602,23.597834,0.0,68.33157,1013.82916,4.2653813,8.473393
2022-10-29 18:30:00+00:00,29.752,16.902,23.26242,0.0,64.97464,1014.2334,6.088449,9.3876505
2022-10-30 18:30:00+00:00,29.852,16.452,23.360336,0.0,61.25168,1014.05835,4.924356,8.942214
2022-10-31 18:30:00+00:00,30.202,17.902,23.379084,0.0,66.68111,1014.1958,6.9757533,10.587918
2022-11-01 18:30:00+00:00,29.902,17.352,23.116585,0.0,67.698586,1012.51227,10.350144,16.135872
2022-11-02 18:30:00+00:00,30.702,18.202,23.83117,0.0,64.86839,1011.8208,8.996394,12.245293
2022-11-03 18:30:00+00:00,30.952,20.252,24.552002,0.0,67.59229,1013.04156,4.2024655,9.605998
2022-11-04 18:30:00+00:00,30.102,18.202,23.776999,0.0,78.086624,1015.0166,7.8319774,11.720751
2022-11-05 18:30:00+00:00,29.452,18.002,23.531166,0.0,77.44522,1015.52075,6.4564214,8.707237
2022-11-06 18:30:00+00:00,30.202,19.102,23.027002,0.0,69.29908,1014.61255,6.4531817,12.324414
2022-11-07 18:30:00+00:00,28.602,17.452,21.616583,5.5,72.20327,1015.44586,6.1908,17.227419
2022-11-08 18:30:00+00:00,27.102,16.001999,21.626999,0.2,73.42835,1015.64996,3.924302,6.1305785
2022-11-09 18:30:00+00:00,25.502,17.402,20.935335,1.1,76.97585,1016.7834,6.8977485,17.227419
2022-11-10 18:30:00+00:00,26.552,16.202,20.6645,0.0,64.24003,1017.14996,12.23269,17.429354
2022-11-11 18:30:00+00:00,26.202,15.752,20.385334,0.0,58.847645,1016.575,13.157799,19.406637
2022-11-12 18:30:00+00:00,26.802,15.852,20.44575,0.0,62.061832,1015.0542,10.786038,15.484185
2022-11-13 18:30:00+00:00,27.352,15.302,20.527,0.0,64.0303,1015.40826,7.985096,11.720751
2022-11-14 18:30:00+00:00,26.202,14.852,20.183249,0.0,64.5846,1015.43335,5.6227565,8.78872
2022-11-15 18:30:00+00:00,25.202,16.252,19.677,0.0,59.25107,1014.60004,10.921169,15.546833
2022-11-16 18:30:00+00:00,24.152,13.852,18.322836,0.0,58.764496,1014.74164,12.376058,19.513195
2022-11-17 18:30:00+00:00,24.352,12.602,17.497835,0.0,57.165157,1015.8208,9.300533,13.53236
2022-11-18 18:30:00+00:00,24.452,11.852,17.566586,0.0,56.935642,1016.36664,7.318189,9.885262
2022-11-19 18:30:00+00:00,24.852,12.602,17.793667,0.0,62.17426,1014.8418,9.901229,12.682018
2022-11-20 18:30:00+00:00,25.402,13.352,18.391584,0.0,57.81876,1013.9209,12.634529,16.676977
2022-11-21 18:30:00+00:00,24.902,13.202,18.085333,0.0,55.4334,1014.0042,11.240632,14.982228
2022-11-22 18:30:00+00:00,24.902,12.302,17.822836,0.0,49.18636,1014.3833,11.930112,17.57744
2022-11-23 18:30:00+00:00,25.002,12.502,17.608253,0.0,49.94752,1014.2791,10.786706,14.689589
2022-11-24 18:30:00+00:00,25.002,11.052,17.377,0.0,57.12714,1016.4333,6.971005,10.383987
2022-11-25 18:30:00+00:00,24.652,11.952,17.514502,0.0,54.14934,1013.4375,11.544232,14.689588
2022-11-26 18:30:00+00:00,24.652,11.752,17.39367,0.0,62.418674,1011.51666,8.040749,10.799999
2022-11-27 18:30:00+00:00,24.402,11.002,17.135334,0.0,65.08572,1013.06665,5.858525,9.255571
2022-11-28 18:30:00+00:00,24.052,11.252,17.016584,0.0,67.32668,1015.1958,6.7631726,11.246759
2022-11-29 18:30:00+00:00,23.852,12.352,17.1895,0.0,68.86789,1016.3333,8.4151325,11.753877
2022-11-30 18:30:00+00:00,23.402,11.902,16.910334,0.0,72.5121,1015.2751,8.687793,11.503113
2022-12-01 18:30:00+00:00,23.202,11.452,16.889502,0.0,73.780136,1014.2041,5.8146305,10.239453
2022-12-02 18:30:00+00:00,23.352,11.302,16.81867,0.0,74.766685,1014.91235,4.54192,8.942214
2022-12-03 18:30:00+00:00,23.252,12.202,16.697832,0.0,74.98611,1015.61255,8.375376,11.183201
2022-12-04 18:30:00+00:00,22.402,11.152,15.827,0.0,73.49749,1017.3875,7.506472,10.805998
2022-12-05 18:30:00+00:00,22.552,11.252,16.177,0.0,69.141174,1016.3875,13.169776,16.279802
2022-12-06 18:30:00+00:00,22.852,11.602,16.602,0.0,67.94552,1015.44586,15.193633,20.380579
2022-12-07 18:30:00+00:00,23.302,11.402,16.401999,0.0,71.12513,1015.8084,10.926684,14.20062
2022-12-08 18:30:00+00:00,23.952,11.002,16.6895,0.0,73.64,1014.7293,7.5906367,12.43434
2022-12-09 18:30:00+00:00,25.052,11.452,17.368666,0.0,70.191414,1014.9124,8.553249,10.805998
2022-12-10 18:30:00+00:00,25.252,12.452,17.624916,0.0,68.66851,1015.3584,10.952653,13.979872
2022-12-11 18:30:00+00:00,24.652,12.152,17.12075,0.0,62.989506,1014.7334,12.16978,14.904173
2022-12-12 18:30:00+00:00,24.152,11.952,17.012417,0.0,53.44011,1016.16656,14.591767,17.610588
2022-12-13 18:30:00+00:00,22.352,11.702,15.943669,0.0,55.632843,1016.21655,13.697007,18.581022
2022-12-14 18:30:00+00:00,21.752,9.602,14.7145,0.0,55.167606,1015.14996,11.545128,15.277749
2022-12-15 18:30:00+00:00,21.802,8.902,14.337417,0.0,62.513203,1014.08344,9.299411,11.901798
2022-12-16 18:30:00+00:00,22.002,8.952,14.443667,0.0,67.775566,1015.69165,7.661379,11.525623
2022-12-17 18:30:00+00:00,22.052,9.402,14.612416,0.0,74.314285,1016.05835,7.1496778,10.009036
2022-12-18 18:30:00+00:00,21.602,9.702,14.408252,0.0,78.49362,1014.75415,7.887567,11.435313
2022-12-19 18:30:00+00:00,21.052,9.252,13.793667,0.0,77.16938,1014.06683,7.7026515,10.24578
2022-12-20 18:30:00+00:00,20.652,8.102,13.577001,0.0,79.06534,1015.45416,7.2770305,10.00256
2022-12-21 18:30:00+00:00,20.552,9.002,13.318667,0.0,78.71616,1015.09576,8.824672,10.691453
2022-12-22 18:30:00+00:00,19.552,8.752,13.13325,0.0,77.735535,1014.46246,7.8145103,12.181625
2022-12-23 18:30:00+00:00,18.952,8.702,12.708251,0.0,73.62473,1016.18744,12.953972,15.7908325
2022-12-24 18:30:00+00:00,17.352,6.902,11.179085,0.0,78.691025,1017.2542,11.959479,14.33234
2022-12-25 18:30:00+00:00,18.302,6.602,11.1895,0.0,81.8973,1018.89575,9.692785,13.004922
2022-12-26 18:30:00+00:00,18.852,7.352,12.202001,0.0,76.253624,1018.4792,13.994732,16.263872
2022-12-27 18:30:00+00:00,19.952,7.952,13.352,0.0,67.88988,1017.97925,15.24142,19.694992
2022-12-28 18:30:00+00:00,20.502,9.902,14.387418,0.0,72.12159,1018.55426,7.686785,11.592894
2022-12-29 18:30:00+00:00,20.702,9.752,14.537418,0.0,78.03542,1019.15826,7.7569504,15.124284
2022-12-30 18:30:00+00:00,19.202,9.602,13.256167,0.0,80.22373,1019.83325,13.025537,17.873556
2022-12-31 18:30:00+00:00,18.652,7.952,12.720752,0.0,76.26157,1020.6877,6.216751,9.511088
2023-01-01 18:30:00+00:00,18.402,6.852,12.304084,0.0,76.60765,1021.52075,3.5492992,7.4128532
2023-01-02 18:30:00+00:00,17.302,6.152,11.016583,0.0,80.644585,1022.5957,5.7614727,8.534353
2023-01-03 18:30:00+00:00,16.602,5.802,9.608251,0.0,86.93054,1023.1667,9.101062,12.475961
2023-01-04 18:30:00+00:00,16.202,5.502,9.03325,0.0,88.99066,1024.1208,7.339314,9.826088
2023-01-05 18:30:00+00:00,14.552,4.402,8.351999,0.0,88.900734,1024.7626,5.490645,8.161764
2023-01-06 18:30:00+00:00,15.852,4.252,8.612416,0.0,86.336494,1022.7708,8.611848,14.4
2023-01-07 18:30:00+00:00,17.702,5.952,9.956166,0.0,87.59384,1019.8542,9.3217,14.20062
2023-01-08 18:30:00+00:00,19.052,5.252,11.491584,0.0,84.731636,1020.39575,4.6238446,7.2
2023-01-09 18:30:00+00:00,19.452,8.102,12.277,0.0,86.24466,1019.3333,9.345723,13.527572
2023-01-10 18:30:00+00:00,19.352,7.602,12.529084,0.0,87.016884,1015.0291,7.0992913,9.779817
2023-01-11 18:30:00+00:00,19.002,10.702,13.899918,0.4,85.226585,1012.80005,9.665434,12.313893
2023-01-12 18:30:00+00:00,19.602,9.152,13.968667,4.3,88.72018,1013.4917,7.4671187,10.308831
2023-01-13 18:30:00+00:00,16.752,7.702,11.904082,0.0,73.192986,1017.1499,13.854938,18.089775
2023-01-14 18:30:00+00:00,15.152,5.452,9.431167,0.0,62.95402,1016.3459,12.649517,16.363178
2023-01-15 18:30:00+00:00,15.602,4.302,9.054084,0.0,63.112926,1017.37897,9.650071,12.413476
2023-01-16 18:30:00+00:00,16.402,4.252,9.314501,0.0,63.764248,1017.91254,10.261994,14.512064
2023-01-17 18:30:00+00:00,16.852,4.552,9.914499,0.0,60.38068,1019.5667,7.818354,11.165805
2023-01-18 18:30:00+00:00,18.452,6.302,12.197833,0.0,63.285168,1019.45416,6.644726,11.457958
2023-01-19 18:30:00+00:00,19.652,8.002,13.643666,0.0,71.74299,1017.5999,8.251926,14.471821
2023-01-20 18:30:00+00:00,20.002,8.202,13.568667,0.0,78.95051,1017.07495,6.3916965,10.315115
2023-01-21 18:30:00+00:00,21.502,9.502,15.020751,0.0,70.6694,1015.9666,7.657973,11.165805
2023-01-22 18:30:00+00:00,21.902,8.502,15.216584,0.0,68.111946,1015.52075,5.3761573,7.9932976
2023-01-23 18:30:00+00:00,21.152,11.752,16.493666,0.5,83.66195,1014.24585,10.667343,20.808498
2023-01-24 18:30:00+00:00,20.902,11.252,15.737418,1.0000001,85.87801,1015.80853,7.179629,11.966954
2023-01-25 18:30:00+00:00,19.102,9.902,13.862418,0.0,71.2815,1018.59576,13.516725,15.629971
2023-01-26 18:30:00+00:00,18.202,7.102,11.874917,0.0,65.376884,1018.79175,13.62862,17.072504
2023-01-27 18:30:00+00:00,20.252,6.752,12.418668,0.0,67.35053,1015.5833,10.115935,14.007655
2023-01-28 18:30:00+00:00,16.902,9.552,13.127002,4.7,84.2235,1014.7542,7.6600723,15.542662
2023-01-29 18:30:00+00:00,16.252,10.902,13.283253,2.7,88.56727,1017.99585,8.484032,20.192118
2023-01-30 18:30:00+00:00,20.302,10.702,14.245751,0.0,84.80349,1019.20825,14.251279,19.602652
2023-01-31 18:30:00+00:00,19.802,9.702,13.889501,0.0,75.419334,1018.1458,16.727663,19.586119
2023-02-01 18:30:00+00:00,21.602,9.852,15.018668,0.0,63.769215,1016.6834,15.317908,19.164717
2023-02-02 18:30:00+00:00,22.752,10.452,15.556168,0.0,65.742195,1016.4792,11.833602,16.179985
2023-02-03 18:30:00+00:00,22.802,11.002,16.224918,0.0,64.51699,1014.07074,12.754161,17.673029
2023-02-04 18:30:00+00:00,23.502,11.902,16.872833,0.0,65.38162,1012.75,10.636165,14.84318
2023-02-05 18:30:00+00:00,24.902,10.652,17.437418,0.0,75.26002,1011.75415,8.1008005,10.948973
2023-02-06 18:30:00+00:00,23.252,13.452,16.970753,0.0,68.01328,1011.78754,13.768895,18.1041
2023-02-07 18:30:00+00:00,22.652,10.452,15.5645,0.0,57.290466,1014.23334,10.413754,14.021525
2023-02-08 18:30:00+00:00,25.652,10.152,17.147837,0.0,64.426506,1012.47504,8.782468,12.144331
2023-02-09 18:30:00+00:00,25.202,11.102,17.883251,0.0,74.84971,1011.3166,7.26401,10.931203
2023-02-10 18:30:00+00:00,25.602,13.602,18.614502,0.0,65.43476,1013.57916,8.597426,13.392774
2023-02-11 18:30:00+00:00,21.652,10.902,15.849917,0.0,47.73396,1018.00836,14.28178,20.018072
2023-02-12 18:30:00+00:00,20.902,10.002,15.033249,0.0,35.295918,1016.47925,20.597845,26.729847
2023-02-13 18:30:00+00:00,23.452,11.452,16.6645,0.0,47.73232,1015.90845,13.830494,19.513195
2023-02-14 18:30:00+00:00,25.352,12.952,18.433249,0.0,54.892345,1013.2542,14.649963,18.278645
2023-02-15 18:30:00+00:00,26.152,12.352,18.697832,0.0,69.23748,1014.6792,8.257204,10.97262
2023-02-16 18:30:00+00:00,26.352,13.502,19.268667,0.0,78.72585,1015.94995,5.1347284,8.647496
2023-02-17 18:30:00+00:00,26.602,13.652,19.2895,0.0,78.29047,1015.23334,6.6474214,9.693296
2023-02-18 18:30:00+00:00,27.452,15.852,21.479086,0.0,69.85519,1014.08344,3.884222,7.8625183
2023-02-19 18:30:00+00:00,29.452,14.152,21.754087,0.0,68.744514,1011.1958,6.475228,10.495713
2023-02-20 18:30:00+00:00,29.402,15.402,21.579086,0.0,59.890728,1010.4832,9.483579,14.759999
2023-02-21 18:30:00+00:00,28.402,15.652,20.997835,0.0,63.31119,1012.39166,8.768375,14.471821
2023-02-22 18:30:00+00:00,27.452,14.452,20.102001,0.0,53.41624,1012.97925,11.5818405,16.485485
2023-02-23 18:30:00+00:00,27.302,12.852,19.83325,0.0,53.028625,1014.7168,9.224632,13.104198
2023-02-24 18:30:00+00:00,28.752,13.502,20.795752,0.0,57.52635,1016.21674,6.2993875,9.565437
2023-02-25 18:30:00+00:00,29.002,15.002,21.9395,0.0,54.99194,1017.7957,5.808584,11.019764
2023-02-26 18:30:00+00:00,29.202,16.352,21.731165,0.0,55.33063,1017.4292,6.4211636,11.090103
2023-02-27 18:30:00+00:00,28.702,15.202,21.368668,0.1,55.771427,1017.42505,6.071403,11.043261
2023-02-28 18:30:00+00:00,29.252,16.502,21.945755,0.0,52.191177,1018.54175,8.40746,14.799459
2023-03-01 18:30:00+00:00,29.202,16.152,21.9645,0.0,58.434982,1018.62915,8.476401,10.296251
2023-03-02 18:30:00+00:00,29.452,17.302,21.952002,0.0,62.93336,1019.09595,10.085771,13.896187
2023-03-03 18:30:00+00:00,28.852,17.202,21.866583,0.0,59.77122,1019.3584,11.361867,15.021105
2023-03-04 18:30:00+00:00,28.852,16.352,21.727,0.0,59.154476,1018.28326,10.577377,15.856354
2023-03-05 18:30:00+00:00,28.402,15.502,21.233252,0.0,54.474808,1016.0583,9.746521,14.512064
2023-03-06 18:30:00+00:00,28.652,15.202,21.787416,0.0,49.721375,1015.5417,7.7875805,13.1041975
2023-03-07 18:30:00+00:00,27.652,15.802,20.945753,1.3,57.615513,1016.75836,5.4049854,9.0
2023-03-08 18:30:00+00:00,26.102,15.652,20.252,1.4,66.58638,1016.85834,7.281408,10.703569
2023-03-09 18:30:00+00:00,28.652,15.552,21.733252,0.0,61.482983,1015.8499,8.707286,12.55879
2023-03-10 18:30:00+00:00,29.802,16.602,22.80617,0.0,54.426304,1015.32916,7.106652,9.9571085
2023-03-11 18:30:00+00:00,31.552,17.202,24.479088,0.0,48.748867,1014.4875,5.706272,9.72
2023-03-12 18:30:00+00:00,31.702,18.502,23.962416,0.0,54.210987,1013.1792,6.85257,21.99538
2023-03-13 18:30:00+00:00,31.852,16.402,23.622833,0.0,53.033405,1010.37494,9.012734,18.25026
2023-03-14 18:30:00+00:00,32.052,17.052,24.545752,0.0,47.504513,1009.23755,6.9106617,17.298738
2023-03-15 18:30:00+00:00,31.352,18.652,24.187416,0.0,45.741787,1010.0999,8.261438,15.629971
2023-03-16 18:30:00+00:00,27.252,18.202,21.95617,7.0,62.24811,1011.97504,5.6820445,15.941944
2023-03-17 18:30:00+00:00,25.202,17.102,20.347834,0.8,78.051506,1011.13745,6.755709,16.167967
2023-03-18 18:30:00+00:00,25.552,15.552,19.541582,6.8999996,83.25479,1009.27515,5.3467755,13.104198
2023-03-19 18:30:00+00:00,24.202,15.602,18.818668,11.8,85.44739,1008.15405,5.497223,13.479583
2023-03-20 18:30:00+00:00,24.052,15.052,18.512419,0.1,83.60836,1009.23346,6.9026103,10.829959
2023-03-21 18:30:00+00:00,26.502,14.152,19.485334,0.0,78.88816,1010.72504,4.910778,9.605998
2023-03-22 18:30:00+00:00,27.952,16.001999,21.774918,0.0,65.96328,1009.34174,8.132684,11.304229
2023-03-23 18:30:00+00:00,27.652,16.652,21.622833,15.900001,71.857704,1009.1042,8.60282,15.905319
2023-03-24 18:30:00+00:00,26.752,17.552,21.47075,1.1,76.00875,1011.67926,7.6589513,13.905509
2023-03-25 18:30:00+00:00,28.202,16.602,22.170748,0.0,59.57252,1011.3,9.378451,12.496718
2023-03-26 18:30:00+00:00,27.652,16.052,21.554085,0.0,56.50818,1010.66675,11.279006,17.462782
2023-03-27 18:30:00+00:00,28.902,16.502,22.241585,0.0,58.622005,1010.2917,8.376147,13.849477
2023-03-28 18:30:00+00:00,29.852,17.302,23.8395,1.4,51.198452,1010.63745,7.527737,23.143827
2023-03-29 18:30:00+00:00,30.752,17.152,22.164503,5.3,64.64367,1009.0586,10.06003,20.94507
2023-03-30 18:30:00+00:00,24.852,16.302,19.670752,11.899999,83.33869,1008.875,4.864539,13.004922
2023-03-31 18:30:00+00:00,26.052,15.452,20.316584,0.70000005,78.930435,1009.5999,4.2250094,10.514218
2023-04-01 18:30:00+00:00,28.802,16.402,22.291586,0.0,68.70595,1008.48755,8.363944,15.629971
2023-04-02 18:30:00+00:00,31.452,16.552,23.785334,0.0,58.523315,1006.83325,7.101946,14.689588
2023-04-03 18:30:00+00:00,28.452,17.402,22.610336,0.1,60.22579,1009.30005,9.060632,16.595179
2023-04-04 18:30:00+00:00,30.452,17.052,23.662416,0.0,49.101643,1009.89166,9.775821,13.755579
2023-04-05 18:30:00+00:00,31.002,17.102,23.968668,0.0,41.427956,1012.03345,11.354434,15.575981
2023-04-06 18:30:00+00:00,30.652,17.702,23.883253,0.0,39.987705,1013.8459,11.233975,14.458382
2023-04-07 18:30:00+00:00,31.602,17.352,24.302,0.0,34.857327,1014.4456,9.536493,13.527572
2023-04-08 18:30:00+00:00,33.401997,17.402,25.30617,0.0,32.514034,1014.1082,8.77468,17.309973
2023-04-09 18:30:00+00:00,33.452,17.852,25.837416,0.0,31.244833,1012.2917,8.651002,14.982228
2023-04-10 18:30:00+00:00,35.552,19.152,27.708246,0.0,28.53985,1011.47095,12.547757,21.142147
2023-04-11 18:30:00+00:00,35.702,23.302,28.951998,0.0,28.32759,1011.0623,16.028694,29.784426
2023-04-12 18:30:00+00:00,36.601997,22.352,29.26033,0.0,28.571905,1009.2791,10.6344595,17.068707
2023-04-13 18:30:00+00:00,37.452,22.752,29.6895,0.0,27.436903,1008.2917,8.760773,16.263872
2023-04-14 18:30:00+00:00,39.151997,20.752,30.36242,0.0,24.881264,1007.55005,6.7177696,12.387348
2023-04-15 18:30:00+00:00,38.601997,22.302,30.920753,0.0,26.87082,1006.75415,9.401469,18.782204
2023-04-16 18:30:00+00:00,38.851997,22.402,31.039503,0.0,27.951574,1006.4084,9.07477,13.049689
2023-04-17 18:30:00+00:00,39.151997,25.602,32.48325,0.0,24.257591,1007.6082,12.703358,17.10284
2023-04-18 18:30:00+00:00,36.901997,24.402,29.468666,0.0,37.515568,1005.675,10.124621,21.758419
2023-04-19 18:30:00+00:00,34.351997,23.052,27.647833,0.0,47.263332,1002.82495,9.305131,17.654686
2023-04-20 18:30:00+00:00,34.552,21.552,27.893661,0.0,39.023647,1003.63745,7.278534,14.336861
2023-04-21 18:30:00+00:00,34.752,20.502,27.958254,0.0,28.432295,1004.56256,9.019888,15.646544
2023-04-22 18:30:00+00:00,32.601997,21.152,26.23533,0.0,28.360374,1006.58746,11.842187,19.64558
2023-04-23 18:30:00+00:00,30.952,19.102,25.152002,0.0,37.569546,1010.25836,8.684429,17.227419
2023-04-24 18:30:00+00:00,32.302,19.152,25.989504,0.0,40.83866,1011.3791,7.1185308,11.988594
2023-04-25 18:30:00+00:00,34.552,20.052,28.168665,0.0,33.99986,1008.0208,6.1881375,9.83268
2023-04-26 18:30:00+00:00,34.252,20.802,27.962416,0.0,35.194447,1007.6916,8.986968,28.835976
2023-04-27 18:30:00+00:00,33.052,22.702,27.481169,0.1,38.71271,1008.66254,6.4165244,14.386494
2023-04-28 18:30:00+00:00,30.852,22.302,26.274918,0.90000004,49.65864,1007.8125,8.700713,17.58481
2023-04-29 18:30:00+00:00,30.502,21.202,25.47908,0.0,53.450962,1006.86664,7.7921166,14.458382
2023-04-30 18:30:00+00:00,28.402,20.302,23.102003,1.7,72.270454,1007.2541,7.7692695,14.84318
2023-05-01 18:30:00+00:00,29.352,19.252,23.12075,8.7,77.44707,1008.8667,7.467279,21.26744
2023-05-02 18:30:00+00:00,28.402,19.402,23.077002,1.6,77.201355,1010.2417,7.8839173,19.05281
2023-05-03 18:30:00+00:00,30.252,18.302,24.308252,0.0,71.35073,1009.5666,4.3126545,8.707238
2023-05-04 18:30:00+00:00,31.202,20.702,26.33325,0.3,56.245285,1007.89996,7.049315,11.298495
2023-05-05 18:30:00+00:00,35.401997,21.502,27.856165,0.0,47.734844,1005.87506,8.670781,19.483284
2023-05-06 18:30:00+00:00,37.651997,21.802,29.1145,0.0,40.48607,1004.6624,9.3005495,14.277983
2023-05-07 18:30:00+00:00,37.252,24.002,29.222832,0.0,41.174976,1003.97925,9.330271,15.745627
2023-05-08 18:30:00+00:00,36.802,19.852,29.087416,0.0,35.167988,1006.47095,11.365092,18.472595
2023-05-09 18:30:00+00:00,36.202,21.452,29.222834,0.0,23.495565,1006.2332,12.193455,20.08916
2023-05-10 18:30:00+00:00,38.252,22.102,30.43117,0.0,24.572416,1006.5791,6.987549,14.113652
2023-05-11 18:30:00+00:00,41.752,22.102,32.172832,0.0,26.306656,1005.0374,8.081653,17.377226
2023-05-12 18:30:00+00:00,40.952,23.452,31.891584,0.0,28.2064,1004.17096,8.608178,12.959999
2023-05-13 18:30:00+00:00,39.452,25.502,32.214504,0.0,27.995462,1001.6792,11.066425,21.710716
2023-05-14 18:30:00+00:00,40.552,25.802,33.056164,0.0,25.50054,1001.00836,8.971925,14.759999
2023-05-15 18:30:00+00:00,37.052,27.252,31.76867,0.5,31.579214,1003.44995,12.853101,23.132626
2023-05-16 18:30:00+00:00,39.601997,25.602,32.2895,0.0,30.068804,1004.79156,12.655014,19.13426
2023-05-17 18:30:00+00:00,37.401997,24.002,31.047838,0.0,38.44206,1008.1958,11.896333,20.008356
2023-05-18 18:30:00+00:00,37.901997,25.652,31.841589,0.0,33.87889,1005.8958,15.039582,21.178896
2023-05-19 18:30:00+00:00,40.101997,25.402,32.695747,0.0,27.073868,1003.6375,11.847207,22.45315
2023-05-20 18:30:00+00:00,42.252,26.252,34.145752,0.0,22.3445,1003.61237,12.81261,25.277023
2023-05-21 18:30:00+00:00,41.901997,28.902,35.451996,0.0,22.46792,1004.25836,16.857,27.169865
2023-05-22 18:30:00+00:00,43.401997,27.802,34.927,0.2,29.73701,1004.4541,17.600256,28.220417
2023-05-23 18:30:00+00:00,36.802,26.602,31.012413,0.0,45.74911,1004.7,10.611375,19.586119
2023-05-24 18:30:00+00:00,34.101997,23.702,28.051996,2.9,60.948772,1004.95844,8.258685,18.1041
2023-05-25 18:30:00+00:00,34.552,22.352,28.189499,0.0,58.104496,1005.625,6.2195067,13.722565
2023-05-26 18:30:00+00:00,33.601997,21.152,27.531172,5.6,62.08266,1005.4041,11.008569,26.712873
2023-05-27 18:30:00+00:00,35.302,22.352,28.327002,0.6,62.289127,1006.1125,6.347744,21.370783
2023-05-28 18:30:00+00:00,32.901997,21.902,27.566582,2.0,64.919106,1007.93744,7.534101,13.684735
2023-05-29 18:30:00+00:00,34.651997,22.802,27.543669,13.700001,65.88835,1007.8958,7.2164474,19.813087
2023-05-30 18:30:00+00:00,31.602,21.202,25.18325,1.3,72.77293,1007.1667,11.01041,22.401142
2023-05-31 18:30:00+00:00,33.651997,20.702,27.022833,0.7,61.74658,1006.3791,6.8927026,16.299694
2023-06-01 18:30:00+00:00,33.302,21.552,27.654083,6.3,58.868336,1005.7292,8.208789,28.503725
2023-06-02 18:30:00+00:00,35.151997,23.402,29.581163,0.0,52.33278,1005.3833,7.166414,11.503113
2023-06-03 18:30:00+00:00,35.702,24.502,29.22075,0.0,57.8203,1005.1248,11.090691,13.450708
2023-06-04 18:30:00+00:00,36.752,25.402,30.7145,0.0,49.569977,1003.75006,12.8315115,22.366402
2023-06-05 18:30:00+00:00,38.002,24.202,31.245752,0.1,44.211254,1003.22925,9.264247,17.057314
2023-06-06 18:30:00+00:00,38.151997,25.352,31.68325,0.0,38.288097,1003.2334,10.926026,18.391737
2023-06-07 18:30:00+00:00,39.252,25.352,32.397835,0.0,37.269497,1002.5,9.307205,20.188908
2023-06-08 18:30:00+00:00,39.601997,26.652,33.729084,0.0,36.875134,999.57916,14.526455,26.980793
2023-06-09 18:30:00+00:00,39.151997,27.002,34.199917,0.2,37.653484,998.49164,14.7306595,25.420181
2023-06-10 18:30:00+00:00,39.452,28.102,33.53742,0.0,43.664158,998.6501,13.536349,19.803272
2023-06-11 18:30:00+00:00,40.851997,29.152,34.510334,0.0,43.72345,998.1209,14.367588,25.952478
2023-06-12 18:30:00+00:00,41.601997,31.302,36.274914,0.0,32.29839,997.9209,20.939398,28.220417
2023-06-13 18:30:00+00:00,39.851997,31.152,35.824913,0.0,36.205883,998.97076,20.78861,26.903828
2023-06-14 18:30:00+00:00,37.151997,30.402,33.183247,0.6,47.395718,1000.5125,17.48512,28.220417
2023-06-15 18:30:00+00:00,36.851997,28.102,32.012417,1.6000001,53.580994,1000.6875,12.104412,24.490587
2023-06-16 18:30:00+00:00,37.901997,26.552,31.84992,1.0,59.587555,1000.4875,9.454389,13.32
2023-06-17 18:30:00+00:00,38.202,28.152,31.904078,0.7,58.5999,1000.10834,8.965467,15.778518
2023-06-18 18:30:00+00:00,33.101997,26.952,29.189505,3.8000002,73.25402,998.8584,10.568569,15.745627
2023-06-19 18:30:00+00:00,35.401997,25.302,29.88325,29.600002,72.19544,999.0249,10.624055,19.829433
2023-06-20 18:30:00+00:00,35.252,25.852,29.164503,5.9,78.38619,1000.2625,6.695429,18.129137
2023-06-21 18:30:00+00:00,35.802,27.402,31.262415,3.9999998,71.19593,1000.13336,7.9565034,17.0763
2023-06-22 18:30:00+00:00,35.002,28.302,31.435333,2.7,72.14657,999.9375,7.064285,11.681987
2023-06-23 18:30:00+00:00,35.502,28.252,31.689499,9.1,70.96679,999.05005,6.2602177,10.823973
2023-06-24 18:30:00+00:00,31.452,26.202,28.329084,5.2,83.55669,1000.50836,7.1138997,16.055355
2023-06-25 18:30:00+00:00,32.651997,24.802,28.199915,12.5,82.18287,1001.3083,4.836186,16.199999
2023-06-26 18:30:00+00:00,33.952,25.202,29.047834,3.1999998,79.37812,1000.41254,5.898901,13.891522
2023-06-27 18:30:00+00:00,34.052,25.952,29.31867,5.9999995,79.690956,1001.5959,7.091291,12.245294
2023-06-28 18:30:00+00:00,32.202,26.452,28.735329,9.700001,81.830986,1000.7417,8.32791,18.25026
2023-06-29 18:30:00+00:00,34.101997,24.552,28.639502,15.300001,82.089966,999.4583,8.882125,14.4
2023-06-30 18:30:00+00:00,34.151997,25.752,29.5395,1.0,76.8696,999.9583,8.8266735,12.7279215
2023-07-01 18:30:00+00:00,36.101997,26.202,30.772835,0.6,73.73396,1000.6375,6.3327923,10.483357
2023-07-02 18:30:00+00:00,36.752,26.702,31.722832,0.1,68.6796,1000.08344,8.139612,14.05845
2023-07-03 18:30:00+00:00,36.552,26.802,30.70825,2.4,76.38824,998.5459,6.6975727,11.659777
2023-07-04 18:30:00+00:00,33.302,25.052,28.908255,6.2999997,83.567184,998.87506,8.067967,15.725037
2023-07-05 18:30:00+00:00,32.851997,26.302,28.906166,2.5,78.71604,1000.7166,8.514258,14.205182
2023-07-06 18:30:00+00:00,33.151997,25.102,28.599916,3.0,82.27116,1001.4375,7.620786,12.429127
2023-07-07 18:30:00+00:00,29.752,26.052,27.374914,17.000002,91.056435,1001.51245,8.802748,15.111424
2023-07-08 18:30:00+00:00,31.152,25.152,27.272835,12.3,90.40939,1000.8625,8.413833,13.358861
2023-07-09 18:30:00+00:00,31.002,25.702,27.389498,12.5,90.64938,1000.8918,6.1753983,12.429127
2023-07-10 18:30:00+00:00,33.252,25.702,28.670752,4.8999996,84.91152,1000.69977,5.206308,10.144082
2023-07-11 18:30:00+00:00,33.752,26.302,29.23117,2.1999998,83.233246,1000.2751,6.737578,25.323128
2023-07-12 18:30:00+00:00,33.651997,26.102,29.497831,1.0,82.30575,1000.4958,7.181254,13.979871
2023-07-13 18:30:00+00:00,33.851997,25.752,28.852,2.5,82.96306,1001.58344,5.2521863,9.693296
2023-07-14 18:30:00+00:00,33.502,26.652,28.691584,15.999998,86.050026,1001.1792,6.0789356,12.7279215
2023-07-15 18:30:00+00:00,33.651997,25.452,28.714502,27.2,86.04981,1001.17505,4.8685865,10.24578
2023-07-16 18:30:00+00:00,33.502,26.302,28.904085,9.700001,84.58451,1000.2458,4.307117,11.367109
2023-07-17 18:30:00+00:00,32.702,26.552,28.543669,10.600001,85.9251,1000.0708,7.61457,12.984975
2023-07-18 18:30:00+00:00,32.552,26.402,28.63117,10.100001,86.316284,999.9541,8.243304,12.984975
2023-07-19 18:30:00+00:00,34.901997,26.902,30.427002,1.6,78.485176,999.64996,7.097095,17.114204
2023-07-20 18:30:00+00:00,35.452,26.052,30.779081,16.400002,75.85533,1001.25415,8.405749,16.203999
2023-07-21 18:30:00+00:00,34.702,27.502,31.272833,1.0,73.88069,1003.3835,13.867028,20.150354
2023-07-22 18:30:00+00:00,34.552,27.202,30.695747,4.3999996,73.7129,1003.48737,13.0409975,18.998314
2023-07-23 18:30:00+00:00,33.752,27.252,30.19575,5.5,78.20408,1001.52515,10.528202,16.055353
2023-07-24 18:30:00+00:00,34.052,25.402,29.068666,4.4999995,82.53712,1001.92926,8.152021,15.315873
2023-07-25 18:30:00+00:00,30.702,25.952,27.214495,20.300003,89.626335,1003.89594,6.40447,12.6462
2023-07-26 18:30:00+00:00,32.452,26.352,28.693666,12.800002,84.27624,1002.7041,5.8058934,10.703569
2023-07-27 18:30:00+00:00,32.552,26.302,28.168669,17.5,86.55677,1000.62933,5.8898044,14.685176
2023-07-28 18:30:00+00:00,32.302,25.202,27.874918,11.800001,85.28238,999.9707,6.383323,11.709688
2023-07-29 18:30:00+00:00,33.052,25.102,29.02283,0.5,77.8727,999.3542,10.394048,13.891522
2023-07-30 18:30:00+00:00,33.901997,25.952,29.86242,1.7,75.315056,998.88324,12.383613,16.311613
2023-07-31 18:30:00+00:00,34.252,27.502,30.537415,0.5,73.832756,997.87067,14.162963,19.0392
2023-08-01 18:30:00+00:00,35.202,26.852,30.433252,5.3999996,75.73702,998.33325,12.898463,17.709658
2023-08-02 18:30:00+00:00,34.002,26.552,29.4645,5.2999997,80.15708,998.7417,11.644753,20.87379
2023-08-03 18:30:00+00:00,32.452,26.052,28.85617,8.7,83.53973,1000.9041,7.259573,11.726277
2023-08-04 18:30:00+00:00,33.752,26.352,29.69575,8.4,80.85934,1002.1458,7.0499287,15.408671
2023-08-05 18:30:00+00:00,35.101997,27.902,30.937416,0.0,67.230156,999.41656,13.064559,18.709612
2023-08-06 18:30:00+00:00,34.601997,27.702,30.526999,0.2,64.65001,997.27094,15.952485,21.986542
2023-08-07 18:30:00+00:00,34.452,27.052,30.451996,0.0,66.180504,998.69165,16.136402,22.682856
2023-08-08 18:30:00+00:00,34.752,27.552,30.833258,0.0,62.530605,1002.1082,14.780457,20.418695
2023-08-09 18:30:00+00:00,34.002,27.552,30.224915,0.0,67.719185,1003.68335,11.207436,17.873556
2023-08-10 18:30:00+00:00,35.252,27.402,31.091585,0.0,62.55975,1003.44574,9.726907,16.394829
2023-08-11 18:30:00+00:00,35.252,28.202,31.424921,0.0,55.125736,1001.45416,14.802117,19.08
2023-08-12 18:30:00+00:00,35.252,28.102,31.066584,1.0,60.604187,999.56665,13.3232355,17.673029
2023-08-13 18:30:00+00:00,33.302,26.652,29.656172,0.0,65.67145,1003.14594,8.345723,13.708391
2023-08-14 18:30:00+00:00,34.952,25.452,29.514496,0.4,72.88582,1003.74994,5.5830555,8.225035
2023-08-15 18:30:00+00:00,36.002,26.302,31.177,0.1,63.91628,1003.19574,9.629949,15.408671
2023-08-16 18:30:00+00:00,35.901997,28.952,31.902002,0.0,57.8519,1002.61237,13.8534,20.696085
2023-08-17 18:30:00+00:00,36.452,28.502,31.83742,0.1,58.9386,1002.57495,10.883306,18.057508
2023-08-18 18:30:00+00:00,33.952,26.752,29.974916,5.4999995,76.71408,1003.1333,5.546839,9.693296
2023-08-19 18:30:00+00:00,35.052,28.152,31.324919,0.3,71.652916,1003.35834,8.721828,17.373497
2023-08-20 18:30:00+00:00,36.101997,27.502,31.989496,0.1,69.00051,1002.1917,4.5304275,10.1887
2023-08-21 18:30:00+00:00,37.101997,27.302,30.966581,18.3,74.22405,1000.5999,10.254386,15.256526
2023-08-22 18:30:00+00:00,30.702,26.552,27.856165,17.000002,88.30738,1000.0584,9.096004,22.427162
2023-08-23 18:30:00+00:00,33.101997,26.002,29.154089,0.0,69.44856,999.325,10.918979,16.454008
2023-08-24 18:30:00+00:00,33.601997,25.602,29.829084,0.0,63.142044,999.5,12.338191,17.81909
2023-08-25 18:30:00+00:00,34.052,27.602,30.216583,0.1,59.93236,1001.25415,13.306333,18.486622
2023-08-26 18:30:00+00:00,34.452,27.052,30.306168,0.2,55.99109,1001.3291,16.075163,21.485697
2023-08-27 18:30:00+00:00,34.702,26.252,29.32075,2.8,62.92214,1001.27094,12.946225,20.12461
2023-08-28 18:30:00+00:00,34.702,26.152,30.262415,0.0,59.450058,1003.3291,11.270355,18.709612
2023-08-29 18:30:00+00:00,35.802,27.302,30.812416,0.0,57.199078,1004.925,11.264432,17.25373
2023-08-30 18:30:00+00:00,36.252,25.902,30.937418,0.0,58.970165,1005.4749,8.139733,12.475961
2023-08-31 18:30:00+00:00,36.802,26.602,31.610334,0.0,55.038006,1005.17084,9.188573,16.923828
2023-09-01 18:30:00+00:00,37.252,27.552,31.75825,0.0,50.058636,1003.97485,13.54106,21.794127
2023-09-02 18:30:00+00:00,36.351997,26.652,31.001999,0.0,52.779438,1003.03735,12.3626375,22.26477
2023-09-03 18:30:00+00:00,36.802,25.752,31.14367,0.0,50.072067,1002.38336,12.063705,18.03237
2023-09-04 18:30:00+00:00,35.552,25.902,30.012419,8.3,71.03454,1003.4334,7.1630187,15.2947035
2023-09-05 18:30:00+00:00,34.752,24.902,30.102003,1.1,69.37612,1004.51245,6.8106647,13.755579
2023-09-06 18:30:00+00:00,36.552,26.452,30.87075,0.0,64.363495,1003.85425,5.577785,10.587918
2023-09-07 18:30:00+00:00,35.502,25.452,29.991583,0.8,70.88175,1004.01245,9.292823,19.523155
2023-09-08 18:30:00+00:00,32.452,25.452,27.845749,2.2,80.127396,1003.31665,12.999401,24.967497
2023-09-09 18:30:00+00:00,30.152,24.402,26.295748,26.7,88.2063,1001.34985,11.332756,17.49615
2023-09-10 18:30:00+00:00,31.552,24.152,27.4645,1.4000001,82.46928,1001.7375,9.265227,16.575644
2023-09-11 18:30:00+00:00,33.052,24.302,28.270752,0.0,81.107445,1002.34576,5.1636434,11.298495
2023-09-12 18:30:00+00:00,33.452,25.902,29.466578,3.8,80.60398,1002.34174,5.447024,12.88981
2023-09-13 18:30:00+00:00,33.202,26.152,29.208244,3.8,82.41799,1003.71265,7.9847617,18.59845
2023-09-14 18:30:00+00:00,32.252,25.452,28.337418,7.6,85.982544,1004.7041,6.592024,17.447933
2023-09-15 18:30:00+00:00,31.702,26.402,28.043665,12.7,85.61774,1003.78735,14.266296,25.812277
2023-09-16 18:30:00+00:00,30.702,25.852,27.979082,5.1000004,81.46815,1001.97504,16.647041,26.111792
2023-09-17 18:30:00+00:00,31.402,24.652,27.541582,2.6,77.56662,1003.1584,15.270064,24.195107
2023-09-18 18:30:00+00:00,33.401997,24.252,28.535332,0.0,77.0496,1005.5793,7.8270907,11.753876
2023-09-19 18:30:00+00:00,33.651997,25.302,29.69575,0.0,73.29275,1005.94165,4.5174146,10.587917
2023-09-20 18:30:00+00:00,33.401997,26.502,29.124918,4.6,78.99856,1005.40826,5.494629,11.808878
2023-09-21 18:30:00+00:00,33.901997,25.652,29.560335,0.2,75.729355,1005.43744,5.8242145,10.739833
2023-09-22 18:30:00+00:00,33.552,25.352,28.860336,0.5,78.90184,1006.15826,5.3819947,12.738099
2023-09-23 18:30:00+00:00,33.702,25.052,28.358252,0.8000001,76.61944,1005.92084,8.565349,19.694992
2023-09-24 18:30:00+00:00,34.002,25.052,29.047836,0.0,73.617645,1006.1125,4.843587,8.647496
2023-09-25 18:30:00+00:00,33.651997,25.352,28.8395,3.3,74.26919,1007.20416,5.4763694,11.304229
2023-09-26 18:30:00+00:00,34.052,24.452,28.583252,0.0,59.39836,1007.0583,9.103782,13.363711
2023-09-27 18:30:00+00:00,33.851997,21.552,27.226997,0.0,57.021652,1006.675,8.446609,11.620809
2023-09-28 18:30:00+00:00,34.351997,20.902,27.581167,0.0,53.741215,1006.48334,7.4329915,12.074766
2023-09-29 18:30:00+00:00,35.252,22.002,28.410334,0.0,50.51498,1006.3293,11.342977,17.654688
2023-09-30 18:30:00+00:00,35.002,22.102,28.191582,0.0,47.41592,1005.84576,12.172822,18.892282
2023-10-01 18:30:00+00:00,34.601997,21.002,27.510332,0.0,37.590076,1006.81665,11.452663,18.0
2023-10-02 18:30:00+00:00,34.151997,21.502,27.256166,0.0,35.66894,1007.5959,12.769811,21.437386
2023-10-03 18:30:00+00:00,34.151997,20.552,27.08533,0.0,47.2934,1007.75433,11.967274,20.288164
2023-10-04 18:30:00+00:00,34.952,20.352,26.958252,0.0,46.945637,1007.0459,9.893724,16.039202
2023-10-05 18:30:00+00:00,36.052,21.002,27.916582,0.0,46.111145,1005.80005,9.489812,15.856354
2023-10-06 18:30:00+00:00,35.502,22.802,28.872835,0.0,55.20369,1006.99994,9.4568205,13.684735
2023-10-07 18:30:00+00:00,35.802,24.202,29.82908,0.0,52.592808,1007.6418,10.680435,15.315873
2023-10-08 18:30:00+00:00,35.601997,25.752,30.027,0.0,48.263275,1008.446,11.643331,15.815435
2023-10-09 18:30:00+00:00,34.052,24.902,28.808252,1.1,50.82962,1009.425,9.448394,15.072783
2023-10-10 18:30:00+00:00,33.851997,22.302,27.32283,0.0,54.159866,1010.446,11.163574,15.990646
2023-10-11 18:30:00+00:00,33.752,19.952,26.383255,0.0,50.29042,1011.7918,7.5566955,12.181624
2023-10-12 18:30:00+00:00,35.202,21.452,27.845749,0.0,52.211456,1012.32513,5.8190193,13.493999
2023-10-13 18:30:00+00:00,35.202,22.702,28.685331,0.0,48.611145,1011.50006,6.0855737,13.217443
2023-10-14 18:30:00+00:00,33.651997,21.952,27.704084,0.0,48.705288,1009.50415,6.9936986,13.5515
2023-10-15 18:30:00+00:00,30.202,19.502,24.999914,8.6,65.04029,1011.25397,10.703246,23.4
2023-10-16 18:30:00+00:00,28.552,18.702,22.32075,2.6,72.75692,1014.846,6.928433,14.186923
2023-10-17 18:30:00+00:00,28.752,17.802,22.741585,0.0,66.42339,1015.3584,10.540219,13.276144
2023-10-18 18:30:00+00:00,28.652,18.002,22.508253,0.0,61.111847,1015.06665,9.448546,12.783802
2023-10-19 18:30:00+00:00,29.452,17.452,22.979086,0.0,62.787228,1015.36255,6.47213,9.387651
2023-10-20 18:30:00+00:00,29.702,17.552,23.141586,0.0,61.29051,1015.66254,5.882332,10.483357
2023-10-21 18:30:00+00:00,30.302,18.502,23.63117,0.0,58.172825,1016.05,5.955841,10.1887
2023-10-22 18:30:00+00:00,29.502,18.102,23.358255,0.0,65.01437,1014.7209,7.79549,10.028439
2023-10-23 18:30:00+00:00,30.202,18.352,23.566584,0.0,59.886898,1013.92505,8.4271,10.30883
2023-10-24 18:30:00+00:00,30.152,18.002,23.537416,0.0,57.524677,1014.74164,9.926652,14.529915
2023-10-25 18:30:00+00:00,30.052,17.852,23.172834,0.0,55.070404,1014.38336,9.253297,12.57426
2023-10-26 18:30:00+00:00,30.352,17.552,23.135332,0.0,49.999462,1013.5124,8.564832,11.620809
2023-10-27 18:30:00+00:00,30.202,19.552,24.147833,0.0,49.554646,1013.6082,4.9830956,10.086427
2023-10-28 18:30:00+00:00,31.352,19.552,24.260336,0.0,54.803272,1013.6208,4.6994023,9.904906
2023-10-29 18:30:00+00:00,32.151997,18.502,24.052002,0.0,63.598526,1014.30414,6.7549872,12.55879
2023-10-30 18:30:00+00:00,30.952,18.702,24.512415,0.0,64.60048,1015.69586,6.004387,9.255571
2023-10-31 18:30:00+00:00,30.852,19.052,24.239502,0.0,65.650024,1016.2959,6.2966447,10.009036
2023-11-01 18:30:00+00:00,30.502,18.952,24.4145,0.0,61.90503,1014.56647,6.687158,10.495713
2023-11-02 18:30:00+00:00,28.302,18.252,22.8395,0.1,68.60941,1012.5125,8.570621,21.028437
2023-11-03 18:30:00+00:00,30.202,16.452,22.737417,0.0,64.1421,1012.75415,6.6685433,16.08761
2023-11-04 18:30:00+00:00,30.302,17.402,22.881166,0.0,61.564835,1014.17914,7.508982,10.703569
2023-11-05 18:30:00+00:00,29.452,17.802,23.306168,0.0,57.24161,1015.71246,4.9011607,8.905908
2023-11-06 18:30:00+00:00,31.002,17.052,22.981165,0.0,60.977768,1014.8958,6.266972,10.44
2023-11-07 18:30:00+00:00,29.252,17.502,23.010338,0.0,61.941166,1013.95416,6.0664387,11.681987
2023-11-08 18:30:00+00:00,30.202,17.152,22.866585,0.0,62.003693,1013.9292,7.4218163,13.039754
2023-11-09 18:30:00+00:00,27.502,16.702,20.933249,5.4,74.19147,1016.1167,8.296077,19.107151
2023-11-10 18:30:00+00:00,25.452,15.302,19.520752,0.0,75.70369,1018.0417,8.819041,11.709688
2023-11-11 18:30:00+00:00,25.102,14.652,19.176998,0.0,71.59544,1018.3208,8.878133,11.631956
2023-11-12 18:30:00+00:00,25.652,14.452,19.597834,0.0,70.30697,1018.125,6.6602798,9.504272
2023-11-13 18:30:00+00:00,25.302,15.752,19.541586,0.0,68.03184,1017.6375,6.3938465,8.913181
2023-11-14 18:30:00+00:00,25.402,14.052,19.031168,0.0,67.91755,1017.3999,8.12373,11.113451
2023-11-15 18:30:00+00:00,25.952,13.802,19.712418,0.0,68.77158,1018.1333,5.2740088,8.714677
2023-11-16 18:30:00+00:00,26.252,14.702,20.458252,0.0,68.766045,1017.8208,4.8574486,8.557102
2023-11-17 18:30:00+00:00,25.752,14.852,19.670748,0.0,70.5472,1016.30835,6.289346,9.255571
2023-11-18 18:30:00+00:00,25.502,14.202,19.741585,0.0,67.74612,1017.20825,5.0537176,9.114471
2023-11-19 18:30:00+00:00,25.752,13.902,19.29992,0.0,67.787605,1017.6082,6.259298,10.495713
2023-11-20 18:30:00+00:00,25.202,14.702,19.274918,0.0,67.06448,1016.63336,10.442258,15.484185
2023-11-21 18:30:00+00:00,24.652,13.402,18.081167,0.0,65.160805,1014.60834,10.082784,13.084402
2023-11-22 18:30:00+00:00,24.552,11.952,18.135336,0.0,68.04893,1014.1418,4.928986,9.6932955
2023-11-23 18:30:00+00:00,25.052,13.602,18.677,0.0,70.97445,1016.1416,4.4316087,7.729527
2023-11-24 18:30:00+00:00,24.902,13.002,18.218668,0.0,72.88028,1017.2043,6.488749,9.585739
2023-11-25 18:30:00+00:00,25.052,13.652,19.131168,0.0,70.28092,1017.7207,6.345917,9.028754
2023-11-26 18:30:00+00:00,23.952,15.002,18.402002,7.0999994,77.094734,1015.5916,8.504067,19.469976
2023-11-27 18:30:00+00:00,21.402,14.052,17.38325,5.7999997,88.63958,1015.5,6.02105,9.605998
2023-11-28 18:30:00+00:00,24.102,13.852,18.683249,0.1,81.750885,1015.6875,4.8313003,9.0
2023-11-29 18:30:00+00:00,22.452,13.952,18.279085,0.2,83.22943,1016.63336,7.074391,13.783817
2023-11-30 18:30:00+00:00,23.552,15.052,18.662416,0.4,83.83686,1017.1291,6.079017,9.021574
2023-12-01 18:30:00+00:00,24.302,14.652,18.652,0.0,78.723076,1017.35846,6.8915215,8.913181
2023-12-02 18:30:00+00:00,24.652,12.752,18.518667,2.9,75.13595,1017.6458,5.7661424,9.387651
2023-12-03 18:30:00+00:00,22.702,14.452,17.779085,0.0,74.369514,1016.4458,7.805803,11.183201
2023-12-04 18:30:00+00:00,22.852,12.352,16.916584,0.0,72.49463,1016.0835,8.488679,11.792404
2023-12-05 18:30:00+00:00,23.102,12.052,16.70825,0.0,73.674324,1016.6707,7.845095,14.291592
2023-12-06 18:30:00+00:00,23.802,12.752,17.318665,0.0,74.97114,1015.97504,8.268764,9.931042
2023-12-07 18:30:00+00:00,23.702,12.002,16.879084,0.0,73.525475,1015.51666,9.13519,12.538134
2023-12-08 18:30:00+00:00,23.352,11.702,16.420752,0.0,70.881294,1016.51666,9.701946,12.738099
2023-12-09 18:30:00+00:00,22.202,10.702,15.624915,0.0,69.366035,1014.89996,11.093295,17.0763
2023-12-10 18:30:00+00:00,22.352,8.852,15.3603325,0.0,71.71635,1015.41254,5.349981,9.0
2023-12-11 18:30:00+00:00,22.502,10.902,16.210333,0.0,69.45929,1014.5501,5.758587,10.829958
2023-12-12 18:30:00+00:00,23.052,10.302,16.193668,0.0,68.175934,1016.31256,5.024915,8.766573
2023-12-13 18:30:00+00:00,22.052,10.352,15.062416,0.0,70.61805,1017.4666,9.530369,13.779114
2023-12-14 18:30:00+00:00,22.352,8.852,14.706165,0.0,73.244576,1018.60406,5.5944715,8.707238
2023-12-15 18:30:00+00:00,22.552,9.002,14.991582,0.0,67.0506,1017.2541,5.925223,10.086427
2023-12-16 18:30:00+00:00,22.652,11.402,15.987416,0.0,61.232265,1018.2417,6.7695336,12.181625
2023-12-17 18:30:00+00:00,20.852,10.302,14.756167,0.0,66.794,1020.07074,12.963814,18.391737
2023-12-18 18:30:00+00:00,21.102,9.552,14.472835,0.0,62.994556,1020.15826,13.50518,16.87398
2023-12-19 18:30:00+00:00,20.102,8.852,14.170753,0.0,65.6811,1019.83344,9.957259,13.202726
2023-12-20 18:30:00+00:00,21.202,9.502,14.639501,0.0,69.48339,1018.04987,10.328999,12.984975
2023-12-21 18:30:00+00:00,21.202,8.802,14.274918,0.0,75.64604,1017.60834,6.390066,10.1887
2023-12-22 18:30:00+00:00,21.252,11.102,15.858251,0.3,75.40477,1019.70013,6.1263103,11.966954
2023-12-23 18:30:00+00:00,22.302,10.002,15.777001,0.0,77.74955,1021.1167,4.222344,8.913181
2023-12-24 18:30:00+00:00,22.852,11.252,15.727001,0.0,78.41686,1019.36676,8.1436205,10.8955765
2023-12-25 18:30:00+00:00,23.052,10.752,15.531167,0.0,76.21438,1019.05005,7.1824374,9.659814
2023-12-26 18:30:00+00:00,21.752,9.202,14.779082,0.0,80.381096,1020.2166,6.8769307,10.1887
2023-12-27 18:30:00+00:00,21.052,10.502,14.2145,0.0,84.72973,1019.08325,7.0438285,10.464797
2023-12-28 18:30:00+00:00,19.102,8.152,13.622836,0.0,86.37693,1019.72906,2.9361122,5.0142193
2023-12-29 18:30:00+00:00,18.052,8.852,12.824917,0.0,89.98886,1018.74176,3.7559798,8.647496
2023-12-30 18:30:00+00:00,18.152,9.502,12.902,0.0,85.31043,1018.5708,4.1280894,7.2
2023-12-31 18:30:00+00:00,16.402,6.152,10.674916,0.0,86.175995,1018.9209,5.5042877,8.707237
2024-01-01 18:30:00+00:00,15.402,5.702,9.274918,0.0,86.51758,1018.5,6.0755506,8.699793
2024-01-02 18:30:00+00:00,16.152,4.702,9.781167,0.0,87.09663,1018.1001,5.635571,10.799999
2024-01-03 18:30:00+00:00,17.152,5.752,11.154083,0.0,84.623825,1018.14166,7.607237,9.504272
2024-01-04 18:30:00+00:00,16.802,8.152,11.777001,0.1,85.816315,1018.29584,5.6517463,8.311245
2024-01-05 18:30:00+00:00,16.602,6.702,11.556167,0.0,81.378365,1019.65845,5.3504148,8.435069
2024-01-06 18:30:00+00:00,16.552,5.952,10.447833,0.0,82.43502,1020.3376,5.111402,7.42159
2024-01-07 18:30:00+00:00,18.002,6.402,11.210334,0.0,85.38468,1019.92505,5.307538,8.707237
2024-01-08 18:30:00+00:00,17.902,6.802,11.066586,0.0,87.25039,1020.1167,9.384193,13.202726
2024-01-09 18:30:00+00:00,15.552,5.402,9.379084,0.0,85.48824,1019.1917,12.685061,15.990646
2024-01-10 18:30:00+00:00,16.052,5.902,9.8145,0.0,86.59272,1019.5501,9.557108,13.684735
2024-01-11 18:30:00+00:00,18.452,6.752,11.00825,0.0,82.322365,1018.34155,9.177676,12.144331
2024-01-12 18:30:00+00:00,17.752,5.202,10.460334,0.0,86.712006,1017.46265,4.8681083,9.255571
2024-01-13 18:30:00+00:00,18.502,5.752,10.8895,0.0,82.11283,1017.6001,6.5902085,9.826088
2024-01-14 18:30:00+00:00,16.952,6.002,9.783249,0.0,83.08967,1017.35425,8.533921,11.592894
2024-01-15 18:30:00+00:00,17.952,4.552,10.426999,0.0,81.789986,1015.0125,5.440733,10.823973
2024-01-16 18:30:00+00:00,17.152,5.002,9.524917,0.0,87.94918,1015.2708,7.434263,10.805999
2024-01-17 18:30:00+00:00,16.552,5.802,10.529083,0.0,88.78933,1017.45416,3.8239567,9.449572
2024-01-18 18:30:00+00:00,16.202,6.402,10.051999,0.0,90.566925,1018.89166,6.0582924,10.594036
2024-01-19 18:30:00+00:00,15.752,4.402,9.414499,0.0,89.14399,1019.44586,5.227512,10.24578
2024-01-20 18:30:00+00:00,16.202,6.102,9.704083,0.0,89.33607,1018.7957,9.399732,13.513193
2024-01-21 18:30:00+00:00,15.952,4.952,9.301998,0.0,90.21999,1019.7459,5.153875,9.449572
2024-01-22 18:30:00+00:00,18.352,5.852,11.377,0.0,89.39677,1018.7917,5.0170655,7.928178
2024-01-23 18:30:00+00:00,18.152,7.702,11.797835,0.1,85.60941,1018.70844,5.8723636,8.39657
2024-01-24 18:30:00+00:00,17.252,6.752,10.635333,0.0,87.60331,1021.0291,5.1309357,9.793059
2024-01-25 18:30:00+00:00,18.452,6.052,11.920751,0.0,86.57574,1021.39166,4.201331,8.209263
2024-01-26 18:30:00+00:00,20.752,8.102,13.191585,0.0,73.65519,1019.7083,10.093625,14.113653
2024-01-27 18:30:00+00:00,20.552,8.252,14.081168,0.0,80.56226,1017.95825,6.586535,11.570515
2024-01-28 18:30:00+00:00,20.952,9.302,14.591583,0.0,87.16282,1017.86255,6.171084,8.534353
2024-01-29 18:30:00+00:00,20.352,10.752,14.812417,0.0,89.274376,1017.08344,5.7966065,9.360001
2024-01-30 18:30:00+00:00,20.702,10.452,14.689502,5.7,92.619545,1015.86664,7.1002564,11.27553
2024-01-31 18:30:00+00:00,21.502,12.202,15.574917,1.9,87.93374,1015.87915,10.0376215,15.021105
2024-02-01 18:30:00+00:00,19.352,11.052,13.829083,0.0,84.87567,1019.48755,8.874095,13.004922
2024-02-02 18:30:00+00:00,21.502,9.102,14.810333,0.0,68.0744,1017.96246,8.680524,15.876775
2024-02-03 18:30:00+00:00,19.952,12.202,15.993668,10.200002,85.05524,1016.2791,7.214333,12.682018
2024-02-04 18:30:00+00:00,19.952,10.752,15.345752,1.4000001,83.357735,1017.5791,8.992258,13.202726
2024-02-05 18:30:00+00:00,18.702,8.052,12.581165,0.0,74.50712,1019.8542,10.338129,12.984975
2024-02-06 18:30:00+00:00,18.452,9.352,12.929082,0.0,66.33178,1020.5916,13.730554,20.898613
2024-02-07 18:30:00+00:00,19.202,8.552,13.324918,0.0,62.364594,1019.20416,18.825802,27.534704
2024-02-08 18:30:00+00:00,20.602,8.602,13.7040825,0.0,61.229168,1019.16675,9.652001,14.917212
2024-02-09 18:30:00+00:00,20.102,7.502,14.077,0.0,69.57987,1021.3916,5.8898654,9.178235
2024-02-10 18:30:00+00:00,21.002,9.452,14.499916,0.0,76.556725,1020.8457,8.987016,11.269782
2024-02-11 18:30:00+00:00,20.752,9.252,14.656169,0.0,74.40889,1019.71674,7.5694084,10.948973
2024-02-12 18:30:00+00:00,20.652,9.352,15.116582,0.0,73.47445,1018.85443,5.674311,8.311245
2024-02-13 18:30:00+00:00,22.152,11.502,16.102001,0.0,73.91727,1018.6916,10.548791,14.76439
2024-02-14 18:30:00+00:00,23.002,10.802,15.98325,0.0,73.33696,1019.6416,9.257009,11.384198
2024-02-15 18:30:00+00:00,23.502,10.052,15.9228325,0.0,67.47138,1019.89996,8.228838,10.630672
2024-02-16 18:30:00+00:00,24.252,9.902,16.299917,0.0,64.532684,1015.35425,9.131177,13.202726
2024-02-17 18:30:00+00:00,25.752,11.202,18.045752,0.0,64.20804,1012.24567,8.021872,12.7279215
2024-02-18 18:30:00+00:00,26.002,13.152,19.02075,0.0,70.33068,1010.3665,14.067426,22.45315
2024-02-19 18:30:00+00:00,26.752,14.302,19.624916,0.1,72.14473,1010.05005,6.4697404,12.594856
2024-02-20 18:30:00+00:00,25.202,13.052,18.343668,0.0,61.893524,1010.4292,9.136882,16.039202
2024-02-21 18:30:00+00:00,23.052,12.302,17.231167,0.70000005,55.949192,1013.3042,9.304893,15.905319
2024-02-22 18:30:00+00:00,21.902,8.952,15.597835,0.0,50.676514,1016.06665,9.175246,12.224107
2024-02-23 18:30:00+00:00,22.652,9.652,15.702001,0.1,53.19437,1016.2375,6.9290977,10.739833
2024-02-24 18:30:00+00:00,23.702,8.952,16.272837,0.0,50.35883,1018.19586,7.476063,11.212135
2024-02-25 18:30:00+00:00,23.352,11.802,17.506166,0.0,52.2809,1018.1335,4.529379,9.885262
2024-02-26 18:30:00+00:00,23.802,13.002,17.368666,2.1,54.970295,1017.6751,10.757392,16.981165
2024-02-27 18:30:00+00:00,23.252,11.702,17.112415,0.0,59.27454,1016.45013,13.692142,17.84816
2024-02-28 18:30:00+00:00,25.352,12.552,18.099918,0.0,61.532063,1014.86664,9.496558,12.88981
2024-02-29 18:30:00+00:00,25.452,13.152,18.943666,0.8,67.59317,1013.76245,8.214517,16.73516
2024-03-01 18:30:00+00:00,24.152,17.002,19.3895,9.4,78.858696,1011.0376,16.562765,29.76484
2024-03-02 18:30:00+00:00,22.452,12.952,17.497835,2.1,64.807526,1011.925,9.554446,16.135872
2024-03-03 18:30:00+00:00,21.702,11.052,15.795751,0.0,62.747395,1016.2583,10.074042,13.450708
2024-03-04 18:30:00+00:00,21.002,9.302,15.010333,0.0,52.388767,1017.52496,12.741359,14.512064
2024-03-05 18:30:00+00:00,20.452,10.102,15.03325,1.2,56.927853,1015.74585,9.257041,13.755579
2024-03-06 18:30:00+00:00,24.102,10.552,17.099916,0.0,57.363052,1014.86664,8.454207,12.475961
2024-03-07 18:30:00+00:00,25.002,12.302,18.102001,0.0,53.26044,1015.65826,10.299559,13.661038
2024-03-08 18:30:00+00:00,24.802,12.102,17.654083,0.0,52.86176,1015.7209,11.729281,16.641972
2024-03-09 18:30:00+00:00,26.502,12.652,19.170752,0.0,51.033375,1015.03754,8.668308,10.296251
2024-03-10 18:30:00+00:00,28.252,16.402,21.989504,0.0,49.766033,1015.75836,6.9655356,11.631956
2024-03-11 18:30:00+00:00,28.652,15.202,21.94575,0.0,47.351604,1014.12067,10.005304,16.520823
2024-03-12 18:30:00+00:00,29.002,14.152,21.164501,0.0,54.155476,1011.6167,7.973681,21.767351
2024-03-13 18:30:00+00:00,28.502,14.352,21.399918,0.0,55.545666,1014.075,11.294234,17.811815
2024-03-14 18:30:00+00:00,26.552,15.052,20.229084,0.0,43.131943,1013.93756,13.889557,17.339897
2024-03-15 18:30:00+00:00,26.852,14.102,19.6395,0.0,44.790142,1015.575,8.465323,12.979984
2024-03-16 18:30:00+00:00,27.952,13.302,20.297832,0.0,47.93088,1015.05835,9.1009,12.864649
2024-03-17 18:30:00+00:00,28.002,13.902,20.677,0.0,50.292088,1013.44574,10.004412,12.475961
2024-03-18 18:30:00+00:00,29.202,14.452,21.418669,0.0,45.553898,1012.8416,8.378319,18.35647
2024-03-19 18:30:00+00:00,30.752,14.652,22.38325,0.0,47.26604,1013.075,8.158019,13.584932
2024-03-20 18:30:00+00:00,28.152,15.752,21.793669,0.0,59.5894,1012.8416,10.162373,13.779114
2024-03-21 18:30:00+00:00,30.902,16.702,23.512419,0.0,59.38313,1009.35004,8.040916,11.384198
2024-03-22 18:30:00+00:00,32.702,17.952,25.141584,0.0,48.425556,1008.1291,11.028083,16.87398
2024-03-23 18:30:00+00:00,30.552,18.252,24.166582,0.0,48.140057,1010.4167,11.502118,28.883131
2024-03-24 18:30:00+00:00,31.552,18.202,24.420748,0.0,51.381176,1012.1457,11.139241,18.947083
2024-03-25 18:30:00+00:00,33.052,18.302,25.695753,0.0,45.979107,1011.08746,8.761376,13.755579
2024-03-26 18:30:00+00:00,35.202,20.702,27.733248,0.0,44.104477,1012.50415,6.6427383,12.682018
2024-03-27 18:30:00+00:00,36.002,21.802,28.374914,0.0,43.643505,1009.7415,7.5040355,13.849476
2024-03-28 18:30:00+00:00,35.302,21.152,27.454086,1.4,49.77322,1008.9792,8.332392,14.336861
2024-03-29 18:30:00+00:00,33.601997,22.652,27.387415,0.0,43.629955,1009.38745,11.06154,24.269983
2024-03-30 18:30:00+00:00,33.901997,19.952,26.583254,0.0,38.665154,1010.53754,12.935783,20.188908
2024-03-31 18:30:00+00:00,31.052,18.902,24.714502,0.0,38.944386,1008.9124,14.621808,19.95972
2024-04-01 18:30:00+00:00,32.401997,17.052,25.127,0.0,33.521847,1007.5708,12.126419,20.150354
2024-04-02 18:30:00+00:00,34.101997,20.552,27.189499,0.0,28.705873,1008.16675,6.193756,16.610792
2024-04-03 18:30:00+00:00,35.302,19.852,27.910332,0.0,30.07119,1008.0916,8.509315,13.339445
2024-04-04 18:30:00+00:00,33.851997,21.402,27.19783,0.0,29.368624,1007.9541,12.91304,22.66857
2024-04-05 18:30:00+00:00,33.752,19.352,26.520746,0.0,26.027643,1007.94574,10.845367,16.704155
2024-04-06 18:30:00+00:00,34.052,18.252,26.458246,0.0,23.536867,1007.8625,10.870259,16.80857
2024-04-07 18:30:00+00:00,35.952,18.652,27.222832,0.0,22.697973,1008.7668,8.881425,17.786331
2024-04-08 18:30:00+00:00,36.502,19.302,28.845749,0.0,19.953894,1009.29175,7.4158363,16.42247
2024-04-09 18:30:00+00:00,37.202,20.802,29.395752,0.0,22.59314,1009.3084,6.6062527,15.188415
2024-04-10 18:30:00+00:00,36.752,19.902,28.935335,0.1,26.634882,1010.25006,9.056603,23.34455
2024-04-11 18:30:00+00:00,37.601997,20.852,30.122833,0.0,24.29027,1009.28754,8.432761,14.154915
2024-04-12 18:30:00+00:00,37.401997,22.402,29.191582,0.0,32.44494,1008.8333,9.132282,13.849477
2024-04-13 18:30:00+00:00,33.101997,22.552,27.147835,1.5,44.04742,1011.27924,10.820071,19.09358
2024-04-14 18:30:00+00:00,36.601997,22.352,28.966581,0.0,46.507626,1010.58325,7.962994,17.31746
2024-04-15 18:30:00+00:00,34.702,23.802,29.45408,0.0,36.985004,1009.74994,15.665746,20.380579
2024-04-16 18:30:00+00:00,34.752,22.102,28.937416,0.0,28.658487,1008.4749,18.197573,27.438046
2024-04-17 18:30:00+00:00,37.552,23.752,31.07283,0.0,24.470167,1006.61676,12.362788,24.442911
2024-04-18 18:30:00+00:00,38.552,24.102,31.529083,0.0,29.10314,1004.20844,12.48434,20.056877
2024-04-19 18:30:00+00:00,36.452,22.602,30.029083,0.0,27.233452,1003.92914,14.089096,20.390114
2024-04-20 18:30:00+00:00,35.752,23.452,29.881166,0.0,28.617224,1005.50415,12.270034,16.055355
2024-04-21 18:30:00+00:00,36.901997,22.902,30.029081,0.0,27.863195,1006.02484,10.534577,23.893261
2024-04-22 18:30:00+00:00,37.502,22.302,29.966585,0.0,25.201944,1005.4792,9.633024,17.555307
2024-04-23 18:30:00+00:00,37.052,21.252,29.474915,0.0,28.665596,1005.6291,10.369176,19.083395
2024-04-24 18:30:00+00:00,37.752,22.252,30.318665,0.0,22.338089,1005.8291,10.932182,18.847641
2024-04-25 18:30:00+00:00,39.702,23.402,31.552,0.0,25.46285,1004.625,7.821671,17.377226
2024-04-26 18:30:00+00:00,38.252,27.902,32.310333,0.0,25.944223,1005.09985,15.100654,20.418695
2024-04-27 18:30:00+00:00,37.952,22.852,30.799913,0.0,27.13988,1006.375,8.837849,14.003028
2024-04-28 18:30:00+00:00,37.601997,23.102,30.852,0.0,26.751196,1005.67914,11.643143,23.4
2024-04-29 18:30:00+00:00,36.151997,23.452,29.38325,0.0,26.17189,1004.8918,12.404601,17.551615
2024-04-30 18:30:00+00:00,32.851997,20.802,27.027,0.0,21.75157,1003.31665,16.313007,22.691423
2024-05-01 18:30:00+00:00,34.651997,19.802,27.385336,0.0,26.551056,1004.5583,12.56849,18.075441
2024-05-02 18:30:00+00:00,37.752,21.152,30.337416,0.0,21.714357,1005.0667,13.66756,21.203358
2024-05-03 18:30:00+00:00,40.052,26.502,32.59783,0.0,19.342321,1004.575,8.888439,13.049689
2024-05-04 18:30:00+00:00,40.702,26.302,33.63325,0.0,20.506903,1000.8833,13.090713,16.78156
2024-05-05 18:30:00+00:00,40.302,26.902,34.012417,0.0,21.119246,1002.8748,14.498046,22.218153
2024-05-06 18:30:00+00:00,41.302,25.802,34.24783,0.0,23.839752,1004.19586,9.053065,16.516901
2024-05-07 18:30:00+00:00,38.952,26.252,32.535336,0.0,39.34455,1004.92096,11.462524,17.377226
2024-05-08 18:30:00+00:00,39.452,25.902,32.308254,0.0,37.16985,1004.20844,11.461117,21.53089
2024-05-09 18:30:00+00:00,40.002,25.452,32.252003,0.1,40.298492,1004.9875,10.689128,23.617756
2024-05-10 18:30:00+00:00,39.452,25.552,32.135334,0.0,41.04232,1006.9709,9.383298,23.263912
2024-05-11 18:30:00+00:00,38.202,25.452,32.243664,0.0,36.655525,1006.9084,10.34793,16.73516
2024-05-12 18:30:00+00:00,39.002,25.602,32.76867,0.0,29.954256,1007.2917,8.006539,16.199999
2024-05-13 18:30:00+00:00,40.452,23.952,33.016586,0.0,19.977007,1007.5791,10.487049,20.808498
2024-05-14 18:30:00+00:00,41.401997,25.452,33.84367,0.0,20.672707,1007.0916,10.823429,17.610588
2024-05-15 18:30:00+00:00,42.502,25.652,34.339504,0.0,19.170885,1006.31244,9.5736065,16.263872
2024-05-16 18:30:00+00:00,43.351997,25.802,35.481167,0.0,19.910353,1003.47095,9.727001,13.53236
2024-05-17 18:30:00+00:00,43.552,27.902,36.285336,0.0,20.439535,1000.95844,10.516719,19.228851
2024-05-18 18:30:00+00:00,44.052,28.602,36.629086,0.0,17.594759,999.3333,13.712434,28.916763
2024-05-19 18:30:00+00:00,43.752,29.202,36.1895,0.0,18.43027,1000.17505,12.142888,20.771093
2024-05-20 18:30:00+00:00,42.101997,28.252,34.937416,0.0,27.722216,1000.9333,8.789222,16.29174
2024-05-21 18:30:00+00:00,41.052,28.352,35.197834,0.0,35.319496,1001.1167,11.823662,22.691425
2024-05-22 18:30:00+00:00,42.002,29.902,35.620747,0.0,37.081882,1000.4751,12.849486,21.767351
2024-05-23 18:30:00+00:00,40.601997,29.752,35.06867,0.0,37.37192,1000.58344,10.121538,17.429354
2024-05-24 18:30:00+00:00,43.952,28.802,36.96034,0.0,29.132711,998.64166,10.378034,19.995398
2024-05-25 18:30:00+00:00,45.302,29.902,37.516582,0.0,18.402372,996.8208,11.764087,21.028437
2024-05-26 18:30:00+00:00,45.552,29.452,38.095753,0.0,18.157671,994.12915,12.395626,23.1774
2024-05-27 18:30:00+00:00,45.151997,29.352,37.24783,0.0,13.33611,992.4209,9.389405,14.277983
2024-05-28 18:30:00+00:00,46.101997,31.702,38.841583,0.0,18.449419,993.53754,11.431793,20.163212
2024-05-29 18:30:00+00:00,45.651997,31.952,38.25617,0.0,18.005709,996.7959,15.184704,26.400545
2024-05-30 18:30:00+00:00,45.052,29.802,37.424923,0.0,15.124886,998.43744,15.783914,26.28
2024-05-31 18:30:00+00:00,44.752,32.202,37.612423,0.0,17.90283,1000.1125,14.333458,26.932714
2024-06-01 18:30:00+00:00,40.552,30.352,36.214497,0.0,25.279387,1001.69586,12.433022,21.479664
2024-06-02 18:30:00+00:00,43.601997,30.152,36.89783,0.0,25.661049,1000.4749,14.832864,22.42427
2024-06-03 18:30:00+00:00,42.802,31.502,37.391582,0.0,19.239092,999.97504,14.387244,21.2522
2024-06-04 18:30:00+00:00,41.202,30.902,36.22283,0.2,24.572878,1001.24994,14.657539,26.552288
2024-06-05 18:30:00+00:00,40.601997,28.752,35.068665,0.0,28.023949,1003.4958,10.467633,16.56
2024-06-06 18:30:00+00:00,41.502,29.002,35.035336,0.0,30.038948,1001.51666,14.076004,24.640942
2024-06-07 18:30:00+00:00,40.202,28.052,34.68325,0.0,27.980764,1000.55414,15.208976,24.633049
2024-06-08 18:30:00+00:00,41.552,27.952,35.09992,0.0,23.53586,1000.25,13.241333,19.406637
2024-06-09 18:30:00+00:00,42.101997,28.852,36.03117,0.0,18.554834,1000.3125,12.453752,19.586117
2024-06-10 18:30:00+00:00,42.952,29.602,36.40409,0.0,20.697481,999.59186,10.939654,16.563911
2024-06-11 18:30:00+00:00,43.802,28.102,36.535336,0.0,19.833479,999.3333,10.671641,16.055353
2024-06-12 18:30:00+00:00,44.252,31.202,37.61867,0.0,21.595182,998.37085,18.8444,28.97944
2024-06-13 18:30:00+00:00,42.651997,33.101997,36.810337,0.0,29.874557,998.20416,20.961824,29.749592
2024-06-14 18:30:00+00:00,42.952,32.552,37.622837,0.0,27.06278,998.01666,18.483633,27.21038
2024-06-15 18:30:00+00:00,43.502,33.151997,38.17283,0.0,25.385368,998.3918,17.216673,26.795223
2024-06-16 18:30:00+00:00,43.802,34.151997,38.870747,0.0,27.171844,998.27515,18.600958,28.185955
2024-06-17 18:30:00+00:00,44.202,35.502,39.05408,0.0,26.354296,996.17084,20.121622,31.106167
2024-06-18 18:30:00+00:00,41.752,31.252,37.48742,1.7,34.18837,994.69183,19.307756,27.834309
2024-06-19 18:30:00+00:00,39.401997,29.402,35.07283,0.0,39.914722,996.58325,8.4527235,15.815435
2024-06-20 18:30:00+00:00,38.702,26.702,33.093662,0.1,50.938717,998.85834,9.226293,13.556282
2024-06-21 18:30:00+00:00,39.502,30.252,34.25617,0.0,47.054688,998.52924,8.1890955,13.089354
2024-06-22 18:30:00+00:00,39.552,30.202,34.968662,0.2,48.585392,998.99994,8.269433,11.609651
2024-06-23 18:30:00+00:00,39.351997,31.102,34.614506,0.1,50.98703,997.8958,7.190512,19.242327
2024-06-24 18:30:00+00:00,36.151997,28.952,32.3645,9.099999,64.901505,997.23334,7.432054,15.696165
2024-06-25 18:30:00+00:00,34.452,26.002,30.82075,31.7,73.868645,997.82495,9.932084,14.830076
2024-06-26 18:30:00+00:00,31.002,26.102,29.039505,3.4999995,79.87361,1000.446,12.206338,18.11841
2024-06-27 18:30:00+00:00,30.502,25.852,27.804087,20.300001,86.76935,999.8584,7.36512,13.276144
2024-06-28 18:30:00+00:00,33.351997,26.152,28.82492,31.700003,82.84724,998.41675,5.784679,11.983188
2024-06-29 18:30:00+00:00,34.252,27.552,30.704086,1.3000001,74.482834,997.39575,7.2850914,15.39184
2024-06-30 18:30:00+00:00,34.702,25.552,30.356169,28.0,77.537346,995.30835,9.841358,17.388409
2024-07-01 18:30:00+00:00,33.752,26.302,29.491585,13.7,83.98214,994.5125,7.383945,11.720751
2024-07-02 18:30:00+00:00,33.452,26.102,29.108252,20.4,83.54871,996.89594,8.478812,15.124284
2024-07-03 18:30:00+00:00,31.452,25.402,27.570753,18.1,85.32604,999.17926,4.3488736,9.605998
2024-07-04 18:30:00+00:00,32.101997,25.902,28.508253,3.8999999,81.92855,996.1335,6.59691,14.77755
2024-07-05 18:30:00+00:00,33.601997,25.652,28.906166,1.7,79.979164,994.9915,6.72526,12.313894
2024-07-06 18:30:00+00:00,33.502,25.752,28.958252,0.0,76.45762,998.1499,6.060305,13.708391
2024-07-07 18:30:00+00:00,33.252,24.902,29.07283,10.6,77.59083,1001.23755,6.3794384,10.464797
2024-07-08 18:30:00+00:00,33.901997,26.302,29.868666,0.7,78.77633,1002.07086,6.2453065,11.298495
2024-07-09 18:30:00+00:00,33.401997,27.602,30.447832,4.5999994,79.53024,1001.95013,4.74159,10.538843
2024-07-10 18:30:00+00:00,36.901997,27.352,31.4645,9.799999,75.14295,997.87506,9.655942,19.386593
2024-07-11 18:30:00+00:00,36.202,28.252,30.0395,18.2,75.29575,996.20416,10.0809145,24.18707
2024-07-12 18:30:00+00:00,35.202,26.352,30.4645,0.1,72.91332,996.90826,5.480166,11.435313
2024-07-13 18:30:00+00:00,34.851997,27.102,30.866585,1.6,71.443726,996.7749,4.5833178,11.966953
2024-07-14 18:30:00+00:00,33.302,25.552,30.141584,3.8,77.34684,999.32916,9.367204,20.497883
2024-07-15 18:30:00+00:00,34.302,26.152,30.59992,14.800001,78.10155,999.92084,9.785971,15.496736
2024-07-16 18:30:00+00:00,34.552,27.852,31.156164,0.4,76.75143,999.7459,9.691812,13.0447235
2024-07-17 18:30:00+00:00,35.101997,27.352,31.131166,0.2,77.42579,998.52515,6.7351594,12.287555
2024-07-18 18:30:00+00:00,34.702,27.402,30.562418,0.8000001,78.06405,997.35004,7.0865746,10.144082
2024-07-19 18:30:00+00:00,34.952,27.202,30.9145,0.2,76.11813,998.07916,6.8492336,12.031756
2024-07-20 18:30:00+00:00,34.302,27.802,31.076998,1.2,78.451485,998.0459,8.410595,14.039999
2024-07-21 18:30:00+00:00,35.202,28.252,31.3645,0.2,76.82287,998.15015,7.718567,11.792404
2024-07-22 18:30:00+00:00,34.651997,28.002,30.69575,4.3,79.48895,997.2583,4.93372,10.799999
2024-07-23 18:30:00+00:00,34.252,26.352,30.106165,5.1999993,80.46364,994.06647,5.6576934,12.218805
2024-07-24 18:30:00+00:00,34.702,26.652,30.804085,0.2,74.1153,993.12085,7.433947,17.208603
2024-07-25 18:30:00+00:00,32.802,27.252,29.677,24.3,83.858505,995.06256,5.852963,9.178235
2024-07-26 18:30:00+00:00,33.601997,27.652,30.170752,1.1,80.7356,997.1667,6.7772145,10.495713
2024-07-27 18:30:00+00:00,34.802,28.202,30.94783,4.5,78.94135,997.20416,8.456695,18.388212
2024-07-28 18:30:00+00:00,35.151997,28.152,31.331167,0.3,74.94426,997.1626,10.664972,15.629972
2024-07-29 18:30:00+00:00,35.901997,28.802,32.104088,0.2,73.55926,998.5459,10.257847,17.873556
2024-07-30 18:30:00+00:00,35.802,27.252,30.695753,44.600002,80.95112,998.7666,8.007424,19.95972
2024-07-31 18:30:00+00:00,30.452,25.452,27.881166,23.600004,87.51302,998.5625,5.8420353,13.246826
2024-08-01 18:30:00+00:00,31.952,25.702,28.454084,4.9,84.349266,997.26654,9.766023,14.618837
2024-08-02 18:30:00+00:00,32.851997,26.102,28.904083,0.90000004,82.61187,998.9749,10.592221,17.25373
2024-08-03 18:30:00+00:00,33.052,25.702,29.260332,1.0000001,76.86516,1000.39594,15.424782,22.963936
2024-08-04 18:30:00+00:00,31.802,26.352,28.73533,2.8000002,78.17989,999.85004,21.648039,29.69727
2024-08-05 18:30:00+00:00,31.452,26.102,28.5895,0.2,76.6843,999.33734,11.119049,14.512064
2024-08-06 18:30:00+00:00,29.252,26.102,27.210335,11.400001,86.42167,1000.5584,7.663176,12.43434
2024-08-07 18:30:00+00:00,31.602,25.452,27.59992,43.300003,87.00161,1001.95416,5.3140855,11.753876
2024-08-08 18:30:00+00:00,31.552,25.252,27.491587,37.100002,86.605835,1003.00836,3.9809463,8.39657
2024-08-09 18:30:00+00:00,30.952,24.902,27.260336,16.5,88.571465,1002.0666,6.267992,13.18308
2024-08-10 18:30:00+00:00,30.152,25.402,27.177002,14.000001,89.22906,1000.71265,4.545874,11.043261
2024-08-11 18:30:00+00:00,29.802,24.752,26.904085,13.300001,89.69165,1001.6208,6.678346,12.371645
2024-08-12 18:30:00+00:00,30.152,25.452,27.174917,14.2,89.369835,1002.7334,7.2530975,12.682018
2024-08-13 18:30:00+00:00,30.202,25.252,27.506166,13.500002,90.17627,1003.13763,4.1572948,9.565437
2024-08-14 18:30:00+00:00,31.702,25.452,27.947832,25.500002,89.5525,1001.9499,7.2491374,12.324414
2024-08-15 18:30:00+00:00,31.552,25.352,27.847832,17.4,88.36761,1001.3042,8.374188,13.783817
2024-08-16 18:30:00+00:00,32.151997,25.352,28.735334,2.5,84.82539,1003.75824,4.7611384,9.565437
2024-08-17 18:30:00+00:00,32.901997,26.102,29.343672,1.5999999,79.96635,1004.6126,9.039273,17.0763
2024-08-18 18:30:00+00:00,32.302,26.802,28.966585,4.7,81.55132,1003.6501,8.607221,14.081478
2024-08-19 18:30:00+00:00,31.752,26.252,28.218668,5.1,85.82906,1003.67926,4.880774,13.397612
2024-08-20 18:30:00+00:00,32.202,24.502,28.156168,23.400002,86.35953,1004.79987,4.109591,8.714677
2024-08-21 18:30:00+00:00,33.151997,24.652,28.385338,6.1,84.214,1003.84595,5.379148,13.684735
2024-08-22 18:30:00+00:00,30.152,24.902,27.497839,4.1,86.08634,1004.3374,5.7608876,13.830749
2024-08-23 18:30:00+00:00,31.702,24.852,28.329084,6.0,84.58094,1003.675,6.0184503,11.200571
2024-08-24 18:30:00+00:00,31.752,25.202,28.281168,19.000002,81.14836,1001.25836,15.889886,22.346113
2024-08-25 18:30:00+00:00,30.652,26.002,27.843672,5.3,83.7648,1001.179,14.236725,21.38897
2024-08-26 18:30:00+00:00,31.102,24.452,27.304083,5.3,84.76309,1003.3083,16.81348,24.33664
2024-08-27 18:30:00+00:00,30.502,24.002,26.65825,9.3,88.233894,1003.4126,8.153651,14.145756
2024-08-28 18:30:00+00:00,31.252,24.452,27.237417,9.300001,86.10871,1003.34576,8.774319,16.363178
2024-08-29 18:30:00+00:00,31.802,24.702,28.154085,1.2,84.255554,1005.35425,5.090816,8.287822
2024-08-30 18:30:00+00:00,33.202,25.602,29.18325,0.2,78.452705,1004.8125,7.8124123,12.496718
2024-08-31 18:30:00+00:00,33.202,26.352,29.683252,0.90000004,78.14262,1004.31665,7.756641,11.27553
2024-09-01 18:30:00+00:00,31.652,25.002,28.222837,6.5999994,83.08979,1005.0916,9.638622,13.830749
2024-09-02 18:30:00+00:00,31.452,25.252,27.491585,14.800001,86.503914,1005.50006,7.8722496,14.24163
2024-09-03 18:30:00+00:00,31.502,24.602,27.454086,4.1,87.30161,1003.52094,4.1832266,9.793058
2024-09-04 18:30:00+00:00,31.452,24.652,27.816584,0.4,83.18844,1001.57916,3.9896204,12.7279215
2024-09-05 18:30:00+00:00,30.952,24.452,26.785337,10.3,88.106026,1003.1875,6.7271714,12.181624
2024-09-06 18:30:00+00:00,31.152,24.302,27.016584,15.900001,86.64689,1004.3083,5.157025,10.630672
2024-09-07 18:30:00+00:00,31.152,24.652,27.08742,15.8,87.82266,1004.07916,4.4283223,8.654987
2024-09-08 18:30:00+00:00,32.702,25.002,28.512415,0.3,80.19297,1001.7707,6.423096,8.427383
2024-09-09 18:30:00+00:00,31.502,25.252,27.55409,24.400002,88.02993,1001.31256,3.7835274,9.346143
2024-09-10 18:30:00+00:00,31.552,25.002,27.014502,32.1,90.35108,1000.9001,9.663461,21.67487
2024-09-11 18:30:00+00:00,26.752,24.102,25.622835,70.7,90.10159,999.19995,19.187006,31.698402
2024-09-12 18:30:00+00:00,29.302,23.602,25.893667,10.9,87.5667,1000.64575,14.210387,23.73271
2024-09-13 18:30:00+00:00,30.602,22.902,26.574919,0.3,79.59826,1002.80005,10.073911,19.67195
2024-09-14 18:30:00+00:00,31.752,23.252,26.972837,0.0,75.63374,1003.4041,11.051366,17.283749
2024-09-15 18:30:00+00:00,32.302,23.952,27.458254,0.0,69.288246,1004.8125,12.433326,18.335276
2024-09-16 18:30:00+00:00,31.852,24.102,27.737413,0.0,70.631035,1006.10834,8.693463,13.32
2024-09-17 18:30:00+00:00,28.952,22.802,25.277002,41.300003,84.99004,1004.96674,11.684819,20.608229
2024-09-18 18:30:00+00:00,30.752,22.902,26.23742,1.4000001,82.17879,1004.7874,11.132316,18.847641
2024-09-19 18:30:00+00:00,30.702,22.652,26.74367,0.0,79.741844,1005.2083,5.403284,9.83268
2024-09-20 18:30:00+00:00,31.702,23.502,27.860334,0.0,78.255165,1006.36237,3.8146088,6.696387
2024-09-21 18:30:00+00:00,33.151997,24.852,29.033247,0.0,76.27445,1005.65826,5.4090247,7.9932966
2024-09-22 18:30:00+00:00,33.651997,25.602,29.256165,0.0,76.38921,1005.1042,5.822008,10.495713
2024-09-23 18:30:00+00:00,33.502,25.502,29.304083,0.0,73.98885,1003.99994,4.9025855,8.557102
2024-09-24 18:30:00+00:00,33.252,26.102,29.049917,0.5,80.508255,1004.21674,8.815158,13.6063795
2024-09-25 18:30:00+00:00,31.602,25.402,28.047829,0.5,81.895134,1004.3167,9.728513,12.703715
2024-09-26 18:30:00+00:00,31.052,24.952,27.437418,0.1,78.41447,1004.0251,10.132575,15.385525
2024-09-27 18:30:00+00:00,30.852,22.952,26.45825,0.0,81.01491,1005.9917,7.4586234,13.004922
2024-09-28 18:30:00+00:00,30.802,22.602,26.683249,0.5,80.67536,1008.7251,5.944017,9.919618
2024-09-29 18:30:00+00:00,33.002,23.802,27.91867,0.0,76.756584,1007.8501,7.388108,14.4
2024-09-30 18:30:00+00:00,33.851997,23.952,28.529081,0.0,74.542625,1005.0,8.538412,14.33347
2024-10-01 18:30:00+00:00,35.252,24.902,29.24367,0.0,67.66483,1004.3291,10.2479725,19.731974
2024-10-02 18:30:00+00:00,34.901997,25.452,29.39575,0.0,60.242573,1003.80005,11.833951,20.045567
2024-10-03 18:30:00+00:00,34.002,23.202,28.754084,0.0,62.02061,1005.0793,8.320897,15.273505
2024-10-04 18:30:00+00:00,33.901997,24.952,28.420752,0.5,64.3744,1007.3166,10.499537,17.373497
2024-10-05 18:30:00+00:00,33.552,24.252,27.920753,0.0,62.323544,1010.52924,8.786485,11.594292
2024-10-06 18:30:00+00:00,32.802,22.352,27.247833,0.0,67.6204,1012.54175,6.1671433,8.849339
2024-10-07 18:30:00+00:00,32.552,22.452,27.229086,0.0,66.72269,1012.0208,5.8017974,9.688281
2024-10-08 18:30:00+00:00,32.552,21.902,26.956167,0.0,63.075176,1010.06665,7.1517224,11.989946
2024-10-09 18:30:00+00:00,32.302,22.252,26.51867,0.0,60.870296,1009.40405,8.908147,13.184308
2024-10-10 18:30:00+00:00,31.702,20.352,25.547836,0.0,54.29431,1009.571,8.829131,11.770403
2024-10-11 18:30:00+00:00,32.101997,20.552,26.170748,0.0,57.56447,1010.1209,7.483156,10.474082
2024-10-12 18:30:00+00:00,31.552,21.752,26.685335,0.0,53.441563,1011.0083,3.9942153,9.292254
2024-10-13 18:30:00+00:00,32.002,20.802,26.218668,0.0,54.64089,1011.4834,5.6073174,9.278297
2024-10-14 18:30:00+00:00,31.702,20.102,25.174917,0.0,55.850178,1010.72504,7.886147,10.957847
2024-10-15 18:30:00+00:00,33.002,20.352,26.081167,0.0,55.87088,1009.49585,6.612047,10.440001
2024-10-16 18:30:00+00:00,32.651997,22.102,26.514498,0.0,62.437164,1010.0208,5.196645,9.044888
2024-10-17 18:30:00+00:00,33.552,20.102,26.766586,0.0,61.434345,1009.96674,5.219472,10.233123
2024-10-18 18:30:00+00:00,33.601997,20.802,26.816582,0.0,58.935787,1010.27905,6.0639224,9.266067
2024-10-19 18:30:00+00:00,32.552,20.652,26.629084,0.2,66.58235,1011.56244,5.5932193,9.05205
2024-10-20 18:30:00+00:00,32.252,21.452,26.131172,0.0,68.47653,1012.175,5.7380257,10.30883
2024-10-21 18:30:00+00:00,31.702,20.202,25.82492,0.0,66.66781,1013.20844,7.2585697,9.781473
2024-10-22 18:30:00+00:00,31.802,20.852,25.966585,0.0,62.730118,1012.61237,9.348218,14.835537
2024-10-23 18:30:00+00:00,32.202,20.752,25.637415,0.0,57.692963,1011.3249,12.759342,16.663372
2024-10-24 18:30:00+00:00,32.351997,20.002,25.597834,0.0,58.877316,1010.61255,11.875286,16.276815
2024-10-25 18:30:00+00:00,31.752,20.652,25.531168,0.0,62.002884,1010.46246,9.656055,13.237039
2024-10-26 18:30:00+00:00,30.902,20.002,25.291586,0.0,72.00193,1009.6917,6.2760024,9.335737
2024-10-27 18:30:00+00:00,31.452,19.752,25.354086,0.0,72.97198,1008.42914,7.42296,10.883676
2024-10-28 18:30:00+00:00,33.002,20.352,26.181168,0.0,71.444984,1008.74585,6.5997024,8.951267
2024-10-29 18:30:00+00:00,33.952,20.552,26.814497,0.0,61.63136,1009.4458,7.634107,11.35285
2024-10-30 18:30:00+00:00,32.901997,21.652,26.70825,0.0,59.577698,1011.20416,10.710018,15.986593
2024-10-31 18:30:00+00:00,32.252,20.052,25.227,0.0,52.6141,1012.16266,10.73407,16.434305
2024-11-01 18:30:00+00:00,32.351997,18.702,25.139498,0.0,51.704483,1013.175,6.395062,10.837435
2024-11-02 18:30:00+00:00,31.252,18.752,24.029085,0.0,57.848995,1014.13763,6.1177197,8.461914
2024-11-03 18:30:00+00:00,30.552,17.852,23.427,0.0,59.736767,1012.7334,6.3504295,9.743305
2024-11-04 18:30:00+00:00,29.202,18.602,23.58117,0.0,67.68566,1014.7002,4.7999063,9.044888
2024-11-05 18:30:00+00:00,30.452,18.352,24.0395,0.0,64.212166,1015.0334,5.135628,10.285232
2024-11-06 18:30:00+00:00,29.902,19.752,24.452002,0.0,66.70252,1014.14575,5.67634,8.2584505
2024-11-07 18:30:00+00:00,30.152,18.152,24.374918,0.0,67.37489,1013.9749,5.5211434,9.290511
2024-11-08 18:30:00+00:00,30.502,18.802,24.022835,0.0,70.871346,1014.14594,7.788082,9.901636
2024-11-09 18:30:00+00:00,30.302,18.302,23.535334,0.0,72.45708,1014.01245,5.0858054,7.4128532
2024-11-10 18:30:00+00:00,30.002,18.302,23.64367,0.0,74.15598,1013.9834,5.9284625,8.6867485
2024-11-11 18:30:00+00:00,31.152,18.702,23.945753,0.0,61.61517,1013.54584,7.357491,13.493999
2024-11-12 18:30:00+00:00,29.052,17.452,22.129082,0.0,65.575966,1012.75836,7.5875854,11.091564
2024-11-13 18:30:00+00:00,28.352,17.052,21.960337,0.0,67.38017,1014.7874,2.674262,6.854195
2024-11-14 18:30:00+00:00,28.752,17.002,21.874916,0.0,61.64386,1014.18756,6.411073,12.750811
2024-11-15 18:30:00+00:00,28.202,16.402,21.629084,0.0,63.084675,1013.19995,6.333759,9.807935
2024-11-16 18:30:00+00:00,27.552,16.252,21.199919,0.0,68.151115,1013.84576,6.242393,11.599879
2024-11-17 18:30:00+00:00,25.102,14.952,19.039503,0.0,69.91209,1015.70825,8.481961,11.246759
2024-11-18 18:30:00+00:00,24.902,13.552,18.385336,0.0,60.13499,1016.68335,8.382561,10.215693
2024-11-19 18:30:00+00:00,24.752,13.152,17.962418,0.0,58.798885,1015.67505,8.244445,11.440979
2024-11-20 18:30:00+00:00,24.652,13.052,18.002,0.0,57.58198,1015.16675,8.354482,10.703569
2024-11-21 18:30:00+00:00,25.102,12.052,18.162416,0.0,62.72202,1014.8584,6.525656,8.473393
2024-11-22 18:30:00+00:00,26.252,12.152,18.729086,0.0,63.029697,1015.30005,5.2448153,7.5942082
2024-11-23 18:30:00+00:00,26.552,14.802,19.45825,0.0,60.166134,1015.1167,7.899488,12.611567
2024-11-24 18:30:00+00:00,25.002,14.552,18.943668,0.0,63.23247,1015.2375,10.801295,14.77755
2024-11-25 18:30:00+00:00,24.602,13.152,18.114502,0.0,63.49588,1015.38324,8.827668,11.638917
2024-11-26 18:30:00+00:00,24.852,12.102,17.660334,0.0,63.884716,1014.8833,5.2335525,8.435069
2024-11-27 18:30:00+00:00,23.852,10.852,17.062416,0.0,60.51689,1016.5208,4.4772277,10.589448
2024-11-28 18:30:00+00:00,22.952,10.102,16.537418,0.0,70.57894,1017.20416,4.557501,8.404285
2024-11-29 18:30:00+00:00,23.252,11.302,16.7145,0.0,74.67109,1015.39996,7.639071,10.315115
2024-11-30 18:30:00+00:00,23.602,12.302,17.535336,0.0,74.52798,1013.4917,7.7603602,10.685391
2024-12-01 18:30:00+00:00,24.002,12.502,17.464502,0.0,72.43918,1013.74585,7.824501,9.984729
2024-12-02 18:30:00+00:00,24.602,12.652,18.116585,0.0,69.48681,1015.7959,9.545412,12.348051
2024-12-03 18:30:00+00:00,24.002,13.802,18.093668,0.0,64.110405,1015.0457,13.427563,16.956343
2024-12-04 18:30:00+00:00,22.752,10.752,16.179083,0.0,54.38991,1014.6792,11.032462,15.137133
2024-12-05 18:30:00+00:00,22.702,10.902,15.906169,0.0,60.129227,1013.5457,8.937211,12.172312
2024-12-06 18:30:00+00:00,21.552,8.352,14.727001,0.0,62.665844,1013.0916,3.9200776,7.3094187
2024-12-07 18:30:00+00:00,20.652,7.652,13.6311655,0.3,70.79096,1012.9167,7.772394,13.878689
2024-12-08 18:30:00+00:00,18.902,7.202,12.927001,0.0,72.28181,1015.4333,5.539762,11.119281
2024-12-09 18:30:00+00:00,19.202,8.802,13.147835,0.0,61.84387,1017.59174,12.512363,16.248924
2024-12-10 18:30:00+00:00,19.202,7.302,12.4540825,0.0,54.104694,1017.29584,11.822951,15.124284
2024-12-11 18:30:00+00:00,19.152,6.952,12.799916,0.0,59.023197,1016.6707,11.280814,15.146761
2024-12-12 18:30:00+00:00,19.102,8.052,13.410335,0.0,55.66097,1018.01245,16.826704,20.08916
2024-12-13 18:30:00+00:00,19.402,8.002,13.312417,0.0,50.21657,1018.0999,14.768281,18.526888
2024-12-14 18:30:00+00:00,19.502,6.552,12.32075,0.0,63.662582,1019.33746,8.131913,11.236671
2024-12-15 18:30:00+00:00,19.252,5.952,11.918668,0.0,79.07852,1017.6458,6.4229507,10.966713
2024-12-16 18:30:00+00:00,19.152,7.152,12.506168,0.0,82.70706,1016.2458,3.9108114,8.0599
2024-12-17 18:30:00+00:00,19.102,7.502,12.3895,0.0,79.93731,1015.80414,6.4332128,10.948973
2024-12-18 18:30:00+00:00,18.902,6.702,12.304085,0.0,77.310585,1015.76666,4.5211554,8.909545
2024-12-19 18:30:00+00:00,21.302,8.752,14.045753,0.0,75.14007,1015.31665,5.7709293,10.819482
2024-12-20 18:30:00+00:00,21.002,8.602,13.977001,0.0,76.4421,1015.89594,7.527298,11.1090765
2024-12-21 18:30:00+00:00,20.402,10.102,14.062419,0.0,74.76826,1015.70013,4.538265,8.55142
2024-12-22 18:30:00+00:00,16.552,9.102,12.55825,3.2,81.63308,1015.77924,8.161534,15.141414
2024-12-23 18:30:00+00:00,18.102,9.552,13.531167,2.3,84.827644,1017.054,7.2717433,10.766949
2024-12-24 18:30:00+00:00,20.002,10.202,14.249919,0.0,83.52369,1018.98334,7.826446,9.693296
2024-12-25 18:30:00+00:00,21.052,9.652,15.049918,0.0,76.689766,1020.6333,5.417934,9.422101
2024-12-26 18:30:00+00:00,18.402,12.502,14.78325,31.699999,88.46865,1018.93756,7.8875203,14.168641
2024-12-27 18:30:00+00:00,18.802,12.102,14.854084,2.4,89.031555,1018.6624,7.944842,14.784126
2024-12-28 18:30:00+00:00,18.302,10.252,13.093669,0.0,87.06045,1020.75,11.84134,14.14232
2024-12-29 18:30:00+00:00,18.002,8.702,12.060333,0.0,88.26019,1020.02094,10.297317,14.356058
2024-12-30 18:30:00+00:00,16.602,7.452,10.952,0.0,89.82575,1021.04584,5.510532,9.039514
2024-12-31 18:30:00+00:00,16.802,7.102,10.741584,0.0,89.46697,1019.22906,8.068539,10.534229
2025-01-01 18:30:00+00:00,18.802,8.052,11.993668,0.0,83.01725,1018.35834,8.989705,12.976239
2025-01-02 18:30:00+00:00,21.102,7.502,12.8395,0.0,79.80278,1017.89996,5.3051105,8.431228
2025-01-03 18:30:00+00:00,20.002,7.752,12.727,0.0,92.33694,1015.8752,5.204881,7.841887
2025-01-04 18:30:00+00:00,18.152,9.502,12.610335,0.0,92.84876,1016.01666,8.210008,12.031756
2025-01-05 18:30:00+00:00,18.552,8.402,12.581168,4.9,89.96606,1017.05414,6.7416387,14.14232
2025-01-06 18:30:00+00:00,17.552,9.902,12.724918,0.0,87.43698,1017.87915,13.657947,17.856325
2025-01-07 18:30:00+00:00,18.802,7.952,12.308249,0.0,75.53505,1016.03345,11.878578,15.767219
2025-01-08 18:30:00+00:00,18.902,6.602,12.145751,0.0,77.85061,1018.15845,3.589515,5.7204895
2025-01-09 18:30:00+00:00,17.952,6.852,11.09575,0.0,88.31185,1019.97504,5.11141,7.9465466
2025-01-10 18:30:00+00:00,15.802,6.702,11.470749,4.2,91.14973,1018.4666,7.5292,14.248452
2025-01-11 18:30:00+00:00,18.002,9.302,12.558251,0.1,89.975945,1019.1624,6.206232,12.313894
2025-01-12 18:30:00+00:00,18.452,9.052,12.941583,0.0,88.328705,1018.90405,11.657658,14.113652
2025-01-13 18:30:00+00:00,18.602,8.802,12.829085,0.0,83.89804,1019.1418,7.891388,13.104198
2025-01-14 18:30:00+00:00,18.202,7.602,12.57075,1.6,87.29602,1020.10834,5.1647086,10.759423
2025-01-15 18:30:00+00:00,17.602,10.702,13.333251,0.1,85.057495,1020.99164,5.2534356,9.979859
2025-01-16 18:30:00+00:00,18.702,9.002,12.635334,0.0,82.43931,1020.53326,11.057832,13.276144
2025-01-17 18:30:00+00:00,18.052,7.502,11.566583,0.0,86.15113,1018.63763,5.840552,10.656547
2025-01-18 18:30:00+00:00,23.002,8.252,15.083252,0.0,82.84065,1016.9917,3.0501406,6.2483597
2025-01-19 18:30:00+00:00,22.202,12.002,16.047834,0.0,86.98841,1015.2625,10.507653,13.044722
2025-01-20 18:30:00+00:00,22.102,11.102,15.724917,0.0,78.8133,1014.12103,11.242317,13.246826
2025-01-21 18:30:00+00:00,22.902,9.902,15.912418,0.0,76.50419,1013.62915,5.860499,13.15971
2025-01-22 18:30:00+00:00,21.802,12.252,16.056168,1.7,73.5631,1015.3376,9.7336,14.292725
2025-01-23 18:30:00+00:00,20.602,10.502,14.637418,0.0,64.36913,1015.7,13.829114,17.381886
2025-01-24 18:30:00+00:00,20.352,9.102,13.785335,0.0,60.09434,1015.3042,13.094169,16.055353
2025-01-25 18:30:00+00:00,20.152,8.002,13.249917,0.0,61.596268,1014.8916,10.928779,14.517644
2025-01-26 18:30:00+00:00,20.302,7.352,13.081168,0.0,67.100105,1013.62506,9.532083,11.440978
2025-01-27 18:30:00+00:00,21.052,7.502,13.791584,0.0,66.62249,1013.1333,6.7007174,11.832176
2025-01-28 18:30:00+00:00,21.402,6.852,13.50825,0.0,81.58249,1014.48334,7.1583076,11.855429
2025-01-29 18:30:00+00:00,21.702,8.452,14.518666,0.0,84.799095,1011.4207,5.97891,9.292254
2025-01-30 18:30:00+00:00,23.102,10.252,15.927002,0.0,87.14805,1010.87067,3.5885353,6.8919086
2025-01-31 18:30:00+00:00,22.852,10.352,16.368668,0.0,81.968765,1012.99585,6.9934707,15.627897
2025-02-01 18:30:00+00:00,22.452,13.002,16.856165,0.0,78.55874,1015.4001,10.863572,13.403656
2025-02-02 18:30:00+00:00,22.052,10.552,15.639501,0.1,71.99145,1014.6333,7.706327,12.431733
2025-02-03 18:30:00+00:00,21.352,12.002,16.23325,1.2,81.79744,1014.6624,4.623858,7.5019197
2025-02-04 18:30:00+00:00,20.652,11.202,15.3895,0.1,71.62965,1015.74176,11.648721,15.910412
2025-02-05 18:30:00+00:00,20.352,10.852,14.664501,0.0,58.065334,1017.23755,16.30961,22.970285
2025-02-06 18:30:00+00:00,20.002,10.152,14.545751,0.0,55.23216,1017.1958,17.452875,22.433662
2025-02-07 18:30:00+00:00,21.902,10.802,15.516583,0.0,59.850464,1015.6834,13.196309,17.114204
2025-02-08 18:30:00+00:00,23.602,9.952,15.997834,0.0,66.46258,1014.6333,7.2678776,10.365251
2025-02-09 18:30:00+00:00,24.552,9.952,17.024918,0.0,72.17867,1013.9583,3.2062063,7.256032
2025-02-10 18:30:00+00:00,26.152,12.202,18.762417,0.0,66.79215,1013.22925,2.9632657,6.603817
2025-02-11 18:30:00+00:00,23.552,12.402,17.493666,0.0,63.38857,1014.52075,13.66734,17.982891
2025-02-12 18:30:00+00:00,22.202,11.052,16.504086,0.0,55.237423,1015.25,14.4845,17.974781
2025-02-13 18:30:00+00:00,23.002,11.102,16.706167,0.0,58.07079,1013.2166,12.237016,16.78156
2025-02-14 18:30:00+00:00,25.002,11.102,17.57075,0.0,63.11652,1010.6875,6.3354983,11.7827835
2025-02-15 18:30:00+00:00,24.002,11.202,17.799917,0.0,67.876595,1012.45416,4.142839,9.0
2025-02-16 18:30:00+00:00,24.952,14.552,19.149918,0.0,68.78794,1015.1624,3.8930857,8.9873905
2025-02-17 18:30:00+00:00,25.352,14.152,18.972834,0.3,64.79128,1014.62915,6.826345,12.330985
2025-02-18 18:30:00+00:00,25.952,13.102,18.887417,1.1,65.13733,1013.05,6.9709225,16.336426
2025-02-19 18:30:00+00:00,22.802,14.252,18.018667,2.7999997,78.20073,1013.7124,12.8227005,20.326454
2025-02-20 18:30:00+00:00,23.352,12.702,17.562418,0.0,79.49605,1016.90826,7.339087,12.108261
2025-02-21 18:30:00+00:00,22.852,12.602,17.018667,0.0,75.33178,1016.88336,11.390396,14.654254
2025-02-22 18:30:00+00:00,23.502,12.052,17.268667,0.0,71.74593,1017.6958,8.096449,10.495713
2025-02-23 18:30:00+00:00,24.702,11.702,17.774916,0.0,71.58689,1018.51245,6.4166484,8.699793
2025-02-24 18:30:00+00:00,25.752,13.302,19.272833,0.0,67.770355,1018.5793,2.3713639,4.7827187
2025-02-25 18:30:00+00:00,27.302,16.052,21.222834,0.0,71.5102,1018.1584,5.7938094,10.062305
2025-02-26 18:30:00+00:00,23.202,17.952,20.249918,0.2,74.21805,1015.30005,10.4754505,22.81957
2025-02-27 18:30:00+00:00,23.302,17.802,19.602003,3.2,79.753456,1011.9751,9.89302,15.176678
2025-02-28 18:30:00+00:00,24.602,14.502,19.283247,13.900001,83.21662,1013.1834,8.517547,18.29459
2025-03-01 18:30:00+00:00,24.652,14.602,18.843666,0.0,69.64323,1012.5791,11.164265,16.039202
2025-03-02 18:30:00+00:00,25.752,11.802,18.808252,0.0,63.99765,1011.5334,8.0003,13.246826
2025-03-03 18:30:00+00:00,24.152,15.302,19.193668,0.0,58.845257,1013.16656,15.475738,20.170443
2025-03-04 18:30:00+00:00,22.552,12.152,17.156168,0.0,46.794933,1014.5833,21.614677,28.260572
2025-03-05 18:30:00+00:00,25.852,12.902,18.768667,0.0,43.16128,1012.22504,12.580688,19.983242
2025-03-06 18:30:00+00:00,26.652,10.952,18.560337,0.0,54.076633,1010.55,6.4540024,10.233123
2025-03-07 18:30:00+00:00,27.952,13.652,20.33325,0.0,54.228184,1009.00006,8.733801,13.202726
2025-03-08 18:30:00+00:00,29.552,13.952,21.44575,0.0,55.67262,1012.01666,7.0838056,11.304229
2025-03-09 18:30:00+00:00,30.052,15.602,22.139503,0.0,60.758224,1015.2041,9.559934,15.782622
2025-03-10 18:30:00+00:00,31.552,16.952,23.408255,0.0,61.795513,1012.9583,4.2063355,9.600937
2025-03-11 18:30:00+00:00,30.452,17.802,23.658249,0.0,65.87247,1009.0959,10.038705,13.229693
2025-03-12 18:30:00+00:00,29.752,19.252,23.552,5.1,62.49666,1007.3958,6.5011954,18.733839
2025-03-13 18:30:00+00:00,32.401997,18.402,24.35408,0.0,55.68971,1008.34595,5.5926895,17.782688
2025-03-14 18:30:00+00:00,29.752,17.202,22.997833,0.0,61.034687,1010.1541,9.946082,18.040453
2025-03-15 18:30:00+00:00,28.052,17.002,21.860336,0.5,59.96838,1011.89166,10.640878,15.141414
2025-03-16 18:30:00+00:00,26.752,15.452,20.947832,0.0,56.17328,1012.8333,11.254882,16.848999
2025-03-17 18:30:00+00:00,27.802,14.652,20.937416,0.0,56.588116,1012.7458,10.230477,14.174356
2025-03-18 18:30:00+00:00,30.102,14.902,22.181168,0.0,51.947727,1013.3293,7.0961494,10.691453
2025-03-19 18:30:00+00:00,31.202,16.001999,23.349916,0.0,47.62379,1014.40424,7.211626,13.184308
2025-03-20 18:30:00+00:00,30.302,17.352,23.233252,0.0,41.275345,1013.98755,13.598186,18.968449
2025-03-21 18:30:00+00:00,30.502,16.452,23.127,0.1,39.452194,1012.7749,11.111669,17.02404
2025-03-22 18:30:00+00:00,31.152,16.352,23.541586,0.0,43.54941,1014.36255,3.317004,8.101999
2025-03-23 18:30:00+00:00,32.802,16.602,24.6895,0.0,39.78291,1013.4416,5.3651066,11.570515
2025-03-24 18:30:00+00:00,34.601997,16.502,25.291582,0.0,42.28104,1009.40826,5.2648854,12.991212
2025-03-25 18:30:00+00:00,36.601997,19.302,27.32492,0.0,35.260563,1006.35846,5.1237655,12.011544
2025-03-26 18:30:00+00:00,36.002,20.052,27.462418,0.0,35.73661,1006.1125,8.205428,15.15104
2025-03-27 18:30:00+00:00,30.402,19.602,24.65825,0.0,27.9355,1009.17084,17.759499,22.26841
2025-03-28 18:30:00+00:00,28.102,14.802,21.833252,0.0,24.673523,1010.1792,19.206886,24.604755
2025-03-29 18:30:00+00:00,30.752,16.001999,23.277002,0.0,26.212324,1010.5042,13.530022,17.23964
2025-03-30 18:30:00+00:00,32.851997,15.752,24.427002,0.0,25.768204,1010.57513,12.609685,15.782622
2025-03-31 18:30:00+00:00,32.752,16.602,25.062418,0.0,22.93941,1009.63745,12.258262,19.222954
2025-04-01 18:30:00+00:00,35.052,16.702,26.343666,0.0,23.727968,1010.19165,8.457765,12.74954
2025-04-02 18:30:00+00:00,36.601997,19.402,27.670752,0.0,21.461103,1010.69995,7.9029393,14.221139
2025-04-03 18:30:00+00:00,36.351997,21.602,28.262419,0.0,22.542322,1010.35815,6.0162697,14.082628
2025-04-04 18:30:00+00:00,34.601997,19.952,27.410334,0.0,26.50308,1008.5168,12.001479,16.135872
2025-04-05 18:30:00+00:00,37.401997,21.202,29.085335,0.0,26.15579,1006.52094,8.489673,11.709688
2025-04-06 18:30:00+00:00,39.351997,21.252,30.83742,0.0,25.047583,1007.4416,6.3482795,13.379461
2025-04-07 18:30:00+00:00,39.601997,22.002,31.002007,0.0,25.580118,1009.4001,7.871986,13.125196
2025-04-08 18:30:00+00:00,40.151997,23.652,31.818665,0.0,27.243658,1007.19995,8.759215,15.858398
2025-04-09 18:30:00+00:00,38.651997,24.102,30.677,0.0,30.678862,1003.06256,8.967441,24.257963
2025-04-10 18:30:00+00:00,34.002,22.302,27.122833,12.1,52.891262,1002.79156,13.48079,24.63897
2025-04-11 18:30:00+00:00,34.502,19.852,26.120752,1.3,53.377766,1006.07074,6.4699287,18.417263
2025-04-12 18:30:00+00:00,35.702,19.802,28.106169,0.0,41.63812,1007.8083,5.826754,10.234705
2025-04-13 18:30:00+00:00,35.901997,21.502,28.983252,0.0,38.68913,1007.86237,6.9861627,13.218668
2025-04-14 18:30:00+00:00,36.802,22.502,29.756165,0.0,38.082214,1008.18744,7.008745,13.767352
2025-04-15 18:30:00+00:00,37.901997,23.202,30.699915,0.0,36.261654,1006.54565,7.0533676,13.609951
2025-04-16 18:30:00+00:00,40.651997,23.402,31.843668,0.0,34.321064,1003.7207,9.58358,16.04526
2025-04-17 18:30:00+00:00,40.901997,22.852,32.074917,0.0,40.929142,1002.1375,8.304484,25.70032
2025-04-18 18:30:00+00:00,40.351997,26.002,32.274918,0.0,40.830933,1002.5916,13.4474,22.963936
2025-04-19 18:30:00+00:00,40.601997,24.902,32.429085,0.0,36.534428,1002.91254,8.253095,13.752047
2025-04-20 18:30:00+00:00,40.601997,24.402,32.183254,0.0,20.126015,1005.9416,9.95783,17.244337
2025-04-21 18:30:00+00:00,39.252,23.352,31.206167,0.0,11.246732,1007.48755,12.531864,15.299999
2025-04-22 18:30:00+00:00,39.101997,23.002,30.826998,0.0,12.112732,1005.2124,11.721237,15.618566
2025-04-23 18:30:00+00:00,40.351997,22.902,31.585335,0.0,11.124428,1002.7459,10.36342,16.712881
2025-04-24 18:30:00+00:00,41.252,21.552,31.983252,0.0,13.45025,1003.5999,7.779917,14.378608
2025-04-25 18:30:00+00:00,40.302,23.602,32.549915,0.0,15.03117,1003.6958,8.618139,17.363237
2025-04-26 18:30:00+00:00,40.052,24.902,32.439503,0.0,17.220413,1004.75415,7.8547425,16.928614
2025-04-27 18:30:00+00:00,40.952,23.402,32.260334,0.0,20.869112,1003.3542,9.489408,20.94507
2025-04-28 18:30:00+00:00,38.151997,24.202,30.904089,0.0,34.40866,1004.4209,11.541589,18.079027
2025-04-29 18:30:00+00:00,36.552,24.752,30.843668,0.0,36.679356,1006.1916,9.876531,15.027575
2025-04-30 18:30:00+00:00,37.752,24.752,31.4395,0.0,36.446793,1006.97925,10.4279175,16.801823
2025-05-01 18:30:00+00:00,31.202,21.902,26.54158,12.9,60.999344,1008.5959,8.948221,16.546299
2025-05-02 18:30:00+00:00,34.401997,22.152,28.054085,0.2,54.515766,1005.77924,7.221334,16.580532
2025-05-03 18:30:00+00:00,34.901997,22.352,29.06867,0.3,49.101505,1003.7917,6.054704,13.88919
2025-05-04 18:30:00+00:00,36.202,24.002,29.147833,0.0,52.251423,1004.8374,9.624741,20.05203
2025-05-05 18:30:00+00:00,34.601997,22.402,28.172836,0.2,55.400845,1005.11664,9.35255,20.176065
2025-05-06 18:30:00+00:00,34.802,24.052,28.381166,0.8,55.011784,1004.6501,10.469085,17.438646
2025-05-07 18:30:00+00:00,34.901997,23.702,28.568666,2.5,57.042988,1004.875,7.342789,16.069473
2025-05-08 18:30:00+00:00,35.952,24.052,29.949915,0.0,51.031162,1005.8833,7.0560036,12.661564
2025-05-09 18:30:00+00:00,37.202,25.452,30.256166,0.7,51.340504,1005.45844,4.494506,13.523978
2025-05-10 18:30:00+00:00,38.002,24.802,31.8145,0.0,43.155136,1003.85834,8.42397,18.731247
2025-05-11 18:30:00+00:00,39.302,25.202,32.293667,0.0,34.34875,1002.57916,8.752315,15.292585
2025-05-12 18:30:00+00:00,40.802,26.102,33.047832,0.0,29.215715,1002.54156,11.54924,19.75905
2025-05-13 18:30:00+00:00,40.401997,27.052,32.972836,0.0,28.737036,1002.5916,10.375381,15.589497
2025-05-14 18:30:00+00:00,40.752,25.152,32.91242,0.0,29.995947,1002.54987,8.489599,13.356437
2025-05-15 18:30:00+00:00,41.702,27.002,33.597836,0.0,29.964684,1001.6917,13.591376,26.921886
2025-05-16 18:30:00+00:00,41.202,27.552,33.777004,0.0,33.84296,1001.1209,12.965375,21.9718
2025-05-17 18:30:00+00:00,41.452,27.352,34.07075,0.0,36.122124,1001.01245,12.874439,18.775301
2025-05-18 18:30:00+00:00,40.202,25.352,32.6395,0.0,51.28403,1001.3084,7.673054,15.236338
2025-05-19 18:30:00+00:00,42.401997,26.052,33.220753,0.0,50.599644,999.45844,8.521411,17.548845
2025-05-20 18:30:00+00:00,40.702,26.252,33.37908,0.0,49.59759,1000.08746,9.073091,23.777039
2025-05-21 18:30:00+00:00,36.452,25.402,31.066584,0.0,56.185913,1001.10834,12.677361,19.357325
2025-05-22 18:30:00+00:00,37.401997,26.202,31.795752,0.0,52.397434,999.36664,14.006539,17.725203
2025-05-23 18:30:00+00:00,37.502,27.602,32.668667,0.6,51.274918,999.6292,15.069808,20.771093
2025-05-24 18:30:00+00:00,35.252,23.052,29.595755,0.2,58.15732,1002.6999,10.876526,19.470808
2025-05-25 18:30:00+00:00,36.351997,24.552,30.216583,1.4000001,61.714508,1001.69165,7.2179494,14.275713
2025-05-26 18:30:00+00:00,36.401997,26.302,31.38325,0.0,59.5851,999.05005,5.9634566,10.449306
2025-05-27 18:30:00+00:00,37.901997,26.402,32.343666,0.0,56.812973,997.65424,4.6472487,8.101999
2025-05-28 18:30:00+00:00,38.702,26.802,32.927002,0.0,51.71178,995.59576,6.5453,11.503113
2025-05-29 18:30:00+00:00,36.302,27.152,31.281166,0.0,48.716084,995.125,6.0745616,13.864674
2025-05-30 18:30:00+00:00,38.651997,26.702,31.460337,0.5,46.077404,997.20825,7.291222,20.719555
2025-05-31 18:30:00+00:00,37.002,25.052,30.21242,1.5,53.281834,998.49585,12.006535,24.76227
2025-06-01 18:30:00+00:00,36.101997,25.902,30.529083,0.0,45.725998,998.39166,9.064605,15.367616
2025-06-02 18:30:00+00:00,33.552,24.552,28.366585,0.0,56.12294,1000.7166,6.725979,11.9317045
2025-06-03 18:30:00+00:00,34.752,23.552,27.695753,1.4,59.994244,1003.53754,5.680561,18.258247
2025-06-04 18:30:00+00:00,35.151997,22.952,28.968666,0.0,52.393223,1006.21246,3.6548312,7.613382
2025-06-05 18:30:00+00:00,35.952,24.352,30.497831,0.0,48.075848,1005.2458,5.7921066,9.939196
2025-06-06 18:30:00+00:00,38.901997,25.052,31.952002,0.0,48.877567,1003.36255,6.315992,10.390226
2025-06-07 18:30:00+00:00,40.702,26.702,33.61867,0.0,45.306087,1001.46246,6.3895073,9.587428
2025-06-08 18:30:00+00:00,41.002,27.652,34.374916,0.0,34.559807,999.7583,12.6190405,17.186935
2025-06-09 18:30:00+00:00,40.552,28.952,34.08117,0.0,32.003105,999.03754,11.481944,19.206936
2025-06-10 18:30:00+00:00,41.002,27.102,33.968662,0.0,38.158096,999.38336,11.077085,16.521803
2025-06-11 18:30:00+00:00,40.452,27.602,34.0895,0.0,53.077164,999.37494,6.8980107,12.525207
2025-06-12 18:30:00+00:00,40.052,28.752,34.17492,0.0,54.559628,1000.02075,9.54956,14.584445
2025-06-13 18:30:00+00:00,39.702,28.252,33.70825,0.0,56.776203,998.33325,5.9455304,8.9873905
2025-06-14 18:30:00+00:00,37.401997,28.352,32.629086,0.0,58.66553,997.18744,8.972664,14.64209
2025-06-15 18:30:00+00:00,33.052,25.852,29.481169,12.100001,77.04876,998.3584,7.039772,17.975681
2025-06-16 18:30:00+00:00,35.502,25.602,29.72909,12.499999,77.92524,998.7917,7.8846145,12.886039
2025-06-17 18:30:00+00:00,34.151997,25.052,29.558256,1.0,71.87144,997.62915,7.216741,10.34178
2025-06-18 18:30:00+00:00,33.601997,27.302,30.072836,0.5,74.07877,996.15826,9.343932,14.01806
2025-06-19 18:30:00+00:00,32.502,25.152,29.041586,4.6999993,81.3067,998.62915,9.683721,13.954354
2025-06-20 18:30:00+00:00,35.401997,26.252,30.781168,0.1,74.41273,999.2625,6.7423058,10.248941
2025-06-21 18:30:00+00:00,35.702,27.452,31.46242,0.3,69.643684,998.3708,6.7586193,11.892265
2025-06-22 18:30:00+00:00,35.752,27.402,31.126999,0.90000004,72.95655,996.41656,5.409845,9.54
2025-06-23 18:30:00+00:00,35.552,26.852,30.902002,0.90000004,76.494125,995.7541,5.6159215,9.422101
2025-06-24 18:30:00+00:00,33.452,26.852,29.983253,2.6999996,79.71148,998.50415,10.618047,14.799459
2025-06-25 18:30:00+00:00,35.052,25.902,31.02283,19.2,72.364204,1000.1999,10.870114,14.178928
2025-06-26 18:30:00+00:00,34.252,27.802,30.702003,2.2999997,72.29972,999.4832,8.920131,12.710091
2025-06-27 18:30:00+00:00,35.252,25.352,30.67492,9.000001,73.995125,998.39996,4.7182703,9.627896
2025-06-28 18:30:00+00:00,33.502,26.302,29.877005,6.8999996,75.5653,996.17505,7.2470264,18.193361
2025-06-29 18:30:00+00:00,32.601997,25.202,28.220749,16.6,83.195244,997.4292,5.874069,13.339445
2025-06-30 18:30:00+00:00,33.452,25.452,29.04158,4.1,80.50091,998.2126,5.570776,12.193588
2025-07-01 18:30:00+00:00,33.702,26.802,30.014502,1.1,78.53356,998.0666,7.7087092,13.202726
2025-07-02 18:30:00+00:00,34.151997,25.552,30.197838,1.7,76.38477,998.5749,8.380531,12.768586
2025-07-03 18:30:00+00:00,34.452,26.302,30.437414,2.3,77.61767,998.76245,6.166422,10.387107
2025-07-04 18:30:00+00:00,35.151997,26.302,30.73742,2.6,77.360596,997.675,4.174441,8.085988
2025-07-05 18:30:00+00:00,34.752,26.152,30.389503,12.2,78.30398,997.4375,5.4971814,9.82114
2025-07-06 18:30:00+00:00,33.952,25.752,29.060333,4.6000004,81.264984,998.4333,3.8321855,11.525623
2025-07-07 18:30:00+00:00,34.252,26.302,30.737417,0.5,73.97625,998.47076,6.4997334,14.021525
2025-07-08 18:30:00+00:00,32.601997,27.452,29.729082,1.6,76.76415,999.675,6.8732,13.954354
2025-07-09 18:30:00+00:00,29.952,25.552,27.099922,5.7000003,89.05975,1001.89996,4.429157,8.297589
2025-07-10 18:30:00+00:00,31.052,25.352,27.833246,2.4,84.16433,1001.34174,3.258321,8.863972
2025-07-11 18:30:00+00:00,33.752,25.752,29.429085,0.4,75.779335,1000.9417,4.8154755,13.934604
2025-07-12 18:30:00+00:00,32.401997,25.202,27.985334,27.099997,86.73861,1000.8875,6.635618,14.330079
2025-07-13 18:30:00+00:00,31.202,25.452,28.01867,12.799999,83.91324,998.66254,16.537588,23.913593
2025-07-14 18:30:00+00:00,32.151997,25.302,28.147837,6.8,83.0967,998.2751,16.05212,22.798264
2025-07-15 18:30:00+00:00,32.651997,25.652,28.847832,2.9,83.12982,999.9126,8.959235,12.193589
2025-07-16 18:30:00+00:00,31.352,26.002,28.362421,3.5999997,81.821106,1002.0041,9.711367,16.824945
2025-07-17 18:30:00+00:00,31.402,25.852,28.254084,6.3999996,80.208015,1000.0752,17.61459,27.067715
2025-07-18 18:30:00+00:00,32.702,25.752,29.027,0.5,75.5827,998.08344,15.357521,20.381372
2025-07-19 18:30:00+00:00,34.552,25.502,29.770752,0.0,73.31619,998.36255,6.26964,9.847496
2025-07-20 18:30:00+00:00,30.852,26.202,28.385336,0.70000005,80.44528,1000.7542,4.7655272,8.53815
2025-07-21 18:30:00+00:00,33.851997,25.402,29.420748,0.1,77.721016,999.3084,5.2227144,11.966953
2025-07-22 18:30:00+00:00,32.702,27.102,29.043669,10.300001,82.79366,996.59576,5.430967,11.9140415
2025-07-23 18:30:00+00:00,34.702,25.602,30.299917,1.0,73.714424,995.4541,8.889926,13.060857
2025-07-24 18:30:00+00:00,35.302,26.552,31.014498,0.0,72.00869,994.9915,8.855075,14.20062
2025-07-25 18:30:00+00:00,33.601997,26.652,29.937416,0.8000001,81.10158,996.23334,3.3547027,7.3094187
2025-07-26 18:30:00+00:00,33.752,27.352,30.474916,1.2,78.23807,996.07074,7.62972,14.769874
2025-07-27 18:30:00+00:00,34.601997,26.952,30.722834,0.0,76.09017,996.3042,4.455364,9.761578
2025-07-28 18:30:00+00:00,32.101997,26.902,28.824919,12.799999,86.162895,997.2666,4.1932044,9.335737
2025-07-29 18:30:00+00:00,30.902,26.202,27.77283,13.200001,89.69457,998.05817,7.2605205,10.765445
2025-07-30 18:30:00+00:00,30.952,25.052,27.174917,24.000002,90.53736,998.95844,5.137399,10.316686
2025-07-31 18:30:00+00:00,32.502,25.352,28.27284,13.8,85.58036,999.8499,5.0700393,16.774803
2025-08-01 18:30:00+00:00,32.952,26.052,29.418669,0.4,75.65559,1000.1333,8.732348,14.401124
2025-08-02 18:30:00+00:00,33.601997,26.302,29.687418,1.2,75.77519,1001.32495,10.191873,14.84318
2025-08-03 18:30:00+00:00,29.902,26.802,28.504087,0.4,79.36165,1002.7708,10.015035,19.64063
2025-08-04 18:30:00+00:00,31.802,26.252,28.437422,4.6,80.59135,1002.89996,9.383118,16.024044
2025-08-05 18:30:00+00:00,32.802,26.002,28.9895,1.8000001,77.47069,1003.3833,7.074899,11.892265
2025-08-06 18:30:00+00:00,33.901997,26.252,29.96242,0.0,69.59722,1002.04156,11.176242,15.410774
2025-08-07 18:30:00+00:00,33.802,26.902,30.151999,0.0,68.653786,1003.01654,9.272351,17.176563
2025-08-08 18:30:00+00:00,30.752,25.852,27.931173,5.7,82.64394,1005.31256,6.3395915,11.91948
2025-08-09 18:30:00+00:00,32.702,25.652,29.041586,1.3,78.85287,1003.80817,5.7172604,9.92778
2025-08-10 18:30:00+00:00,34.101997,26.652,29.722832,0.9000001,76.206085,1002.4915,9.768996,15.188415
2025-08-11 18:30:00+00:00,33.202,26.502,29.083252,3.8,81.002144,1001.84595,6.2381806,10.8015
2025-08-12 18:30:00+00:00,33.651997,27.002,30.229082,0.0,73.255,1000.84155,6.428407,10.759423
2025-08-13 18:30:00+00:00,29.352,26.052,27.529083,12.300001,88.28082,1003.6501,5.583748,10.1456785
2025-08-14 18:30:00+00:00,31.752,25.152,28.258253,2.5,85.91803,1002.47504,4.459738,7.7400002
2025-08-15 18:30:00+00:00,31.252,25.752,28.78325,8.200001,86.11139,1001.2249,5.602321,8.320986
2025-08-16 18:30:00+00:00,32.151997,26.952,29.156164,1.7,85.027,1002.09576,8.205074,12.232057
2025-08-17 18:30:00+00:00,32.101997,26.602,29.106165,8.600001,83.716606,1003.62506,10.3120985,15.151039
2025-08-18 18:30:00+00:00,31.852,26.102,28.956163,9.900001,83.336,1002.2917,8.845281,17.081041
2025-08-19 18:30:00+00:00,32.651997,26.302,29.181168,5.599999,79.40437,1001.6042,11.112088,15.890034
2025-08-20 18:30:00+00:00,32.651997,24.752,28.677,19.000004,82.65458,1001.8667,8.150443,15.25865
2025-08-21 18:30:00+00:00,32.302,25.152,28.618666,10.700002,86.17698,999.77496,4.1077094,9.793059
2025-08-22 18:30:00+00:00,32.002,24.952,27.722834,4.3999996,88.23191,999.5916,6.276957,12.886039
2025-08-23 18:30:00+00:00,31.502,24.652,27.10617,14.099999,88.86883,1000.46246,8.977735,17.82727
2025-08-24 18:30:00+00:00,28.902,24.302,26.054085,21.699999,92.51401,999.8,11.538951,16.50218
2025-08-25 18:30:00+00:00,30.002,24.652,26.891586,28.500006,90.64423,1002.3665,11.639369,18.072752
2025-08-26 18:30:00+00:00,32.502,25.152,28.41242,0.9000001,87.36316,1002.3459,6.22398,9.187056
2025-08-27 18:30:00+00:00,32.502,25.352,28.8145,2.2000003,86.434845,1001.7917,6.117262,10.8015
2025-08-28 18:30:00+00:00,31.752,25.102,28.18325,13.100001,87.83396,1002.9375,9.5481825,13.413321
2025-08-29 18:30:00+00:00,31.952,25.652,28.379087,1.5000001,84.18534,1004.5083,9.588758,15.646544
2025-08-30 18:30:00+00:00,29.752,24.252,26.741587,35.600002,91.118164,1002.72925,9.208704,14.197196
2025-08-31 18:30:00+00:00,,,,,,,,
2025-09-01 18:30:00+00:00,,,,,,,,
